[2026-09-27 09:21:16] [INFO] [Orchestrator] 📋 Registering agents...
[2026-09-27 09:21:16] [INFO] [Orchestrator]   ✓ bitcoin-price-monitor
[2026-09-27 09:21:16] [INFO] [Orchestrator]   ✓ portfolio-tracker
[2026-09-27 09:21:16] [INFO] [Orchestrator]   ✓ pump-dump-detector
[2026-09-27 09:21:16] [INFO] [Orchestrator]   ✓ dca-bot
[2026-09-27 09:21:16] [INFO] [Orchestrator]   ✓ news-monitor
[2026-09-27 09:21:16] [INFO] [Orchestrator]   ✓ technical-analysis
[2026-09-27 09:21:16] [INFO] [Orchestrator]   ✓ risk-management
[2026-09-27 09:21:16] [INFO] [Orchestrator]   ✓ grid-trading-bot
[2026-09-27 09:21:16] [INFO] [Orchestrator]   ✓ momentum-trader
[2026-09-27 09:21:16] [INFO] [Orchestrator]   ✓ mean-reversion-bot
[2026-09-27 09:21:16] [INFO] [Orchestrator]   ✓ arbitrage-bot
[2026-09-27 09:21:16] [INFO] [Orchestrator]   ✓ scalping-bot
[2026-09-27 09:21:16] [INFO] [Orchestrator]   ✓ volatility-trader
[2026-09-27 09:21:16] [INFO] [Orchestrator]   ✓ support-resistance-bot
[2026-09-27 09:21:16] [INFO] [Orchestrator]   ✓ correlation-trader
[2026-09-27 09:21:16] [INFO] [Orchestrator]   ✓ bollinger-bands-bot
[2026-09-27 09:21:16] [INFO] [Orchestrator]   ✓ macd-trader
[2026-09-27 09:21:16] [INFO] [Orchestrator]   ✓ rsi-bot
[2026-09-27 09:21:16] [INFO] [Orchestrator]   ✓ volume-profile-bot
[2026-09-27 09:21:16] [INFO] [Orchestrator]   ✓ sentiment-analyzer
[2026-09-27 09:21:16] [INFO] [Orchestrator] ✅ Registered 20 agents
[2026-09-27 09:21:16] [INFO] [PersonalTrading] ═══════════════════════════════════════════
[2026-09-27 09:21:16] [INFO] [PersonalTrading] 🤖 PERSONAL TRADING SYSTEM
[2026-09-27 09:21:16] [INFO] [PersonalTrading] ═══════════════════════════════════════════
[2026-09-27 09:21:16] [INFO] [PersonalTrading] 💰 Capital: $50
[2026-09-27 09:21:16] [INFO] [PersonalTrading] 📊 Mode: personal
[2026-09-27 09:21:16] [INFO] [PersonalTrading] 🌐 Environment: 🧪 TESTNET (FAKE MONEY)
[2026-09-27 09:21:16] [INFO] [PersonalTrading] ⚖️  Max Risk Per Trade: 2.0%
[2026-09-27 09:21:16] [INFO] [PersonalTrading] 📈 Max Position Size: 10.0%
[2026-09-27 09:21:16] [INFO] [PersonalTrading] 
[2026-09-27 09:21:16] [INFO] [PersonalTrading] 
[2026-09-27 09:21:16] [INFO] [Orchestrator] 🚀 Starting Orchestrator...
[2026-09-27 09:21:16] [INFO] [Orchestrator] ▶️  Running: bitcoin-price-monitor
[2026-09-27 09:21:16] [INFO] [Agent] 🚀 Starting execution...
[2026-09-27 09:21:16] [INFO] [Agent] Fetching Bitcoin price...
[2026-09-27 09:21:16] [INFO] [Orchestrator] ▶️  Running: portfolio-tracker
[2026-09-27 09:21:16] [INFO] [Agent] 🚀 Starting execution...
[2026-09-27 09:21:16] [INFO] [Agent] Tracking portfolio with 3 holdings...
[2026-09-27 09:21:16] [INFO] [Orchestrator] ▶️  Running: pump-dump-detector
[2026-09-27 09:21:16] [INFO] [Agent] 🚀 Starting execution...
[2026-09-27 09:21:16] [INFO] [Agent] Scanning 4 coins for pump/dump patterns...
[2026-09-27 09:21:16] [INFO] [Orchestrator] ▶️  Running: dca-bot
[2026-09-27 09:21:16] [INFO] [Agent] 🚀 Starting execution...
[2026-09-27 09:21:16] [INFO] [Agent] 🤖 DCA Bot: Starting automated purchases...
[2026-09-27 09:21:16] [INFO] [Orchestrator] ▶️  Running: news-monitor
[2026-09-27 09:21:16] [INFO] [Agent] 🚀 Starting execution...
[2026-09-27 09:21:16] [INFO] [Agent] 📰 News Monitor: Starting news scan...
[2026-09-27 09:21:16] [INFO] [Orchestrator] ▶️  Running: technical-analysis
[2026-09-27 09:21:16] [INFO] [Agent] 🚀 Starting execution...
[2026-09-27 09:21:16] [INFO] [Agent] 📈 Technical Analysis: Analyzing price movements...
[2026-09-27 09:21:16] [INFO] [Orchestrator] ▶️  Running: risk-management
[2026-09-27 09:21:16] [INFO] [Agent] 🚀 Starting execution...
[2026-09-27 09:21:16] [INFO] [Agent] 🎯 Risk Management: Analyzing portfolio risk...
[2026-09-27 09:21:16] [INFO] [Orchestrator] ▶️  Running: grid-trading-bot
[2026-09-27 09:21:16] [INFO] [Agent] 🚀 Starting execution...
[2026-09-27 09:21:16] [INFO] [Agent] 📊 Grid Trading Bot: Checking grid positions...
[2026-09-27 09:21:16] [INFO] [Agent] 🚀 Initializing default grid positions...
[2026-09-27 09:21:16] [INFO] [Agent] ✅ Added grid position: BTCUSDT | 10 levels | $42000.00 - $44000.00
[2026-09-27 09:21:16] [INFO] [Agent] ✅ Added grid position: ETHUSDT | 8 levels | $2200.00 - $2400.00
[2026-09-27 09:21:16] [INFO] [Agent] ✅ Default positions initialized and ready for trading
[2026-09-27 09:21:16] [INFO] [Orchestrator] ▶️  Running: momentum-trader
[2026-09-27 09:21:16] [INFO] [Agent] 🚀 Starting execution...
[2026-09-27 09:21:16] [INFO] [Agent] 🚀 Momentum Trader: Scanning for momentum signals...
[2026-09-27 09:21:16] [INFO] [Orchestrator] ▶️  Running: mean-reversion-bot
[2026-09-27 09:21:16] [INFO] [Agent] 🚀 Starting execution...
[2026-09-27 09:21:16] [INFO] [Agent] 📊 Mean Reversion Bot: Scanning for reversion opportunities...
[2026-09-27 09:21:16] [INFO] [Orchestrator] ▶️  Running: arbitrage-bot
[2026-09-27 09:21:16] [INFO] [Agent] 🚀 Starting execution...
[2026-09-27 09:21:16] [INFO] [Agent] 🔄 Arbitrage Bot: Scanning for price discrepancies...
[2026-09-27 09:21:16] [INFO] [Orchestrator] ▶️  Running: scalping-bot
[2026-09-27 09:21:16] [INFO] [Agent] 🚀 Starting execution...
[2026-09-27 09:21:16] [INFO] [Agent] ⚡ Scalping Bot: Executing micro-trades...
[2026-09-27 09:21:16] [INFO] [Orchestrator] ▶️  Running: volatility-trader
[2026-09-27 09:21:16] [INFO] [Agent] 🚀 Starting execution...
[2026-09-27 09:21:16] [INFO] [Agent] 📈 Volatility Trader: Analyzing price swings...
[2026-09-27 09:21:16] [INFO] [Orchestrator] ▶️  Running: support-resistance-bot
[2026-09-27 09:21:16] [INFO] [Agent] 🚀 Starting execution...
[2026-09-27 09:21:16] [INFO] [Agent] 📊 Support/Resistance Bot: Analyzing technical levels...
[2026-09-27 09:21:16] [INFO] [Orchestrator] ▶️  Running: correlation-trader
[2026-09-27 09:21:16] [INFO] [Agent] 🚀 Starting execution...
[2026-09-27 09:21:16] [INFO] [Agent] 🔗 Correlation Trader: Analyzing asset correlations...
[2026-09-27 09:21:16] [INFO] [Orchestrator] ▶️  Running: bollinger-bands-bot
[2026-09-27 09:21:16] [INFO] [Agent] 🚀 Starting execution...
[2026-09-27 09:21:16] [INFO] [Agent] Scanning 5 pairs for Bollinger Bands signals...
[2026-09-27 09:21:16] [INFO] [Orchestrator] ▶️  Running: macd-trader
[2026-09-27 09:21:16] [INFO] [Agent] 🚀 Starting execution...
[2026-09-27 09:21:16] [INFO] [Agent] Scanning 5 pairs for MACD signals...
[2026-09-27 09:21:16] [INFO] [Orchestrator] ▶️  Running: rsi-bot
[2026-09-27 09:21:16] [INFO] [Agent] 🚀 Starting execution...
[2026-09-27 09:21:16] [INFO] [Agent] Scanning 5 pairs for RSI signals...
[2026-09-27 09:21:16] [INFO] [Orchestrator] ▶️  Running: volume-profile-bot
[2026-09-27 09:21:16] [INFO] [Agent] 🚀 Starting execution...
[2026-09-27 09:21:16] [INFO] [Agent] Scanning 5 pairs for volume profile signals...
[2026-09-27 09:21:16] [INFO] [Orchestrator] ▶️  Running: sentiment-analyzer
[2026-09-27 09:21:16] [INFO] [Agent] 🚀 Starting execution...
[2026-09-27 09:21:16] [INFO] [Agent] Analyzing sentiment for 5 cryptocurrencies...
[2026-09-27 09:21:16] [INFO] [Orchestrator] 🎯 [risk-management] Portfolio risk update {
  "totalValue": 0,
  "volatility": 0,
  "maxDrawdown": 0,
  "sharpeRatio": -20,
  "var95": 0,
  "recommendationCount": 0
}
[2026-09-27 09:21:16] [INFO] [Agent] 📊 [TESTNET DEMO] Using mock prices for grid trading simulation
[2026-09-27 09:21:16] [WARN] [Agent] 📈 BULLISH: XRP: BULLISH sentiment (32% confidence, 2 bullish, 1 bearish)
[2026-09-27 09:21:16] [INFO] [Agent] ✅ Risk Management: Analysis complete
[2026-09-27 09:21:16] [INFO] [BinanceAPI] 📤 Placing BUY order: 0.0011627906976744186 BTCUSDT @ 43000
[2026-09-27 09:21:16] [INFO] [Agent] ✅ Execution completed in 25ms
(node:47968) [DEP0205] DeprecationWarning: `module.register()` is deprecated. Use `module.registerHooks()` instead.
(Use `node --trace-deprecation ...` to show where the warning was created)
[2026-09-27 09:21:16] [INFO] [DashboardServer] 🎯 Dashboard Server running at http://localhost:3000
[2026-09-27 09:21:16] [INFO] [DashboardServer] 📊 Streaming agent metrics and events in real-time
[2026-09-27 09:21:17] [ERROR] [Database] Insert into agent_results failed {
  "error": "database \"agents\" does not exist",
  "stack": "error: database \"agents\" does not exist\n    at /Users/aliasgarfatepurwala/agent-system/node_modules/pg-pool/index.js:45:11\n    at processTicksAndRejections (node:internal/process/task_queues:104:5)\n    at Database.insert (/Users/aliasgarfatepurwala/agent-system/src/database.ts:169:22)\n    at RiskManagement.saveResult (/Users/aliasgarfatepurwala/agent-system/src/base-agent.ts:209:7)\n    at RiskManagement.run (/Users/aliasgarfatepurwala/agent-system/src/base-agent.ts:117:7)\n    at Orchestrator.runAgent (/Users/aliasgarfatepurwala/agent-system/src/orchestrator.ts:296:22)\n    at async Promise.allSettled (index 6)\n    at Orchestrator.runAllAgents (/Users/aliasgarfatepurwala/agent-system/src/orchestrator.ts:271:5)\n    at Orchestrator.start (/Users/aliasgarfatepurwala/agent-system/src/orchestrator.ts:252:5)\n    at startPersonalTrading (/Users/aliasgarfatepurwala/agent-system/src/personal-trading.ts:33:5)"
}
[2026-09-27 09:21:17] [ERROR] [Agent] Failed to save result to database {
  "error": "database \"agents\" does not exist",
  "stack": "error: database \"agents\" does not exist\n    at /Users/aliasgarfatepurwala/agent-system/node_modules/pg-pool/index.js:45:11\n    at processTicksAndRejections (node:internal/process/task_queues:104:5)\n    at Database.insert (/Users/aliasgarfatepurwala/agent-system/src/database.ts:169:22)\n    at RiskManagement.saveResult (/Users/aliasgarfatepurwala/agent-system/src/base-agent.ts:209:7)\n    at RiskManagement.run (/Users/aliasgarfatepurwala/agent-system/src/base-agent.ts:117:7)\n    at Orchestrator.runAgent (/Users/aliasgarfatepurwala/agent-system/src/orchestrator.ts:296:22)\n    at async Promise.allSettled (index 6)\n    at Orchestrator.runAllAgents (/Users/aliasgarfatepurwala/agent-system/src/orchestrator.ts:271:5)\n    at Orchestrator.start (/Users/aliasgarfatepurwala/agent-system/src/orchestrator.ts:252:5)\n    at startPersonalTrading (/Users/aliasgarfatepurwala/agent-system/src/personal-trading.ts:33:5)"
}
[2026-09-27 09:21:17] [INFO] [Orchestrator] ✅ risk-management completed in 121ms
[2026-09-27 09:21:17] [ERROR] [Database] Insert into events failed {
  "error": "database \"agents\" does not exist",
  "stack": "error: database \"agents\" does not exist\n    at /Users/aliasgarfatepurwala/agent-system/node_modules/pg-pool/index.js:45:11\n    at processTicksAndRejections (node:internal/process/task_queues:104:5)\n    at Database.insert (/Users/aliasgarfatepurwala/agent-system/src/database.ts:169:22)\n    at Database.publishEvent (/Users/aliasgarfatepurwala/agent-system/src/database.ts:198:7)\n    at SentimentAnalyzer.publishEvent (/Users/aliasgarfatepurwala/agent-system/src/base-agent.ts:181:7)\n    at SentimentAnalyzer.execute (/Users/aliasgarfatepurwala/agent-system/src/agents/sentiment-analyzer.ts:73:11)\n    at SentimentAnalyzer.run (/Users/aliasgarfatepurwala/agent-system/src/base-agent.ts:98:20)\n    at Orchestrator.runAgent (/Users/aliasgarfatepurwala/agent-system/src/orchestrator.ts:296:22)\n    at async Promise.allSettled (index 19)\n    at Orchestrator.runAllAgents (/Users/aliasgarfatepurwala/agent-system/src/orchestrator.ts:271:5)"
}
[2026-09-27 09:21:17] [ERROR] [Database] Publish event failed {
  "error": "database \"agents\" does not exist",
  "stack": "error: database \"agents\" does not exist\n    at /Users/aliasgarfatepurwala/agent-system/node_modules/pg-pool/index.js:45:11\n    at processTicksAndRejections (node:internal/process/task_queues:104:5)\n    at Database.insert (/Users/aliasgarfatepurwala/agent-system/src/database.ts:169:22)\n    at Database.publishEvent (/Users/aliasgarfatepurwala/agent-system/src/database.ts:198:7)\n    at SentimentAnalyzer.publishEvent (/Users/aliasgarfatepurwala/agent-system/src/base-agent.ts:181:7)\n    at SentimentAnalyzer.execute (/Users/aliasgarfatepurwala/agent-system/src/agents/sentiment-analyzer.ts:73:11)\n    at SentimentAnalyzer.run (/Users/aliasgarfatepurwala/agent-system/src/base-agent.ts:98:20)\n    at Orchestrator.runAgent (/Users/aliasgarfatepurwala/agent-system/src/orchestrator.ts:296:22)\n    at async Promise.allSettled (index 19)\n    at Orchestrator.runAllAgents (/Users/aliasgarfatepurwala/agent-system/src/orchestrator.ts:271:5)"
}
[2026-09-27 09:21:17] [INFO] [Agent] ✅ Sentiment analysis complete: Analyzed 1 symbols
[2026-09-27 09:21:17] [INFO] [Agent] ✅ Execution completed in 100ms
[2026-09-27 09:21:17] [ERROR] [Database] Insert into agent_results failed {
  "error": "database \"agents\" does not exist",
  "stack": "error: database \"agents\" does not exist\n    at /Users/aliasgarfatepurwala/agent-system/node_modules/pg-pool/index.js:45:11\n    at processTicksAndRejections (node:internal/process/task_queues:104:5)\n    at Database.insert (/Users/aliasgarfatepurwala/agent-system/src/database.ts:169:22)\n    at SentimentAnalyzer.saveResult (/Users/aliasgarfatepurwala/agent-system/src/base-agent.ts:209:7)\n    at SentimentAnalyzer.run (/Users/aliasgarfatepurwala/agent-system/src/base-agent.ts:117:7)\n    at Orchestrator.runAgent (/Users/aliasgarfatepurwala/agent-system/src/orchestrator.ts:296:22)\n    at async Promise.allSettled (index 19)\n    at Orchestrator.runAllAgents (/Users/aliasgarfatepurwala/agent-system/src/orchestrator.ts:271:5)\n    at Orchestrator.start (/Users/aliasgarfatepurwala/agent-system/src/orchestrator.ts:252:5)\n    at startPersonalTrading (/Users/aliasgarfatepurwala/agent-system/src/personal-trading.ts:33:5)"
}
[2026-09-27 09:21:17] [ERROR] [Agent] Failed to save result to database {
  "error": "database \"agents\" does not exist",
  "stack": "error: database \"agents\" does not exist\n    at /Users/aliasgarfatepurwala/agent-system/node_modules/pg-pool/index.js:45:11\n    at processTicksAndRejections (node:internal/process/task_queues:104:5)\n    at Database.insert (/Users/aliasgarfatepurwala/agent-system/src/database.ts:169:22)\n    at SentimentAnalyzer.saveResult (/Users/aliasgarfatepurwala/agent-system/src/base-agent.ts:209:7)\n    at SentimentAnalyzer.run (/Users/aliasgarfatepurwala/agent-system/src/base-agent.ts:117:7)\n    at Orchestrator.runAgent (/Users/aliasgarfatepurwala/agent-system/src/orchestrator.ts:296:22)\n    at async Promise.allSettled (index 19)\n    at Orchestrator.runAllAgents (/Users/aliasgarfatepurwala/agent-system/src/orchestrator.ts:271:5)\n    at Orchestrator.start (/Users/aliasgarfatepurwala/agent-system/src/orchestrator.ts:252:5)\n    at startPersonalTrading (/Users/aliasgarfatepurwala/agent-system/src/personal-trading.ts:33:5)"
}
[2026-09-27 09:21:17] [INFO] [Orchestrator] ✅ sentiment-analyzer completed in 104ms
[2026-09-27 09:21:19] [INFO] [DashboardServer] GET /health
[2026-09-27 09:21:19] [ERROR] [BinanceAPI] ❌ Order placement failed: Invalid API-key, IP, or permissions for action.
[2026-09-27 09:21:19] [ERROR] [Agent] ❌ Failed to place buy order for BTCUSDT
[2026-09-27 09:21:19] [INFO] [BinanceAPI] 📤 Placing BUY order: 0.0011627906976744186 BTCUSDT @ 43000
[2026-09-27 09:21:20] [ERROR] [BinanceAPI] ❌ Order placement failed: Invalid API-key, IP, or permissions for action.
[2026-09-27 09:21:20] [ERROR] [Agent] ❌ Failed to place buy order for BTCUSDT
[2026-09-27 09:21:20] [INFO] [BinanceAPI] 📤 Placing BUY order: 0.0011627906976744186 BTCUSDT @ 43000
[2026-09-27 09:21:20] [ERROR] [BinanceAPI] ❌ Order placement failed: Invalid API-key, IP, or permissions for action.
[2026-09-27 09:21:20] [ERROR] [Agent] ❌ Failed to place buy order for BTCUSDT
[2026-09-27 09:21:20] [INFO] [BinanceAPI] 📤 Placing BUY order: 0.0011627906976744186 BTCUSDT @ 43000
[2026-09-27 09:21:22] [ERROR] [BinanceAPI] ❌ Order placement failed: Invalid API-key, IP, or permissions for action.
[2026-09-27 09:21:22] [ERROR] [Agent] ❌ Failed to place buy order for BTCUSDT
[2026-09-27 09:21:22] [INFO] [BinanceAPI] 📤 Placing BUY order: 0.0011627906976744186 BTCUSDT @ 43000
[2026-09-27 09:21:22] [ERROR] [BinanceAPI] ❌ Order placement failed: Invalid API-key, IP, or permissions for action.
[2026-09-27 09:21:22] [ERROR] [Agent] ❌ Failed to place buy order for BTCUSDT
[2026-09-27 09:21:22] [INFO] [BinanceAPI] 📤 Placing BUY order: 0.013043478260869565 ETHUSDT @ 2300
[2026-09-27 09:21:23] [ERROR] [BinanceAPI] ❌ Order placement failed: Invalid API-key, IP, or permissions for action.
[2026-09-27 09:21:23] [ERROR] [Agent] ❌ Failed to place buy order for ETHUSDT
[2026-09-27 09:21:23] [INFO] [BinanceAPI] 📤 Placing BUY order: 0.013043478260869565 ETHUSDT @ 2300
[2026-09-27 09:21:23] [INFO] [DashboardServer] GET /api/status
[2026-09-27 09:21:24] [ERROR] [BinanceAPI] ❌ Order placement failed: Invalid API-key, IP, or permissions for action.
[2026-09-27 09:21:24] [ERROR] [Agent] ❌ Failed to place buy order for ETHUSDT
[2026-09-27 09:21:24] [INFO] [Agent] ✅ Grid Trading Bot: Check completed
[2026-09-27 09:21:24] [INFO] [Agent] ✅ Execution completed in 7157ms
[2026-09-27 09:21:24] [ERROR] [Database] Insert into agent_results failed {
  "error": "database \"agents\" does not exist",
  "stack": "error: database \"agents\" does not exist\n    at /Users/aliasgarfatepurwala/agent-system/node_modules/pg-pool/index.js:45:11\n    at processTicksAndRejections (node:internal/process/task_queues:104:5)\n    at Database.insert (/Users/aliasgarfatepurwala/agent-system/src/database.ts:169:22)\n    at GridTradingBot.saveResult (/Users/aliasgarfatepurwala/agent-system/src/base-agent.ts:209:7)\n    at GridTradingBot.run (/Users/aliasgarfatepurwala/agent-system/src/base-agent.ts:117:7)\n    at Orchestrator.runAgent (/Users/aliasgarfatepurwala/agent-system/src/orchestrator.ts:296:22)\n    at async Promise.allSettled (index 7)\n    at Orchestrator.runAllAgents (/Users/aliasgarfatepurwala/agent-system/src/orchestrator.ts:271:5)\n    at Orchestrator.start (/Users/aliasgarfatepurwala/agent-system/src/orchestrator.ts:252:5)\n    at startPersonalTrading (/Users/aliasgarfatepurwala/agent-system/src/personal-trading.ts:33:5)"
}
[2026-09-27 09:21:24] [ERROR] [Agent] Failed to save result to database {
  "error": "database \"agents\" does not exist",
  "stack": "error: database \"agents\" does not exist\n    at /Users/aliasgarfatepurwala/agent-system/node_modules/pg-pool/index.js:45:11\n    at processTicksAndRejections (node:internal/process/task_queues:104:5)\n    at Database.insert (/Users/aliasgarfatepurwala/agent-system/src/database.ts:169:22)\n    at GridTradingBot.saveResult (/Users/aliasgarfatepurwala/agent-system/src/base-agent.ts:209:7)\n    at GridTradingBot.run (/Users/aliasgarfatepurwala/agent-system/src/base-agent.ts:117:7)\n    at Orchestrator.runAgent (/Users/aliasgarfatepurwala/agent-system/src/orchestrator.ts:296:22)\n    at async Promise.allSettled (index 7)\n    at Orchestrator.runAllAgents (/Users/aliasgarfatepurwala/agent-system/src/orchestrator.ts:271:5)\n    at Orchestrator.start (/Users/aliasgarfatepurwala/agent-system/src/orchestrator.ts:252:5)\n    at startPersonalTrading (/Users/aliasgarfatepurwala/agent-system/src/personal-trading.ts:33:5)"
}
[2026-09-27 09:21:24] [INFO] [Orchestrator] ✅ grid-trading-bot completed in 7165ms
[2026-09-27 09:21:27] [INFO] [DashboardServer] GET /api/metrics
[2026-09-27 09:21:27] [ERROR] [Database] Database query error {
  "error": "database \"agents\" does not exist",
  "stack": "error: database \"agents\" does not exist\n    at /Users/aliasgarfatepurwala/agent-system/node_modules/pg-pool/index.js:45:11\n    at processTicksAndRejections (node:internal/process/task_queues:104:5)\n    at Database.query (/Users/aliasgarfatepurwala/agent-system/src/database.ts:146:22)\n    at BitcoinPriceMonitor.getMetrics (/Users/aliasgarfatepurwala/agent-system/src/base-agent.ts:228:23)\n    at Orchestrator.getMetrics (/Users/aliasgarfatepurwala/agent-system/src/orchestrator.ts:368:28)\n    at /Users/aliasgarfatepurwala/agent-system/src/dashboard-server.ts:66:19"
}
[2026-09-27 09:21:27] [ERROR] [Agent] Failed to get metrics {
  "error": "database \"agents\" does not exist",
  "stack": "error: database \"agents\" does not exist\n    at /Users/aliasgarfatepurwala/agent-system/node_modules/pg-pool/index.js:45:11\n    at processTicksAndRejections (node:internal/process/task_queues:104:5)\n    at Database.query (/Users/aliasgarfatepurwala/agent-system/src/database.ts:146:22)\n    at BitcoinPriceMonitor.getMetrics (/Users/aliasgarfatepurwala/agent-system/src/base-agent.ts:228:23)\n    at Orchestrator.getMetrics (/Users/aliasgarfatepurwala/agent-system/src/orchestrator.ts:368:28)\n    at /Users/aliasgarfatepurwala/agent-system/src/dashboard-server.ts:66:19"
}
[2026-09-27 09:21:27] [ERROR] [Database] Database query error {
  "error": "database \"agents\" does not exist",
  "stack": "error: database \"agents\" does not exist\n    at /Users/aliasgarfatepurwala/agent-system/node_modules/pg-pool/index.js:45:11\n    at processTicksAndRejections (node:internal/process/task_queues:104:5)\n    at Database.query (/Users/aliasgarfatepurwala/agent-system/src/database.ts:146:22)\n    at PortfolioTracker.getMetrics (/Users/aliasgarfatepurwala/agent-system/src/base-agent.ts:228:23)\n    at Orchestrator.getMetrics (/Users/aliasgarfatepurwala/agent-system/src/orchestrator.ts:368:28)\n    at /Users/aliasgarfatepurwala/agent-system/src/dashboard-server.ts:66:19"
}
[2026-09-27 09:21:27] [ERROR] [Agent] Failed to get metrics {
  "error": "database \"agents\" does not exist",
  "stack": "error: database \"agents\" does not exist\n    at /Users/aliasgarfatepurwala/agent-system/node_modules/pg-pool/index.js:45:11\n    at processTicksAndRejections (node:internal/process/task_queues:104:5)\n    at Database.query (/Users/aliasgarfatepurwala/agent-system/src/database.ts:146:22)\n    at PortfolioTracker.getMetrics (/Users/aliasgarfatepurwala/agent-system/src/base-agent.ts:228:23)\n    at Orchestrator.getMetrics (/Users/aliasgarfatepurwala/agent-system/src/orchestrator.ts:368:28)\n    at /Users/aliasgarfatepurwala/agent-system/src/dashboard-server.ts:66:19"
}
[2026-09-27 09:21:27] [ERROR] [Database] Database query error {
  "error": "database \"agents\" does not exist",
  "stack": "error: database \"agents\" does not exist\n    at /Users/aliasgarfatepurwala/agent-system/node_modules/pg-pool/index.js:45:11\n    at processTicksAndRejections (node:internal/process/task_queues:104:5)\n    at Database.query (/Users/aliasgarfatepurwala/agent-system/src/database.ts:146:22)\n    at PumpDumpDetector.getMetrics (/Users/aliasgarfatepurwala/agent-system/src/base-agent.ts:228:23)\n    at Orchestrator.getMetrics (/Users/aliasgarfatepurwala/agent-system/src/orchestrator.ts:368:28)\n    at /Users/aliasgarfatepurwala/agent-system/src/dashboard-server.ts:66:19"
}
[2026-09-27 09:21:27] [ERROR] [Agent] Failed to get metrics {
  "error": "database \"agents\" does not exist",
  "stack": "error: database \"agents\" does not exist\n    at /Users/aliasgarfatepurwala/agent-system/node_modules/pg-pool/index.js:45:11\n    at processTicksAndRejections (node:internal/process/task_queues:104:5)\n    at Database.query (/Users/aliasgarfatepurwala/agent-system/src/database.ts:146:22)\n    at PumpDumpDetector.getMetrics (/Users/aliasgarfatepurwala/agent-system/src/base-agent.ts:228:23)\n    at Orchestrator.getMetrics (/Users/aliasgarfatepurwala/agent-system/src/orchestrator.ts:368:28)\n    at /Users/aliasgarfatepurwala/agent-system/src/dashboard-server.ts:66:19"
}
[2026-09-27 09:21:27] [ERROR] [Database] Database query error {
  "error": "database \"agents\" does not exist",
  "stack": "error: database \"agents\" does not exist\n    at /Users/aliasgarfatepurwala/agent-system/node_modules/pg-pool/index.js:45:11\n    at processTicksAndRejections (node:internal/process/task_queues:104:5)\n    at Database.query (/Users/aliasgarfatepurwala/agent-system/src/database.ts:146:22)\n    at DCABot.getMetrics (/Users/aliasgarfatepurwala/agent-system/src/base-agent.ts:228:23)\n    at Orchestrator.getMetrics (/Users/aliasgarfatepurwala/agent-system/src/orchestrator.ts:368:28)\n    at /Users/aliasgarfatepurwala/agent-system/src/dashboard-server.ts:66:19"
}
[2026-09-27 09:21:27] [ERROR] [Agent] Failed to get metrics {
  "error": "database \"agents\" does not exist",
  "stack": "error: database \"agents\" does not exist\n    at /Users/aliasgarfatepurwala/agent-system/node_modules/pg-pool/index.js:45:11\n    at processTicksAndRejections (node:internal/process/task_queues:104:5)\n    at Database.query (/Users/aliasgarfatepurwala/agent-system/src/database.ts:146:22)\n    at DCABot.getMetrics (/Users/aliasgarfatepurwala/agent-system/src/base-agent.ts:228:23)\n    at Orchestrator.getMetrics (/Users/aliasgarfatepurwala/agent-system/src/orchestrator.ts:368:28)\n    at /Users/aliasgarfatepurwala/agent-system/src/dashboard-server.ts:66:19"
}
[2026-09-27 09:21:27] [ERROR] [Database] Database query error {
  "error": "database \"agents\" does not exist",
  "stack": "error: database \"agents\" does not exist\n    at /Users/aliasgarfatepurwala/agent-system/node_modules/pg-pool/index.js:45:11\n    at processTicksAndRejections (node:internal/process/task_queues:104:5)\n    at Database.query (/Users/aliasgarfatepurwala/agent-system/src/database.ts:146:22)\n    at NewsMonitor.getMetrics (/Users/aliasgarfatepurwala/agent-system/src/base-agent.ts:228:23)\n    at Orchestrator.getMetrics (/Users/aliasgarfatepurwala/agent-system/src/orchestrator.ts:368:28)\n    at /Users/aliasgarfatepurwala/agent-system/src/dashboard-server.ts:66:19"
}
[2026-09-27 09:21:27] [ERROR] [Agent] Failed to get metrics {
  "error": "database \"agents\" does not exist",
  "stack": "error: database \"agents\" does not exist\n    at /Users/aliasgarfatepurwala/agent-system/node_modules/pg-pool/index.js:45:11\n    at processTicksAndRejections (node:internal/process/task_queues:104:5)\n    at Database.query (/Users/aliasgarfatepurwala/agent-system/src/database.ts:146:22)\n    at NewsMonitor.getMetrics (/Users/aliasgarfatepurwala/agent-system/src/base-agent.ts:228:23)\n    at Orchestrator.getMetrics (/Users/aliasgarfatepurwala/agent-system/src/orchestrator.ts:368:28)\n    at /Users/aliasgarfatepurwala/agent-system/src/dashboard-server.ts:66:19"
}
[2026-09-27 09:21:27] [ERROR] [Database] Database query error {
  "error": "database \"agents\" does not exist",
  "stack": "error: database \"agents\" does not exist\n    at /Users/aliasgarfatepurwala/agent-system/node_modules/pg-pool/index.js:45:11\n    at processTicksAndRejections (node:internal/process/task_queues:104:5)\n    at Database.query (/Users/aliasgarfatepurwala/agent-system/src/database.ts:146:22)\n    at TechnicalAnalysis.getMetrics (/Users/aliasgarfatepurwala/agent-system/src/base-agent.ts:228:23)\n    at Orchestrator.getMetrics (/Users/aliasgarfatepurwala/agent-system/src/orchestrator.ts:368:28)\n    at /Users/aliasgarfatepurwala/agent-system/src/dashboard-server.ts:66:19"
}
[2026-09-27 09:21:27] [ERROR] [Agent] Failed to get metrics {
  "error": "database \"agents\" does not exist",
  "stack": "error: database \"agents\" does not exist\n    at /Users/aliasgarfatepurwala/agent-system/node_modules/pg-pool/index.js:45:11\n    at processTicksAndRejections (node:internal/process/task_queues:104:5)\n    at Database.query (/Users/aliasgarfatepurwala/agent-system/src/database.ts:146:22)\n    at TechnicalAnalysis.getMetrics (/Users/aliasgarfatepurwala/agent-system/src/base-agent.ts:228:23)\n    at Orchestrator.getMetrics (/Users/aliasgarfatepurwala/agent-system/src/orchestrator.ts:368:28)\n    at /Users/aliasgarfatepurwala/agent-system/src/dashboard-server.ts:66:19"
}
[2026-09-27 09:21:27] [ERROR] [Database] Database query error {
  "error": "database \"agents\" does not exist",
  "stack": "error: database \"agents\" does not exist\n    at /Users/aliasgarfatepurwala/agent-system/node_modules/pg-pool/index.js:45:11\n    at processTicksAndRejections (node:internal/process/task_queues:104:5)\n    at Database.query (/Users/aliasgarfatepurwala/agent-system/src/database.ts:146:22)\n    at RiskManagement.getMetrics (/Users/aliasgarfatepurwala/agent-system/src/base-agent.ts:228:23)\n    at Orchestrator.getMetrics (/Users/aliasgarfatepurwala/agent-system/src/orchestrator.ts:368:28)\n    at /Users/aliasgarfatepurwala/agent-system/src/dashboard-server.ts:66:19"
}
[2026-09-27 09:21:27] [ERROR] [Agent] Failed to get metrics {
  "error": "database \"agents\" does not exist",
  "stack": "error: database \"agents\" does not exist\n    at /Users/aliasgarfatepurwala/agent-system/node_modules/pg-pool/index.js:45:11\n    at processTicksAndRejections (node:internal/process/task_queues:104:5)\n    at Database.query (/Users/aliasgarfatepurwala/agent-system/src/database.ts:146:22)\n    at RiskManagement.getMetrics (/Users/aliasgarfatepurwala/agent-system/src/base-agent.ts:228:23)\n    at Orchestrator.getMetrics (/Users/aliasgarfatepurwala/agent-system/src/orchestrator.ts:368:28)\n    at /Users/aliasgarfatepurwala/agent-system/src/dashboard-server.ts:66:19"
}
[2026-09-27 09:21:27] [ERROR] [Database] Database query error {
  "error": "database \"agents\" does not exist",
  "stack": "error: database \"agents\" does not exist\n    at /Users/aliasgarfatepurwala/agent-system/node_modules/pg-pool/index.js:45:11\n    at processTicksAndRejections (node:internal/process/task_queues:104:5)\n    at Database.query (/Users/aliasgarfatepurwala/agent-system/src/database.ts:146:22)\n    at GridTradingBot.getMetrics (/Users/aliasgarfatepurwala/agent-system/src/base-agent.ts:228:23)\n    at Orchestrator.getMetrics (/Users/aliasgarfatepurwala/agent-system/src/orchestrator.ts:368:28)\n    at /Users/aliasgarfatepurwala/agent-system/src/dashboard-server.ts:66:19"
}
[2026-09-27 09:21:27] [ERROR] [Agent] Failed to get metrics {
  "error": "database \"agents\" does not exist",
  "stack": "error: database \"agents\" does not exist\n    at /Users/aliasgarfatepurwala/agent-system/node_modules/pg-pool/index.js:45:11\n    at processTicksAndRejections (node:internal/process/task_queues:104:5)\n    at Database.query (/Users/aliasgarfatepurwala/agent-system/src/database.ts:146:22)\n    at GridTradingBot.getMetrics (/Users/aliasgarfatepurwala/agent-system/src/base-agent.ts:228:23)\n    at Orchestrator.getMetrics (/Users/aliasgarfatepurwala/agent-system/src/orchestrator.ts:368:28)\n    at /Users/aliasgarfatepurwala/agent-system/src/dashboard-server.ts:66:19"
}
[2026-09-27 09:21:27] [ERROR] [Database] Database query error {
  "error": "database \"agents\" does not exist",
  "stack": "error: database \"agents\" does not exist\n    at /Users/aliasgarfatepurwala/agent-system/node_modules/pg-pool/index.js:45:11\n    at processTicksAndRejections (node:internal/process/task_queues:104:5)\n    at Database.query (/Users/aliasgarfatepurwala/agent-system/src/database.ts:146:22)\n    at MomentumTrader.getMetrics (/Users/aliasgarfatepurwala/agent-system/src/base-agent.ts:228:23)\n    at Orchestrator.getMetrics (/Users/aliasgarfatepurwala/agent-system/src/orchestrator.ts:368:28)\n    at /Users/aliasgarfatepurwala/agent-system/src/dashboard-server.ts:66:19"
}
[2026-09-27 09:21:27] [ERROR] [Agent] Failed to get metrics {
  "error": "database \"agents\" does not exist",
  "stack": "error: database \"agents\" does not exist\n    at /Users/aliasgarfatepurwala/agent-system/node_modules/pg-pool/index.js:45:11\n    at processTicksAndRejections (node:internal/process/task_queues:104:5)\n    at Database.query (/Users/aliasgarfatepurwala/agent-system/src/database.ts:146:22)\n    at MomentumTrader.getMetrics (/Users/aliasgarfatepurwala/agent-system/src/base-agent.ts:228:23)\n    at Orchestrator.getMetrics (/Users/aliasgarfatepurwala/agent-system/src/orchestrator.ts:368:28)\n    at /Users/aliasgarfatepurwala/agent-system/src/dashboard-server.ts:66:19"
}
[2026-09-27 09:21:27] [ERROR] [Database] Database query error {
  "error": "database \"agents\" does not exist",
  "stack": "error: database \"agents\" does not exist\n    at /Users/aliasgarfatepurwala/agent-system/node_modules/pg-pool/index.js:45:11\n    at processTicksAndRejections (node:internal/process/task_queues:104:5)\n    at Database.query (/Users/aliasgarfatepurwala/agent-system/src/database.ts:146:22)\n    at MeanReversionBot.getMetrics (/Users/aliasgarfatepurwala/agent-system/src/base-agent.ts:228:23)\n    at Orchestrator.getMetrics (/Users/aliasgarfatepurwala/agent-system/src/orchestrator.ts:368:28)\n    at /Users/aliasgarfatepurwala/agent-system/src/dashboard-server.ts:66:19"
}
[2026-09-27 09:21:27] [ERROR] [Agent] Failed to get metrics {
  "error": "database \"agents\" does not exist",
  "stack": "error: database \"agents\" does not exist\n    at /Users/aliasgarfatepurwala/agent-system/node_modules/pg-pool/index.js:45:11\n    at processTicksAndRejections (node:internal/process/task_queues:104:5)\n    at Database.query (/Users/aliasgarfatepurwala/agent-system/src/database.ts:146:22)\n    at MeanReversionBot.getMetrics (/Users/aliasgarfatepurwala/agent-system/src/base-agent.ts:228:23)\n    at Orchestrator.getMetrics (/Users/aliasgarfatepurwala/agent-system/src/orchestrator.ts:368:28)\n    at /Users/aliasgarfatepurwala/agent-system/src/dashboard-server.ts:66:19"
}
[2026-09-27 09:21:27] [ERROR] [Database] Database query error {
  "error": "database \"agents\" does not exist",
  "stack": "error: database \"agents\" does not exist\n    at /Users/aliasgarfatepurwala/agent-system/node_modules/pg-pool/index.js:45:11\n    at processTicksAndRejections (node:internal/process/task_queues:104:5)\n    at Database.query (/Users/aliasgarfatepurwala/agent-system/src/database.ts:146:22)\n    at ArbitrageBot.getMetrics (/Users/aliasgarfatepurwala/agent-system/src/base-agent.ts:228:23)\n    at Orchestrator.getMetrics (/Users/aliasgarfatepurwala/agent-system/src/orchestrator.ts:368:28)\n    at /Users/aliasgarfatepurwala/agent-system/src/dashboard-server.ts:66:19"
}
[2026-09-27 09:21:27] [ERROR] [Agent] Failed to get metrics {
  "error": "database \"agents\" does not exist",
  "stack": "error: database \"agents\" does not exist\n    at /Users/aliasgarfatepurwala/agent-system/node_modules/pg-pool/index.js:45:11\n    at processTicksAndRejections (node:internal/process/task_queues:104:5)\n    at Database.query (/Users/aliasgarfatepurwala/agent-system/src/database.ts:146:22)\n    at ArbitrageBot.getMetrics (/Users/aliasgarfatepurwala/agent-system/src/base-agent.ts:228:23)\n    at Orchestrator.getMetrics (/Users/aliasgarfatepurwala/agent-system/src/orchestrator.ts:368:28)\n    at /Users/aliasgarfatepurwala/agent-system/src/dashboard-server.ts:66:19"
}
[2026-09-27 09:21:27] [ERROR] [Database] Database query error {
  "error": "database \"agents\" does not exist",
  "stack": "error: database \"agents\" does not exist\n    at /Users/aliasgarfatepurwala/agent-system/node_modules/pg-pool/index.js:45:11\n    at processTicksAndRejections (node:internal/process/task_queues:104:5)\n    at Database.query (/Users/aliasgarfatepurwala/agent-system/src/database.ts:146:22)\n    at ScalpingBot.getMetrics (/Users/aliasgarfatepurwala/agent-system/src/base-agent.ts:228:23)\n    at Orchestrator.getMetrics (/Users/aliasgarfatepurwala/agent-system/src/orchestrator.ts:368:28)\n    at /Users/aliasgarfatepurwala/agent-system/src/dashboard-server.ts:66:19"
}
[2026-09-27 09:21:27] [ERROR] [Agent] Failed to get metrics {
  "error": "database \"agents\" does not exist",
  "stack": "error: database \"agents\" does not exist\n    at /Users/aliasgarfatepurwala/agent-system/node_modules/pg-pool/index.js:45:11\n    at processTicksAndRejections (node:internal/process/task_queues:104:5)\n    at Database.query (/Users/aliasgarfatepurwala/agent-system/src/database.ts:146:22)\n    at ScalpingBot.getMetrics (/Users/aliasgarfatepurwala/agent-system/src/base-agent.ts:228:23)\n    at Orchestrator.getMetrics (/Users/aliasgarfatepurwala/agent-system/src/orchestrator.ts:368:28)\n    at /Users/aliasgarfatepurwala/agent-system/src/dashboard-server.ts:66:19"
}
[2026-09-27 09:21:27] [ERROR] [Database] Database query error {
  "error": "database \"agents\" does not exist",
  "stack": "error: database \"agents\" does not exist\n    at /Users/aliasgarfatepurwala/agent-system/node_modules/pg-pool/index.js:45:11\n    at processTicksAndRejections (node:internal/process/task_queues:104:5)\n    at Database.query (/Users/aliasgarfatepurwala/agent-system/src/database.ts:146:22)\n    at VolatilityTrader.getMetrics (/Users/aliasgarfatepurwala/agent-system/src/base-agent.ts:228:23)\n    at Orchestrator.getMetrics (/Users/aliasgarfatepurwala/agent-system/src/orchestrator.ts:368:28)\n    at /Users/aliasgarfatepurwala/agent-system/src/dashboard-server.ts:66:19"
}
[2026-09-27 09:21:27] [ERROR] [Agent] Failed to get metrics {
  "error": "database \"agents\" does not exist",
  "stack": "error: database \"agents\" does not exist\n    at /Users/aliasgarfatepurwala/agent-system/node_modules/pg-pool/index.js:45:11\n    at processTicksAndRejections (node:internal/process/task_queues:104:5)\n    at Database.query (/Users/aliasgarfatepurwala/agent-system/src/database.ts:146:22)\n    at VolatilityTrader.getMetrics (/Users/aliasgarfatepurwala/agent-system/src/base-agent.ts:228:23)\n    at Orchestrator.getMetrics (/Users/aliasgarfatepurwala/agent-system/src/orchestrator.ts:368:28)\n    at /Users/aliasgarfatepurwala/agent-system/src/dashboard-server.ts:66:19"
}
[2026-09-27 09:21:27] [ERROR] [Database] Database query error {
  "error": "database \"agents\" does not exist",
  "stack": "error: database \"agents\" does not exist\n    at /Users/aliasgarfatepurwala/agent-system/node_modules/pg-pool/index.js:45:11\n    at processTicksAndRejections (node:internal/process/task_queues:104:5)\n    at Database.query (/Users/aliasgarfatepurwala/agent-system/src/database.ts:146:22)\n    at SupportResistanceBot.getMetrics (/Users/aliasgarfatepurwala/agent-system/src/base-agent.ts:228:23)\n    at Orchestrator.getMetrics (/Users/aliasgarfatepurwala/agent-system/src/orchestrator.ts:368:28)\n    at /Users/aliasgarfatepurwala/agent-system/src/dashboard-server.ts:66:19"
}
[2026-09-27 09:21:27] [ERROR] [Agent] Failed to get metrics {
  "error": "database \"agents\" does not exist",
  "stack": "error: database \"agents\" does not exist\n    at /Users/aliasgarfatepurwala/agent-system/node_modules/pg-pool/index.js:45:11\n    at processTicksAndRejections (node:internal/process/task_queues:104:5)\n    at Database.query (/Users/aliasgarfatepurwala/agent-system/src/database.ts:146:22)\n    at SupportResistanceBot.getMetrics (/Users/aliasgarfatepurwala/agent-system/src/base-agent.ts:228:23)\n    at Orchestrator.getMetrics (/Users/aliasgarfatepurwala/agent-system/src/orchestrator.ts:368:28)\n    at /Users/aliasgarfatepurwala/agent-system/src/dashboard-server.ts:66:19"
}
[2026-09-27 09:21:27] [ERROR] [Database] Database query error {
  "error": "database \"agents\" does not exist",
  "stack": "error: database \"agents\" does not exist\n    at /Users/aliasgarfatepurwala/agent-system/node_modules/pg-pool/index.js:45:11\n    at processTicksAndRejections (node:internal/process/task_queues:104:5)\n    at Database.query (/Users/aliasgarfatepurwala/agent-system/src/database.ts:146:22)\n    at CorrelationTrader.getMetrics (/Users/aliasgarfatepurwala/agent-system/src/base-agent.ts:228:23)\n    at Orchestrator.getMetrics (/Users/aliasgarfatepurwala/agent-system/src/orchestrator.ts:368:28)\n    at /Users/aliasgarfatepurwala/agent-system/src/dashboard-server.ts:66:19"
}
[2026-09-27 09:21:27] [ERROR] [Agent] Failed to get metrics {
  "error": "database \"agents\" does not exist",
  "stack": "error: database \"agents\" does not exist\n    at /Users/aliasgarfatepurwala/agent-system/node_modules/pg-pool/index.js:45:11\n    at processTicksAndRejections (node:internal/process/task_queues:104:5)\n    at Database.query (/Users/aliasgarfatepurwala/agent-system/src/database.ts:146:22)\n    at CorrelationTrader.getMetrics (/Users/aliasgarfatepurwala/agent-system/src/base-agent.ts:228:23)\n    at Orchestrator.getMetrics (/Users/aliasgarfatepurwala/agent-system/src/orchestrator.ts:368:28)\n    at /Users/aliasgarfatepurwala/agent-system/src/dashboard-server.ts:66:19"
}
[2026-09-27 09:21:27] [ERROR] [Database] Database query error {
  "error": "database \"agents\" does not exist",
  "stack": "error: database \"agents\" does not exist\n    at /Users/aliasgarfatepurwala/agent-system/node_modules/pg-pool/index.js:45:11\n    at processTicksAndRejections (node:internal/process/task_queues:104:5)\n    at Database.query (/Users/aliasgarfatepurwala/agent-system/src/database.ts:146:22)\n    at BollingerBandsBot.getMetrics (/Users/aliasgarfatepurwala/agent-system/src/base-agent.ts:228:23)\n    at Orchestrator.getMetrics (/Users/aliasgarfatepurwala/agent-system/src/orchestrator.ts:368:28)\n    at /Users/aliasgarfatepurwala/agent-system/src/dashboard-server.ts:66:19"
}
[2026-09-27 09:21:27] [ERROR] [Agent] Failed to get metrics {
  "error": "database \"agents\" does not exist",
  "stack": "error: database \"agents\" does not exist\n    at /Users/aliasgarfatepurwala/agent-system/node_modules/pg-pool/index.js:45:11\n    at processTicksAndRejections (node:internal/process/task_queues:104:5)\n    at Database.query (/Users/aliasgarfatepurwala/agent-system/src/database.ts:146:22)\n    at BollingerBandsBot.getMetrics (/Users/aliasgarfatepurwala/agent-system/src/base-agent.ts:228:23)\n    at Orchestrator.getMetrics (/Users/aliasgarfatepurwala/agent-system/src/orchestrator.ts:368:28)\n    at /Users/aliasgarfatepurwala/agent-system/src/dashboard-server.ts:66:19"
}
[2026-09-27 09:21:27] [ERROR] [Database] Database query error {
  "error": "database \"agents\" does not exist",
  "stack": "error: database \"agents\" does not exist\n    at /Users/aliasgarfatepurwala/agent-system/node_modules/pg-pool/index.js:45:11\n    at processTicksAndRejections (node:internal/process/task_queues:104:5)\n    at Database.query (/Users/aliasgarfatepurwala/agent-system/src/database.ts:146:22)\n    at MACDTrader.getMetrics (/Users/aliasgarfatepurwala/agent-system/src/base-agent.ts:228:23)\n    at Orchestrator.getMetrics (/Users/aliasgarfatepurwala/agent-system/src/orchestrator.ts:368:28)\n    at /Users/aliasgarfatepurwala/agent-system/src/dashboard-server.ts:66:19"
}
[2026-09-27 09:21:27] [ERROR] [Agent] Failed to get metrics {
  "error": "database \"agents\" does not exist",
  "stack": "error: database \"agents\" does not exist\n    at /Users/aliasgarfatepurwala/agent-system/node_modules/pg-pool/index.js:45:11\n    at processTicksAndRejections (node:internal/process/task_queues:104:5)\n    at Database.query (/Users/aliasgarfatepurwala/agent-system/src/database.ts:146:22)\n    at MACDTrader.getMetrics (/Users/aliasgarfatepurwala/agent-system/src/base-agent.ts:228:23)\n    at Orchestrator.getMetrics (/Users/aliasgarfatepurwala/agent-system/src/orchestrator.ts:368:28)\n    at /Users/aliasgarfatepurwala/agent-system/src/dashboard-server.ts:66:19"
}
[2026-09-27 09:21:27] [ERROR] [Database] Database query error {
  "error": "database \"agents\" does not exist",
  "stack": "error: database \"agents\" does not exist\n    at /Users/aliasgarfatepurwala/agent-system/node_modules/pg-pool/index.js:45:11\n    at processTicksAndRejections (node:internal/process/task_queues:104:5)\n    at Database.query (/Users/aliasgarfatepurwala/agent-system/src/database.ts:146:22)\n    at RSIBot.getMetrics (/Users/aliasgarfatepurwala/agent-system/src/base-agent.ts:228:23)\n    at Orchestrator.getMetrics (/Users/aliasgarfatepurwala/agent-system/src/orchestrator.ts:368:28)\n    at /Users/aliasgarfatepurwala/agent-system/src/dashboard-server.ts:66:19"
}
[2026-09-27 09:21:27] [ERROR] [Agent] Failed to get metrics {
  "error": "database \"agents\" does not exist",
  "stack": "error: database \"agents\" does not exist\n    at /Users/aliasgarfatepurwala/agent-system/node_modules/pg-pool/index.js:45:11\n    at processTicksAndRejections (node:internal/process/task_queues:104:5)\n    at Database.query (/Users/aliasgarfatepurwala/agent-system/src/database.ts:146:22)\n    at RSIBot.getMetrics (/Users/aliasgarfatepurwala/agent-system/src/base-agent.ts:228:23)\n    at Orchestrator.getMetrics (/Users/aliasgarfatepurwala/agent-system/src/orchestrator.ts:368:28)\n    at /Users/aliasgarfatepurwala/agent-system/src/dashboard-server.ts:66:19"
}
[2026-09-27 09:21:27] [ERROR] [Database] Database query error {
  "error": "database \"agents\" does not exist",
  "stack": "error: database \"agents\" does not exist\n    at /Users/aliasgarfatepurwala/agent-system/node_modules/pg-pool/index.js:45:11\n    at processTicksAndRejections (node:internal/process/task_queues:104:5)\n    at Database.query (/Users/aliasgarfatepurwala/agent-system/src/database.ts:146:22)\n    at VolumeProfileBot.getMetrics (/Users/aliasgarfatepurwala/agent-system/src/base-agent.ts:228:23)\n    at Orchestrator.getMetrics (/Users/aliasgarfatepurwala/agent-system/src/orchestrator.ts:368:28)\n    at /Users/aliasgarfatepurwala/agent-system/src/dashboard-server.ts:66:19"
}
[2026-09-27 09:21:27] [ERROR] [Agent] Failed to get metrics {
  "error": "database \"agents\" does not exist",
  "stack": "error: database \"agents\" does not exist\n    at /Users/aliasgarfatepurwala/agent-system/node_modules/pg-pool/index.js:45:11\n    at processTicksAndRejections (node:internal/process/task_queues:104:5)\n    at Database.query (/Users/aliasgarfatepurwala/agent-system/src/database.ts:146:22)\n    at VolumeProfileBot.getMetrics (/Users/aliasgarfatepurwala/agent-system/src/base-agent.ts:228:23)\n    at Orchestrator.getMetrics (/Users/aliasgarfatepurwala/agent-system/src/orchestrator.ts:368:28)\n    at /Users/aliasgarfatepurwala/agent-system/src/dashboard-server.ts:66:19"
}
[2026-09-27 09:21:27] [ERROR] [Database] Database query error {
  "error": "database \"agents\" does not exist",
  "stack": "error: database \"agents\" does not exist\n    at /Users/aliasgarfatepurwala/agent-system/node_modules/pg-pool/index.js:45:11\n    at processTicksAndRejections (node:internal/process/task_queues:104:5)\n    at Database.query (/Users/aliasgarfatepurwala/agent-system/src/database.ts:146:22)\n    at SentimentAnalyzer.getMetrics (/Users/aliasgarfatepurwala/agent-system/src/base-agent.ts:228:23)\n    at Orchestrator.getMetrics (/Users/aliasgarfatepurwala/agent-system/src/orchestrator.ts:368:28)\n    at /Users/aliasgarfatepurwala/agent-system/src/dashboard-server.ts:66:19"
}
[2026-09-27 09:21:27] [ERROR] [Agent] Failed to get metrics {
  "error": "database \"agents\" does not exist",
  "stack": "error: database \"agents\" does not exist\n    at /Users/aliasgarfatepurwala/agent-system/node_modules/pg-pool/index.js:45:11\n    at processTicksAndRejections (node:internal/process/task_queues:104:5)\n    at Database.query (/Users/aliasgarfatepurwala/agent-system/src/database.ts:146:22)\n    at SentimentAnalyzer.getMetrics (/Users/aliasgarfatepurwala/agent-system/src/base-agent.ts:228:23)\n    at Orchestrator.getMetrics (/Users/aliasgarfatepurwala/agent-system/src/orchestrator.ts:368:28)\n    at /Users/aliasgarfatepurwala/agent-system/src/dashboard-server.ts:66:19"
}
[2026-09-27 09:21:31] [INFO] [DashboardServer] GET /api/dashboard
[2026-09-27 09:21:31] [ERROR] [Database] Database query error {
  "error": "database \"agents\" does not exist",
  "stack": "error: database \"agents\" does not exist\n    at /Users/aliasgarfatepurwala/agent-system/node_modules/pg-pool/index.js:45:11\n    at processTicksAndRejections (node:internal/process/task_queues:104:5)\n    at Database.query (/Users/aliasgarfatepurwala/agent-system/src/database.ts:146:22)\n    at BitcoinPriceMonitor.getMetrics (/Users/aliasgarfatepurwala/agent-system/src/base-agent.ts:228:23)\n    at Orchestrator.getMetrics (/Users/aliasgarfatepurwala/agent-system/src/orchestrator.ts:368:28)\n    at /Users/aliasgarfatepurwala/agent-system/src/dashboard-server.ts:73:19"
}
[2026-09-27 09:21:31] [ERROR] [Agent] Failed to get metrics {
  "error": "database \"agents\" does not exist",
  "stack": "error: database \"agents\" does not exist\n    at /Users/aliasgarfatepurwala/agent-system/node_modules/pg-pool/index.js:45:11\n    at processTicksAndRejections (node:internal/process/task_queues:104:5)\n    at Database.query (/Users/aliasgarfatepurwala/agent-system/src/database.ts:146:22)\n    at BitcoinPriceMonitor.getMetrics (/Users/aliasgarfatepurwala/agent-system/src/base-agent.ts:228:23)\n    at Orchestrator.getMetrics (/Users/aliasgarfatepurwala/agent-system/src/orchestrator.ts:368:28)\n    at /Users/aliasgarfatepurwala/agent-system/src/dashboard-server.ts:73:19"
}
[2026-09-27 09:21:31] [ERROR] [Database] Database query error {
  "error": "database \"agents\" does not exist",
  "stack": "error: database \"agents\" does not exist\n    at /Users/aliasgarfatepurwala/agent-system/node_modules/pg-pool/index.js:45:11\n    at processTicksAndRejections (node:internal/process/task_queues:104:5)\n    at Database.query (/Users/aliasgarfatepurwala/agent-system/src/database.ts:146:22)\n    at PortfolioTracker.getMetrics (/Users/aliasgarfatepurwala/agent-system/src/base-agent.ts:228:23)\n    at Orchestrator.getMetrics (/Users/aliasgarfatepurwala/agent-system/src/orchestrator.ts:368:28)\n    at /Users/aliasgarfatepurwala/agent-system/src/dashboard-server.ts:73:19"
}
[2026-09-27 09:21:31] [ERROR] [Agent] Failed to get metrics {
  "error": "database \"agents\" does not exist",
  "stack": "error: database \"agents\" does not exist\n    at /Users/aliasgarfatepurwala/agent-system/node_modules/pg-pool/index.js:45:11\n    at processTicksAndRejections (node:internal/process/task_queues:104:5)\n    at Database.query (/Users/aliasgarfatepurwala/agent-system/src/database.ts:146:22)\n    at PortfolioTracker.getMetrics (/Users/aliasgarfatepurwala/agent-system/src/base-agent.ts:228:23)\n    at Orchestrator.getMetrics (/Users/aliasgarfatepurwala/agent-system/src/orchestrator.ts:368:28)\n    at /Users/aliasgarfatepurwala/agent-system/src/dashboard-server.ts:73:19"
}
[2026-09-27 09:21:31] [ERROR] [Database] Database query error {
  "error": "database \"agents\" does not exist",
  "stack": "error: database \"agents\" does not exist\n    at /Users/aliasgarfatepurwala/agent-system/node_modules/pg-pool/index.js:45:11\n    at processTicksAndRejections (node:internal/process/task_queues:104:5)\n    at Database.query (/Users/aliasgarfatepurwala/agent-system/src/database.ts:146:22)\n    at PumpDumpDetector.getMetrics (/Users/aliasgarfatepurwala/agent-system/src/base-agent.ts:228:23)\n    at Orchestrator.getMetrics (/Users/aliasgarfatepurwala/agent-system/src/orchestrator.ts:368:28)\n    at /Users/aliasgarfatepurwala/agent-system/src/dashboard-server.ts:73:19"
}
[2026-09-27 09:21:31] [ERROR] [Agent] Failed to get metrics {
  "error": "database \"agents\" does not exist",
  "stack": "error: database \"agents\" does not exist\n    at /Users/aliasgarfatepurwala/agent-system/node_modules/pg-pool/index.js:45:11\n    at processTicksAndRejections (node:internal/process/task_queues:104:5)\n    at Database.query (/Users/aliasgarfatepurwala/agent-system/src/database.ts:146:22)\n    at PumpDumpDetector.getMetrics (/Users/aliasgarfatepurwala/agent-system/src/base-agent.ts:228:23)\n    at Orchestrator.getMetrics (/Users/aliasgarfatepurwala/agent-system/src/orchestrator.ts:368:28)\n    at /Users/aliasgarfatepurwala/agent-system/src/dashboard-server.ts:73:19"
}
[2026-09-27 09:21:31] [ERROR] [Database] Database query error {
  "error": "database \"agents\" does not exist",
  "stack": "error: database \"agents\" does not exist\n    at /Users/aliasgarfatepurwala/agent-system/node_modules/pg-pool/index.js:45:11\n    at processTicksAndRejections (node:internal/process/task_queues:104:5)\n    at Database.query (/Users/aliasgarfatepurwala/agent-system/src/database.ts:146:22)\n    at DCABot.getMetrics (/Users/aliasgarfatepurwala/agent-system/src/base-agent.ts:228:23)\n    at Orchestrator.getMetrics (/Users/aliasgarfatepurwala/agent-system/src/orchestrator.ts:368:28)\n    at /Users/aliasgarfatepurwala/agent-system/src/dashboard-server.ts:73:19"
}
[2026-09-27 09:21:31] [ERROR] [Agent] Failed to get metrics {
  "error": "database \"agents\" does not exist",
  "stack": "error: database \"agents\" does not exist\n    at /Users/aliasgarfatepurwala/agent-system/node_modules/pg-pool/index.js:45:11\n    at processTicksAndRejections (node:internal/process/task_queues:104:5)\n    at Database.query (/Users/aliasgarfatepurwala/agent-system/src/database.ts:146:22)\n    at DCABot.getMetrics (/Users/aliasgarfatepurwala/agent-system/src/base-agent.ts:228:23)\n    at Orchestrator.getMetrics (/Users/aliasgarfatepurwala/agent-system/src/orchestrator.ts:368:28)\n    at /Users/aliasgarfatepurwala/agent-system/src/dashboard-server.ts:73:19"
}
[2026-09-27 09:21:31] [ERROR] [Database] Database query error {
  "error": "database \"agents\" does not exist",
  "stack": "error: database \"agents\" does not exist\n    at /Users/aliasgarfatepurwala/agent-system/node_modules/pg-pool/index.js:45:11\n    at processTicksAndRejections (node:internal/process/task_queues:104:5)\n    at Database.query (/Users/aliasgarfatepurwala/agent-system/src/database.ts:146:22)\n    at NewsMonitor.getMetrics (/Users/aliasgarfatepurwala/agent-system/src/base-agent.ts:228:23)\n    at Orchestrator.getMetrics (/Users/aliasgarfatepurwala/agent-system/src/orchestrator.ts:368:28)\n    at /Users/aliasgarfatepurwala/agent-system/src/dashboard-server.ts:73:19"
}
[2026-09-27 09:21:31] [ERROR] [Agent] Failed to get metrics {
  "error": "database \"agents\" does not exist",
  "stack": "error: database \"agents\" does not exist\n    at /Users/aliasgarfatepurwala/agent-system/node_modules/pg-pool/index.js:45:11\n    at processTicksAndRejections (node:internal/process/task_queues:104:5)\n    at Database.query (/Users/aliasgarfatepurwala/agent-system/src/database.ts:146:22)\n    at NewsMonitor.getMetrics (/Users/aliasgarfatepurwala/agent-system/src/base-agent.ts:228:23)\n    at Orchestrator.getMetrics (/Users/aliasgarfatepurwala/agent-system/src/orchestrator.ts:368:28)\n    at /Users/aliasgarfatepurwala/agent-system/src/dashboard-server.ts:73:19"
}
[2026-09-27 09:21:31] [ERROR] [Database] Database query error {
  "error": "database \"agents\" does not exist",
  "stack": "error: database \"agents\" does not exist\n    at /Users/aliasgarfatepurwala/agent-system/node_modules/pg-pool/index.js:45:11\n    at processTicksAndRejections (node:internal/process/task_queues:104:5)\n    at Database.query (/Users/aliasgarfatepurwala/agent-system/src/database.ts:146:22)\n    at TechnicalAnalysis.getMetrics (/Users/aliasgarfatepurwala/agent-system/src/base-agent.ts:228:23)\n    at Orchestrator.getMetrics (/Users/aliasgarfatepurwala/agent-system/src/orchestrator.ts:368:28)\n    at /Users/aliasgarfatepurwala/agent-system/src/dashboard-server.ts:73:19"
}
[2026-09-27 09:21:31] [ERROR] [Agent] Failed to get metrics {
  "error": "database \"agents\" does not exist",
  "stack": "error: database \"agents\" does not exist\n    at /Users/aliasgarfatepurwala/agent-system/node_modules/pg-pool/index.js:45:11\n    at processTicksAndRejections (node:internal/process/task_queues:104:5)\n    at Database.query (/Users/aliasgarfatepurwala/agent-system/src/database.ts:146:22)\n    at TechnicalAnalysis.getMetrics (/Users/aliasgarfatepurwala/agent-system/src/base-agent.ts:228:23)\n    at Orchestrator.getMetrics (/Users/aliasgarfatepurwala/agent-system/src/orchestrator.ts:368:28)\n    at /Users/aliasgarfatepurwala/agent-system/src/dashboard-server.ts:73:19"
}
[2026-09-27 09:21:31] [ERROR] [Database] Database query error {
  "error": "database \"agents\" does not exist",
  "stack": "error: database \"agents\" does not exist\n    at /Users/aliasgarfatepurwala/agent-system/node_modules/pg-pool/index.js:45:11\n    at processTicksAndRejections (node:internal/process/task_queues:104:5)\n    at Database.query (/Users/aliasgarfatepurwala/agent-system/src/database.ts:146:22)\n    at RiskManagement.getMetrics (/Users/aliasgarfatepurwala/agent-system/src/base-agent.ts:228:23)\n    at Orchestrator.getMetrics (/Users/aliasgarfatepurwala/agent-system/src/orchestrator.ts:368:28)\n    at /Users/aliasgarfatepurwala/agent-system/src/dashboard-server.ts:73:19"
}
[2026-09-27 09:21:31] [ERROR] [Agent] Failed to get metrics {
  "error": "database \"agents\" does not exist",
  "stack": "error: database \"agents\" does not exist\n    at /Users/aliasgarfatepurwala/agent-system/node_modules/pg-pool/index.js:45:11\n    at processTicksAndRejections (node:internal/process/task_queues:104:5)\n    at Database.query (/Users/aliasgarfatepurwala/agent-system/src/database.ts:146:22)\n    at RiskManagement.getMetrics (/Users/aliasgarfatepurwala/agent-system/src/base-agent.ts:228:23)\n    at Orchestrator.getMetrics (/Users/aliasgarfatepurwala/agent-system/src/orchestrator.ts:368:28)\n    at /Users/aliasgarfatepurwala/agent-system/src/dashboard-server.ts:73:19"
}
[2026-09-27 09:21:31] [ERROR] [Database] Database query error {
  "error": "database \"agents\" does not exist",
  "stack": "error: database \"agents\" does not exist\n    at /Users/aliasgarfatepurwala/agent-system/node_modules/pg-pool/index.js:45:11\n    at processTicksAndRejections (node:internal/process/task_queues:104:5)\n    at Database.query (/Users/aliasgarfatepurwala/agent-system/src/database.ts:146:22)\n    at GridTradingBot.getMetrics (/Users/aliasgarfatepurwala/agent-system/src/base-agent.ts:228:23)\n    at Orchestrator.getMetrics (/Users/aliasgarfatepurwala/agent-system/src/orchestrator.ts:368:28)\n    at /Users/aliasgarfatepurwala/agent-system/src/dashboard-server.ts:73:19"
}
[2026-09-27 09:21:31] [ERROR] [Agent] Failed to get metrics {
  "error": "database \"agents\" does not exist",
  "stack": "error: database \"agents\" does not exist\n    at /Users/aliasgarfatepurwala/agent-system/node_modules/pg-pool/index.js:45:11\n    at processTicksAndRejections (node:internal/process/task_queues:104:5)\n    at Database.query (/Users/aliasgarfatepurwala/agent-system/src/database.ts:146:22)\n    at GridTradingBot.getMetrics (/Users/aliasgarfatepurwala/agent-system/src/base-agent.ts:228:23)\n    at Orchestrator.getMetrics (/Users/aliasgarfatepurwala/agent-system/src/orchestrator.ts:368:28)\n    at /Users/aliasgarfatepurwala/agent-system/src/dashboard-server.ts:73:19"
}
[2026-09-27 09:21:31] [ERROR] [Database] Database query error {
  "error": "database \"agents\" does not exist",
  "stack": "error: database \"agents\" does not exist\n    at /Users/aliasgarfatepurwala/agent-system/node_modules/pg-pool/index.js:45:11\n    at processTicksAndRejections (node:internal/process/task_queues:104:5)\n    at Database.query (/Users/aliasgarfatepurwala/agent-system/src/database.ts:146:22)\n    at MomentumTrader.getMetrics (/Users/aliasgarfatepurwala/agent-system/src/base-agent.ts:228:23)\n    at Orchestrator.getMetrics (/Users/aliasgarfatepurwala/agent-system/src/orchestrator.ts:368:28)\n    at /Users/aliasgarfatepurwala/agent-system/src/dashboard-server.ts:73:19"
}
[2026-09-27 09:21:31] [ERROR] [Agent] Failed to get metrics {
  "error": "database \"agents\" does not exist",
  "stack": "error: database \"agents\" does not exist\n    at /Users/aliasgarfatepurwala/agent-system/node_modules/pg-pool/index.js:45:11\n    at processTicksAndRejections (node:internal/process/task_queues:104:5)\n    at Database.query (/Users/aliasgarfatepurwala/agent-system/src/database.ts:146:22)\n    at MomentumTrader.getMetrics (/Users/aliasgarfatepurwala/agent-system/src/base-agent.ts:228:23)\n    at Orchestrator.getMetrics (/Users/aliasgarfatepurwala/agent-system/src/orchestrator.ts:368:28)\n    at /Users/aliasgarfatepurwala/agent-system/src/dashboard-server.ts:73:19"
}
[2026-09-27 09:21:31] [ERROR] [Database] Database query error {
  "error": "database \"agents\" does not exist",
  "stack": "error: database \"agents\" does not exist\n    at /Users/aliasgarfatepurwala/agent-system/node_modules/pg-pool/index.js:45:11\n    at processTicksAndRejections (node:internal/process/task_queues:104:5)\n    at Database.query (/Users/aliasgarfatepurwala/agent-system/src/database.ts:146:22)\n    at MeanReversionBot.getMetrics (/Users/aliasgarfatepurwala/agent-system/src/base-agent.ts:228:23)\n    at Orchestrator.getMetrics (/Users/aliasgarfatepurwala/agent-system/src/orchestrator.ts:368:28)\n    at /Users/aliasgarfatepurwala/agent-system/src/dashboard-server.ts:73:19"
}
[2026-09-27 09:21:31] [ERROR] [Agent] Failed to get metrics {
  "error": "database \"agents\" does not exist",
  "stack": "error: database \"agents\" does not exist\n    at /Users/aliasgarfatepurwala/agent-system/node_modules/pg-pool/index.js:45:11\n    at processTicksAndRejections (node:internal/process/task_queues:104:5)\n    at Database.query (/Users/aliasgarfatepurwala/agent-system/src/database.ts:146:22)\n    at MeanReversionBot.getMetrics (/Users/aliasgarfatepurwala/agent-system/src/base-agent.ts:228:23)\n    at Orchestrator.getMetrics (/Users/aliasgarfatepurwala/agent-system/src/orchestrator.ts:368:28)\n    at /Users/aliasgarfatepurwala/agent-system/src/dashboard-server.ts:73:19"
}
[2026-09-27 09:21:31] [ERROR] [Database] Database query error {
  "error": "database \"agents\" does not exist",
  "stack": "error: database \"agents\" does not exist\n    at /Users/aliasgarfatepurwala/agent-system/node_modules/pg-pool/index.js:45:11\n    at processTicksAndRejections (node:internal/process/task_queues:104:5)\n    at Database.query (/Users/aliasgarfatepurwala/agent-system/src/database.ts:146:22)\n    at ArbitrageBot.getMetrics (/Users/aliasgarfatepurwala/agent-system/src/base-agent.ts:228:23)\n    at Orchestrator.getMetrics (/Users/aliasgarfatepurwala/agent-system/src/orchestrator.ts:368:28)\n    at /Users/aliasgarfatepurwala/agent-system/src/dashboard-server.ts:73:19"
}
[2026-09-27 09:21:31] [ERROR] [Agent] Failed to get metrics {
  "error": "database \"agents\" does not exist",
  "stack": "error: database \"agents\" does not exist\n    at /Users/aliasgarfatepurwala/agent-system/node_modules/pg-pool/index.js:45:11\n    at processTicksAndRejections (node:internal/process/task_queues:104:5)\n    at Database.query (/Users/aliasgarfatepurwala/agent-system/src/database.ts:146:22)\n    at ArbitrageBot.getMetrics (/Users/aliasgarfatepurwala/agent-system/src/base-agent.ts:228:23)\n    at Orchestrator.getMetrics (/Users/aliasgarfatepurwala/agent-system/src/orchestrator.ts:368:28)\n    at /Users/aliasgarfatepurwala/agent-system/src/dashboard-server.ts:73:19"
}
[2026-09-27 09:21:31] [ERROR] [Database] Database query error {
  "error": "database \"agents\" does not exist",
  "stack": "error: database \"agents\" does not exist\n    at /Users/aliasgarfatepurwala/agent-system/node_modules/pg-pool/index.js:45:11\n    at processTicksAndRejections (node:internal/process/task_queues:104:5)\n    at Database.query (/Users/aliasgarfatepurwala/agent-system/src/database.ts:146:22)\n    at ScalpingBot.getMetrics (/Users/aliasgarfatepurwala/agent-system/src/base-agent.ts:228:23)\n    at Orchestrator.getMetrics (/Users/aliasgarfatepurwala/agent-system/src/orchestrator.ts:368:28)\n    at /Users/aliasgarfatepurwala/agent-system/src/dashboard-server.ts:73:19"
}
[2026-09-27 09:21:31] [ERROR] [Agent] Failed to get metrics {
  "error": "database \"agents\" does not exist",
  "stack": "error: database \"agents\" does not exist\n    at /Users/aliasgarfatepurwala/agent-system/node_modules/pg-pool/index.js:45:11\n    at processTicksAndRejections (node:internal/process/task_queues:104:5)\n    at Database.query (/Users/aliasgarfatepurwala/agent-system/src/database.ts:146:22)\n    at ScalpingBot.getMetrics (/Users/aliasgarfatepurwala/agent-system/src/base-agent.ts:228:23)\n    at Orchestrator.getMetrics (/Users/aliasgarfatepurwala/agent-system/src/orchestrator.ts:368:28)\n    at /Users/aliasgarfatepurwala/agent-system/src/dashboard-server.ts:73:19"
}
[2026-09-27 09:21:31] [ERROR] [Database] Database query error {
  "error": "database \"agents\" does not exist",
  "stack": "error: database \"agents\" does not exist\n    at /Users/aliasgarfatepurwala/agent-system/node_modules/pg-pool/index.js:45:11\n    at processTicksAndRejections (node:internal/process/task_queues:104:5)\n    at Database.query (/Users/aliasgarfatepurwala/agent-system/src/database.ts:146:22)\n    at VolatilityTrader.getMetrics (/Users/aliasgarfatepurwala/agent-system/src/base-agent.ts:228:23)\n    at Orchestrator.getMetrics (/Users/aliasgarfatepurwala/agent-system/src/orchestrator.ts:368:28)\n    at /Users/aliasgarfatepurwala/agent-system/src/dashboard-server.ts:73:19"
}
[2026-09-27 09:21:31] [ERROR] [Agent] Failed to get metrics {
  "error": "database \"agents\" does not exist",
  "stack": "error: database \"agents\" does not exist\n    at /Users/aliasgarfatepurwala/agent-system/node_modules/pg-pool/index.js:45:11\n    at processTicksAndRejections (node:internal/process/task_queues:104:5)\n    at Database.query (/Users/aliasgarfatepurwala/agent-system/src/database.ts:146:22)\n    at VolatilityTrader.getMetrics (/Users/aliasgarfatepurwala/agent-system/src/base-agent.ts:228:23)\n    at Orchestrator.getMetrics (/Users/aliasgarfatepurwala/agent-system/src/orchestrator.ts:368:28)\n    at /Users/aliasgarfatepurwala/agent-system/src/dashboard-server.ts:73:19"
}
[2026-09-27 09:21:31] [ERROR] [Database] Database query error {
  "error": "database \"agents\" does not exist",
  "stack": "error: database \"agents\" does not exist\n    at /Users/aliasgarfatepurwala/agent-system/node_modules/pg-pool/index.js:45:11\n    at processTicksAndRejections (node:internal/process/task_queues:104:5)\n    at Database.query (/Users/aliasgarfatepurwala/agent-system/src/database.ts:146:22)\n    at SupportResistanceBot.getMetrics (/Users/aliasgarfatepurwala/agent-system/src/base-agent.ts:228:23)\n    at Orchestrator.getMetrics (/Users/aliasgarfatepurwala/agent-system/src/orchestrator.ts:368:28)\n    at /Users/aliasgarfatepurwala/agent-system/src/dashboard-server.ts:73:19"
}
[2026-09-27 09:21:31] [ERROR] [Agent] Failed to get metrics {
  "error": "database \"agents\" does not exist",
  "stack": "error: database \"agents\" does not exist\n    at /Users/aliasgarfatepurwala/agent-system/node_modules/pg-pool/index.js:45:11\n    at processTicksAndRejections (node:internal/process/task_queues:104:5)\n    at Database.query (/Users/aliasgarfatepurwala/agent-system/src/database.ts:146:22)\n    at SupportResistanceBot.getMetrics (/Users/aliasgarfatepurwala/agent-system/src/base-agent.ts:228:23)\n    at Orchestrator.getMetrics (/Users/aliasgarfatepurwala/agent-system/src/orchestrator.ts:368:28)\n    at /Users/aliasgarfatepurwala/agent-system/src/dashboard-server.ts:73:19"
}
[2026-09-27 09:21:31] [ERROR] [Database] Database query error {
  "error": "database \"agents\" does not exist",
  "stack": "error: database \"agents\" does not exist\n    at /Users/aliasgarfatepurwala/agent-system/node_modules/pg-pool/index.js:45:11\n    at processTicksAndRejections (node:internal/process/task_queues:104:5)\n    at Database.query (/Users/aliasgarfatepurwala/agent-system/src/database.ts:146:22)\n    at CorrelationTrader.getMetrics (/Users/aliasgarfatepurwala/agent-system/src/base-agent.ts:228:23)\n    at Orchestrator.getMetrics (/Users/aliasgarfatepurwala/agent-system/src/orchestrator.ts:368:28)\n    at /Users/aliasgarfatepurwala/agent-system/src/dashboard-server.ts:73:19"
}
[2026-09-27 09:21:31] [ERROR] [Agent] Failed to get metrics {
  "error": "database \"agents\" does not exist",
  "stack": "error: database \"agents\" does not exist\n    at /Users/aliasgarfatepurwala/agent-system/node_modules/pg-pool/index.js:45:11\n    at processTicksAndRejections (node:internal/process/task_queues:104:5)\n    at Database.query (/Users/aliasgarfatepurwala/agent-system/src/database.ts:146:22)\n    at CorrelationTrader.getMetrics (/Users/aliasgarfatepurwala/agent-system/src/base-agent.ts:228:23)\n    at Orchestrator.getMetrics (/Users/aliasgarfatepurwala/agent-system/src/orchestrator.ts:368:28)\n    at /Users/aliasgarfatepurwala/agent-system/src/dashboard-server.ts:73:19"
}
[2026-09-27 09:21:31] [ERROR] [Database] Database query error {
  "error": "database \"agents\" does not exist",
  "stack": "error: database \"agents\" does not exist\n    at /Users/aliasgarfatepurwala/agent-system/node_modules/pg-pool/index.js:45:11\n    at processTicksAndRejections (node:internal/process/task_queues:104:5)\n    at Database.query (/Users/aliasgarfatepurwala/agent-system/src/database.ts:146:22)\n    at BollingerBandsBot.getMetrics (/Users/aliasgarfatepurwala/agent-system/src/base-agent.ts:228:23)\n    at Orchestrator.getMetrics (/Users/aliasgarfatepurwala/agent-system/src/orchestrator.ts:368:28)\n    at /Users/aliasgarfatepurwala/agent-system/src/dashboard-server.ts:73:19"
}
[2026-09-27 09:21:31] [ERROR] [Agent] Failed to get metrics {
  "error": "database \"agents\" does not exist",
  "stack": "error: database \"agents\" does not exist\n    at /Users/aliasgarfatepurwala/agent-system/node_modules/pg-pool/index.js:45:11\n    at processTicksAndRejections (node:internal/process/task_queues:104:5)\n    at Database.query (/Users/aliasgarfatepurwala/agent-system/src/database.ts:146:22)\n    at BollingerBandsBot.getMetrics (/Users/aliasgarfatepurwala/agent-system/src/base-agent.ts:228:23)\n    at Orchestrator.getMetrics (/Users/aliasgarfatepurwala/agent-system/src/orchestrator.ts:368:28)\n    at /Users/aliasgarfatepurwala/agent-system/src/dashboard-server.ts:73:19"
}
[2026-09-27 09:21:31] [ERROR] [Database] Database query error {
  "error": "database \"agents\" does not exist",
  "stack": "error: database \"agents\" does not exist\n    at /Users/aliasgarfatepurwala/agent-system/node_modules/pg-pool/index.js:45:11\n    at processTicksAndRejections (node:internal/process/task_queues:104:5)\n    at Database.query (/Users/aliasgarfatepurwala/agent-system/src/database.ts:146:22)\n    at MACDTrader.getMetrics (/Users/aliasgarfatepurwala/agent-system/src/base-agent.ts:228:23)\n    at Orchestrator.getMetrics (/Users/aliasgarfatepurwala/agent-system/src/orchestrator.ts:368:28)\n    at /Users/aliasgarfatepurwala/agent-system/src/dashboard-server.ts:73:19"
}
[2026-09-27 09:21:31] [ERROR] [Agent] Failed to get metrics {
  "error": "database \"agents\" does not exist",
  "stack": "error: database \"agents\" does not exist\n    at /Users/aliasgarfatepurwala/agent-system/node_modules/pg-pool/index.js:45:11\n    at processTicksAndRejections (node:internal/process/task_queues:104:5)\n    at Database.query (/Users/aliasgarfatepurwala/agent-system/src/database.ts:146:22)\n    at MACDTrader.getMetrics (/Users/aliasgarfatepurwala/agent-system/src/base-agent.ts:228:23)\n    at Orchestrator.getMetrics (/Users/aliasgarfatepurwala/agent-system/src/orchestrator.ts:368:28)\n    at /Users/aliasgarfatepurwala/agent-system/src/dashboard-server.ts:73:19"
}
[2026-09-27 09:21:31] [ERROR] [Database] Database query error {
  "error": "database \"agents\" does not exist",
  "stack": "error: database \"agents\" does not exist\n    at /Users/aliasgarfatepurwala/agent-system/node_modules/pg-pool/index.js:45:11\n    at processTicksAndRejections (node:internal/process/task_queues:104:5)\n    at Database.query (/Users/aliasgarfatepurwala/agent-system/src/database.ts:146:22)\n    at RSIBot.getMetrics (/Users/aliasgarfatepurwala/agent-system/src/base-agent.ts:228:23)\n    at Orchestrator.getMetrics (/Users/aliasgarfatepurwala/agent-system/src/orchestrator.ts:368:28)\n    at /Users/aliasgarfatepurwala/agent-system/src/dashboard-server.ts:73:19"
}
[2026-09-27 09:21:31] [ERROR] [Agent] Failed to get metrics {
  "error": "database \"agents\" does not exist",
  "stack": "error: database \"agents\" does not exist\n    at /Users/aliasgarfatepurwala/agent-system/node_modules/pg-pool/index.js:45:11\n    at processTicksAndRejections (node:internal/process/task_queues:104:5)\n    at Database.query (/Users/aliasgarfatepurwala/agent-system/src/database.ts:146:22)\n    at RSIBot.getMetrics (/Users/aliasgarfatepurwala/agent-system/src/base-agent.ts:228:23)\n    at Orchestrator.getMetrics (/Users/aliasgarfatepurwala/agent-system/src/orchestrator.ts:368:28)\n    at /Users/aliasgarfatepurwala/agent-system/src/dashboard-server.ts:73:19"
}
[2026-09-27 09:21:31] [ERROR] [Database] Database query error {
  "error": "database \"agents\" does not exist",
  "stack": "error: database \"agents\" does not exist\n    at /Users/aliasgarfatepurwala/agent-system/node_modules/pg-pool/index.js:45:11\n    at processTicksAndRejections (node:internal/process/task_queues:104:5)\n    at Database.query (/Users/aliasgarfatepurwala/agent-system/src/database.ts:146:22)\n    at VolumeProfileBot.getMetrics (/Users/aliasgarfatepurwala/agent-system/src/base-agent.ts:228:23)\n    at Orchestrator.getMetrics (/Users/aliasgarfatepurwala/agent-system/src/orchestrator.ts:368:28)\n    at /Users/aliasgarfatepurwala/agent-system/src/dashboard-server.ts:73:19"
}
[2026-09-27 09:21:31] [ERROR] [Agent] Failed to get metrics {
  "error": "database \"agents\" does not exist",
  "stack": "error: database \"agents\" does not exist\n    at /Users/aliasgarfatepurwala/agent-system/node_modules/pg-pool/index.js:45:11\n    at processTicksAndRejections (node:internal/process/task_queues:104:5)\n    at Database.query (/Users/aliasgarfatepurwala/agent-system/src/database.ts:146:22)\n    at VolumeProfileBot.getMetrics (/Users/aliasgarfatepurwala/agent-system/src/base-agent.ts:228:23)\n    at Orchestrator.getMetrics (/Users/aliasgarfatepurwala/agent-system/src/orchestrator.ts:368:28)\n    at /Users/aliasgarfatepurwala/agent-system/src/dashboard-server.ts:73:19"
}
[2026-09-27 09:21:31] [ERROR] [Database] Database query error {
  "error": "database \"agents\" does not exist",
  "stack": "error: database \"agents\" does not exist\n    at /Users/aliasgarfatepurwala/agent-system/node_modules/pg-pool/index.js:45:11\n    at processTicksAndRejections (node:internal/process/task_queues:104:5)\n    at Database.query (/Users/aliasgarfatepurwala/agent-system/src/database.ts:146:22)\n    at SentimentAnalyzer.getMetrics (/Users/aliasgarfatepurwala/agent-system/src/base-agent.ts:228:23)\n    at Orchestrator.getMetrics (/Users/aliasgarfatepurwala/agent-system/src/orchestrator.ts:368:28)\n    at /Users/aliasgarfatepurwala/agent-system/src/dashboard-server.ts:73:19"
}
[2026-09-27 09:21:31] [ERROR] [Agent] Failed to get metrics {
  "error": "database \"agents\" does not exist",
  "stack": "error: database \"agents\" does not exist\n    at /Users/aliasgarfatepurwala/agent-system/node_modules/pg-pool/index.js:45:11\n    at processTicksAndRejections (node:internal/process/task_queues:104:5)\n    at Database.query (/Users/aliasgarfatepurwala/agent-system/src/database.ts:146:22)\n    at SentimentAnalyzer.getMetrics (/Users/aliasgarfatepurwala/agent-system/src/base-agent.ts:228:23)\n    at Orchestrator.getMetrics (/Users/aliasgarfatepurwala/agent-system/src/orchestrator.ts:368:28)\n    at /Users/aliasgarfatepurwala/agent-system/src/dashboard-server.ts:73:19"
}
[2026-09-27 09:21:38] [INFO] [DashboardServer] GET /api/agents/status
[2026-09-27 09:21:46] [ERROR] [Agent] GET request failed: https://newsapi.org/v2/everything?q=cryptocurrency&sortBy=publishedAt&language=en&pageSize=10 {
  "error": "timeout of 30000ms exceeded",
  "stack": "AxiosError: timeout of 30000ms exceeded\n    at createTimeoutError (/Users/aliasgarfatepurwala/agent-system/node_modules/axios/dist/node/axios.cjs:4308:14)\n    at RedirectableRequest.handleTimeout (/Users/aliasgarfatepurwala/agent-system/node_modules/axios/dist/node/axios.cjs:4842:15)\n    at RedirectableRequest.emit (node:events:514:20)\n    at Timeout._onTimeout (/Users/aliasgarfatepurwala/agent-system/node_modules/follow-redirects/index.js:233:12)\n    at listOnTimeout (node:internal/timers:685:17)\n    at processTimers (node:internal/timers:618:7)\n    at Axios.request (/Users/aliasgarfatepurwala/agent-system/node_modules/axios/dist/node/axios.cjs:6308:43)\n    at processTicksAndRejections (node:internal/process/task_queues:104:5)\n    at NewsMonitor.get (/Users/aliasgarfatepurwala/agent-system/src/base-agent.ts:260:26)\n    at NewsMonitor.fetchNews (/Users/aliasgarfatepurwala/agent-system/src/agents/news-monitor.ts:129:24)\n    at NewsMonitor.execute (/Users/aliasgarfatepurwala/agent-system/src/agents/news-monitor.ts:58:25)\n    at NewsMonitor.run (/Users/aliasgarfatepurwala/agent-system/src/base-agent.ts:98:20)\n    at Orchestrator.runAgent (/Users/aliasgarfatepurwala/agent-system/src/orchestrator.ts:296:22)\n    at async Promise.allSettled (index 4)\n    at Orchestrator.runAllAgents (/Users/aliasgarfatepurwala/agent-system/src/orchestrator.ts:271:5)\n    at Orchestrator.start (/Users/aliasgarfatepurwala/agent-system/src/orchestrator.ts:252:5)"
}
[2026-09-27 09:21:46] [INFO] [Agent] ℹ️ NewsAPI unavailable (unknown), using mock data
[2026-09-27 09:21:46] [INFO] [Agent] 📰 CoinTelegraph: Bitcoin Hits New All-Time High Amid Institutional Adoption... [positive/medium]
[2026-09-27 09:21:46] [INFO] [Agent] 📰 CryptoBreifing: Ethereum Technical Analysis Shows Bullish Breakout... [positive/medium]
[2026-09-27 09:21:46] [INFO] [Agent] 📰 Decrypt: Regulatory Uncertainty Impacts Market... [neutral/low]
[2026-09-27 09:21:46] [INFO] [Orchestrator] 📊 [news-monitor] News sentiment shift {
  "totalNewsItems": 3,
  "criticalCount": 0,
  "positiveSentiment": 2,
  "negativeSentiment": 0
}
[2026-09-27 09:21:46] [INFO] [Agent] ✅ News Monitor: Scan completed
[2026-09-27 09:21:46] [INFO] [Agent] ✅ Execution completed in 30049ms
[2026-09-27 09:21:46] [ERROR] [Database] Insert into agent_results failed {
  "error": "database \"agents\" does not exist",
  "stack": "error: database \"agents\" does not exist\n    at /Users/aliasgarfatepurwala/agent-system/node_modules/pg-pool/index.js:45:11\n    at processTicksAndRejections (node:internal/process/task_queues:104:5)\n    at Database.insert (/Users/aliasgarfatepurwala/agent-system/src/database.ts:169:22)\n    at NewsMonitor.saveResult (/Users/aliasgarfatepurwala/agent-system/src/base-agent.ts:209:7)\n    at NewsMonitor.run (/Users/aliasgarfatepurwala/agent-system/src/base-agent.ts:117:7)\n    at Orchestrator.runAgent (/Users/aliasgarfatepurwala/agent-system/src/orchestrator.ts:296:22)\n    at async Promise.allSettled (index 4)\n    at Orchestrator.runAllAgents (/Users/aliasgarfatepurwala/agent-system/src/orchestrator.ts:271:5)\n    at Orchestrator.start (/Users/aliasgarfatepurwala/agent-system/src/orchestrator.ts:252:5)\n    at startPersonalTrading (/Users/aliasgarfatepurwala/agent-system/src/personal-trading.ts:33:5)"
}
[2026-09-27 09:21:46] [ERROR] [Agent] Failed to save result to database {
  "error": "database \"agents\" does not exist",
  "stack": "error: database \"agents\" does not exist\n    at /Users/aliasgarfatepurwala/agent-system/node_modules/pg-pool/index.js:45:11\n    at processTicksAndRejections (node:internal/process/task_queues:104:5)\n    at Database.insert (/Users/aliasgarfatepurwala/agent-system/src/database.ts:169:22)\n    at NewsMonitor.saveResult (/Users/aliasgarfatepurwala/agent-system/src/base-agent.ts:209:7)\n    at NewsMonitor.run (/Users/aliasgarfatepurwala/agent-system/src/base-agent.ts:117:7)\n    at Orchestrator.runAgent (/Users/aliasgarfatepurwala/agent-system/src/orchestrator.ts:296:22)\n    at async Promise.allSettled (index 4)\n    at Orchestrator.runAllAgents (/Users/aliasgarfatepurwala/agent-system/src/orchestrator.ts:271:5)\n    at Orchestrator.start (/Users/aliasgarfatepurwala/agent-system/src/orchestrator.ts:252:5)\n    at startPersonalTrading (/Users/aliasgarfatepurwala/agent-system/src/personal-trading.ts:33:5)"
}
[2026-09-27 09:21:46] [INFO] [Orchestrator] ✅ news-monitor completed in 30057ms
[2026-09-27 09:22:26] [INFO] [Agent] ✅ Momentum Trader: Scan completed
[2026-09-27 09:22:26] [INFO] [Agent] ✅ Execution completed in 69428ms
[2026-09-27 09:22:26] [INFO] [Agent] ✅ Price data collected: [{"symbol":"BTC","price":84398.86,"currency":"USD","timestamp":"2026-09-27T05:22:26.347Z","source":"binance","change24h":0,"priceChangeStatus":"stable"}]
[2026-09-27 09:22:26] [INFO] [Agent] ✅ Execution completed in 69475ms
[2026-09-27 09:22:26] [ERROR] [Database] Insert into agent_results failed {
  "error": "database \"agents\" does not exist",
  "stack": "error: database \"agents\" does not exist\n    at /Users/aliasgarfatepurwala/agent-system/node_modules/pg-pool/index.js:45:11\n    at processTicksAndRejections (node:internal/process/task_queues:104:5)\n    at Database.insert (/Users/aliasgarfatepurwala/agent-system/src/database.ts:169:22)\n    at BitcoinPriceMonitor.saveResult (/Users/aliasgarfatepurwala/agent-system/src/base-agent.ts:209:7)\n    at BitcoinPriceMonitor.run (/Users/aliasgarfatepurwala/agent-system/src/base-agent.ts:117:7)\n    at Orchestrator.runAgent (/Users/aliasgarfatepurwala/agent-system/src/orchestrator.ts:296:22)\n    at async Promise.allSettled (index 0)\n    at Orchestrator.runAllAgents (/Users/aliasgarfatepurwala/agent-system/src/orchestrator.ts:271:5)\n    at Orchestrator.start (/Users/aliasgarfatepurwala/agent-system/src/orchestrator.ts:252:5)\n    at startPersonalTrading (/Users/aliasgarfatepurwala/agent-system/src/personal-trading.ts:33:5)"
}
[2026-09-27 09:22:26] [ERROR] [Agent] Failed to save result to database {
  "error": "database \"agents\" does not exist",
  "stack": "error: database \"agents\" does not exist\n    at /Users/aliasgarfatepurwala/agent-system/node_modules/pg-pool/index.js:45:11\n    at processTicksAndRejections (node:internal/process/task_queues:104:5)\n    at Database.insert (/Users/aliasgarfatepurwala/agent-system/src/database.ts:169:22)\n    at BitcoinPriceMonitor.saveResult (/Users/aliasgarfatepurwala/agent-system/src/base-agent.ts:209:7)\n    at BitcoinPriceMonitor.run (/Users/aliasgarfatepurwala/agent-system/src/base-agent.ts:117:7)\n    at Orchestrator.runAgent (/Users/aliasgarfatepurwala/agent-system/src/orchestrator.ts:296:22)\n    at async Promise.allSettled (index 0)\n    at Orchestrator.runAllAgents (/Users/aliasgarfatepurwala/agent-system/src/orchestrator.ts:271:5)\n    at Orchestrator.start (/Users/aliasgarfatepurwala/agent-system/src/orchestrator.ts:252:5)\n    at startPersonalTrading (/Users/aliasgarfatepurwala/agent-system/src/personal-trading.ts:33:5)"
}
[2026-09-27 09:22:26] [INFO] [Orchestrator] ✅ bitcoin-price-monitor completed in 69497ms
[2026-09-27 09:22:26] [ERROR] [Database] Insert into agent_results failed {
  "error": "database \"agents\" does not exist",
  "stack": "error: database \"agents\" does not exist\n    at /Users/aliasgarfatepurwala/agent-system/node_modules/pg-pool/index.js:45:11\n    at processTicksAndRejections (node:internal/process/task_queues:104:5)\n    at Database.insert (/Users/aliasgarfatepurwala/agent-system/src/database.ts:169:22)\n    at MomentumTrader.saveResult (/Users/aliasgarfatepurwala/agent-system/src/base-agent.ts:209:7)\n    at MomentumTrader.run (/Users/aliasgarfatepurwala/agent-system/src/base-agent.ts:117:7)\n    at Orchestrator.runAgent (/Users/aliasgarfatepurwala/agent-system/src/orchestrator.ts:296:22)\n    at async Promise.allSettled (index 8)\n    at Orchestrator.runAllAgents (/Users/aliasgarfatepurwala/agent-system/src/orchestrator.ts:271:5)\n    at Orchestrator.start (/Users/aliasgarfatepurwala/agent-system/src/orchestrator.ts:252:5)\n    at startPersonalTrading (/Users/aliasgarfatepurwala/agent-system/src/personal-trading.ts:33:5)"
}
[2026-09-27 09:22:26] [ERROR] [Agent] Failed to save result to database {
  "error": "database \"agents\" does not exist",
  "stack": "error: database \"agents\" does not exist\n    at /Users/aliasgarfatepurwala/agent-system/node_modules/pg-pool/index.js:45:11\n    at processTicksAndRejections (node:internal/process/task_queues:104:5)\n    at Database.insert (/Users/aliasgarfatepurwala/agent-system/src/database.ts:169:22)\n    at MomentumTrader.saveResult (/Users/aliasgarfatepurwala/agent-system/src/base-agent.ts:209:7)\n    at MomentumTrader.run (/Users/aliasgarfatepurwala/agent-system/src/base-agent.ts:117:7)\n    at Orchestrator.runAgent (/Users/aliasgarfatepurwala/agent-system/src/orchestrator.ts:296:22)\n    at async Promise.allSettled (index 8)\n    at Orchestrator.runAllAgents (/Users/aliasgarfatepurwala/agent-system/src/orchestrator.ts:271:5)\n    at Orchestrator.start (/Users/aliasgarfatepurwala/agent-system/src/orchestrator.ts:252:5)\n    at startPersonalTrading (/Users/aliasgarfatepurwala/agent-system/src/personal-trading.ts:33:5)"
}
[2026-09-27 09:22:26] [INFO] [Orchestrator] ✅ momentum-trader completed in 69468ms
[2026-09-27 09:22:26] [INFO] [Agent] 📊 BTC: Price $84398.86 | MA20: 84398.86 | RSI: 50.00 | Signal: NEUTRAL (weak)
[2026-09-27 09:22:26] [INFO] [Agent] 📊 ETH: Price $2696.70 | MA20: 2696.70 | RSI: 50.00 | Signal: NEUTRAL (weak)
[2026-09-27 09:22:26] [INFO] [Agent] 📊 ADA: Price $0.25 | MA20: 0.25 | RSI: 50.00 | Signal: NEUTRAL (weak)
[2026-09-27 09:22:26] [INFO] [Agent] ✅ Technical Analysis: Complete
[2026-09-27 09:22:26] [INFO] [Agent] ✅ Execution completed in 69721ms
[2026-09-27 09:22:26] [ERROR] [Database] Insert into agent_results failed {
  "error": "database \"agents\" does not exist",
  "stack": "error: database \"agents\" does not exist\n    at /Users/aliasgarfatepurwala/agent-system/node_modules/pg-pool/index.js:45:11\n    at processTicksAndRejections (node:internal/process/task_queues:104:5)\n    at Database.insert (/Users/aliasgarfatepurwala/agent-system/src/database.ts:169:22)\n    at TechnicalAnalysis.saveResult (/Users/aliasgarfatepurwala/agent-system/src/base-agent.ts:209:7)\n    at TechnicalAnalysis.run (/Users/aliasgarfatepurwala/agent-system/src/base-agent.ts:117:7)\n    at Orchestrator.runAgent (/Users/aliasgarfatepurwala/agent-system/src/orchestrator.ts:296:22)\n    at async Promise.allSettled (index 5)\n    at Orchestrator.runAllAgents (/Users/aliasgarfatepurwala/agent-system/src/orchestrator.ts:271:5)\n    at Orchestrator.start (/Users/aliasgarfatepurwala/agent-system/src/orchestrator.ts:252:5)\n    at startPersonalTrading (/Users/aliasgarfatepurwala/agent-system/src/personal-trading.ts:33:5)"
}
[2026-09-27 09:22:26] [ERROR] [Agent] Failed to save result to database {
  "error": "database \"agents\" does not exist",
  "stack": "error: database \"agents\" does not exist\n    at /Users/aliasgarfatepurwala/agent-system/node_modules/pg-pool/index.js:45:11\n    at processTicksAndRejections (node:internal/process/task_queues:104:5)\n    at Database.insert (/Users/aliasgarfatepurwala/agent-system/src/database.ts:169:22)\n    at TechnicalAnalysis.saveResult (/Users/aliasgarfatepurwala/agent-system/src/base-agent.ts:209:7)\n    at TechnicalAnalysis.run (/Users/aliasgarfatepurwala/agent-system/src/base-agent.ts:117:7)\n    at Orchestrator.runAgent (/Users/aliasgarfatepurwala/agent-system/src/orchestrator.ts:296:22)\n    at async Promise.allSettled (index 5)\n    at Orchestrator.runAllAgents (/Users/aliasgarfatepurwala/agent-system/src/orchestrator.ts:271:5)\n    at Orchestrator.start (/Users/aliasgarfatepurwala/agent-system/src/orchestrator.ts:252:5)\n    at startPersonalTrading (/Users/aliasgarfatepurwala/agent-system/src/personal-trading.ts:33:5)"
}
[2026-09-27 09:22:26] [INFO] [Orchestrator] ✅ technical-analysis completed in 69733ms
[2026-09-27 09:22:26] [INFO] [Agent] ✅ Scan complete: Found 0 signals
[2026-09-27 09:22:26] [INFO] [Agent] ✅ Execution completed in 69827ms
[2026-09-27 09:22:26] [ERROR] [Database] Insert into agent_results failed {
  "error": "database \"agents\" does not exist",
  "stack": "error: database \"agents\" does not exist\n    at /Users/aliasgarfatepurwala/agent-system/node_modules/pg-pool/index.js:45:11\n    at processTicksAndRejections (node:internal/process/task_queues:104:5)\n    at Database.insert (/Users/aliasgarfatepurwala/agent-system/src/database.ts:169:22)\n    at PumpDumpDetector.saveResult (/Users/aliasgarfatepurwala/agent-system/src/base-agent.ts:209:7)\n    at PumpDumpDetector.run (/Users/aliasgarfatepurwala/agent-system/src/base-agent.ts:117:7)\n    at Orchestrator.runAgent (/Users/aliasgarfatepurwala/agent-system/src/orchestrator.ts:296:22)\n    at async Promise.allSettled (index 2)\n    at Orchestrator.runAllAgents (/Users/aliasgarfatepurwala/agent-system/src/orchestrator.ts:271:5)\n    at Orchestrator.start (/Users/aliasgarfatepurwala/agent-system/src/orchestrator.ts:252:5)\n    at startPersonalTrading (/Users/aliasgarfatepurwala/agent-system/src/personal-trading.ts:33:5)"
}
[2026-09-27 09:22:26] [ERROR] [Agent] Failed to save result to database {
  "error": "database \"agents\" does not exist",
  "stack": "error: database \"agents\" does not exist\n    at /Users/aliasgarfatepurwala/agent-system/node_modules/pg-pool/index.js:45:11\n    at processTicksAndRejections (node:internal/process/task_queues:104:5)\n    at Database.insert (/Users/aliasgarfatepurwala/agent-system/src/database.ts:169:22)\n    at PumpDumpDetector.saveResult (/Users/aliasgarfatepurwala/agent-system/src/base-agent.ts:209:7)\n    at PumpDumpDetector.run (/Users/aliasgarfatepurwala/agent-system/src/base-agent.ts:117:7)\n    at Orchestrator.runAgent (/Users/aliasgarfatepurwala/agent-system/src/orchestrator.ts:296:22)\n    at async Promise.allSettled (index 2)\n    at Orchestrator.runAllAgents (/Users/aliasgarfatepurwala/agent-system/src/orchestrator.ts:271:5)\n    at Orchestrator.start (/Users/aliasgarfatepurwala/agent-system/src/orchestrator.ts:252:5)\n    at startPersonalTrading (/Users/aliasgarfatepurwala/agent-system/src/personal-trading.ts:33:5)"
}
[2026-09-27 09:22:26] [INFO] [Orchestrator] ✅ pump-dump-detector completed in 69842ms
[2026-09-27 09:22:33] [WARN] [Agent] ⚠️ Could not fetch price for bitcoin
[2026-09-27 09:22:33] [INFO] [Agent] ✅ DCA Purchase: ETH - 0.027816 units @ $2696.26
[2026-09-27 09:22:33] [INFO] [Agent] 📊 Position: Total Value: $75.00, Gain/Loss: $0.00 (0.00%)
[2026-09-27 09:22:33] [INFO] [Orchestrator] 💰 [dca-bot] DCA purchase: {
  "asset": "ethereum",
  "symbol": "ETH",
  "unitsAcquired": "0.027816",
  "price": 2696.26,
  "investment": 75
}
[2026-09-27 09:22:33] [INFO] [Agent] ✅ DCA Purchase: ADA - 198.098257 units @ $0.2524
[2026-09-27 09:22:33] [INFO] [Agent] 📊 Position: Total Value: $50.00, Gain/Loss: $0.00 (0.00%)
[2026-09-27 09:22:33] [INFO] [Orchestrator] 💰 [dca-bot] DCA purchase: {
  "asset": "cardano",
  "symbol": "ADA",
  "unitsAcquired": "198.098257",
  "price": 0.2524,
  "investment": 50
}
[2026-09-27 09:22:33] [INFO] [Orchestrator] 📊 [dca-bot] DCA portfolio updated {
  "totalInvested": 125,
  "totalValue": 125,
  "gainLoss": 0,
  "gainLossPercent": 0,
  "positions": [
    {
      "asset": "bitcoin",
      "symbol": "BTC",
      "investmentPerPeriod": 100,
      "totalInvested": 0,
      "totalUnits": 0,
      "averageCostPerUnit": 0,
      "currentPrice": 0,
      "currentValue": 0,
      "gainLoss": 0,
      "gainLossPercent": 0,
      "lastPurchaseDate": "2026-09-27T05:21:16.682Z",
      "nextScheduledPurchase": "2026-09-27T05:21:16.683Z"
    },
    {
      "asset": "ethereum",
      "symbol": "ETH",
      "investmentPerPeriod": 75,
      "totalInvested": 75,
      "totalUnits": 0.027816308516241013,
      "averageCostPerUnit": 2696.26,
      "currentPrice": 2696.26,
      "currentValue": 75,
      "gainLoss": 0,
      "gainLossPercent": 0,
      "lastPurchaseDate": "2026-09-27T05:22:33.465Z",
      "nextScheduledPurchase": "2026-10-04T05:22:33.465Z"
    },
    {
      "asset": "cardano",
      "symbol": "ADA",
      "investmentPerPeriod": 50,
      "totalInvested": 50,
      "totalUnits": 198.09825673534073,
      "averageCostPerUnit": 0.2524,
      "currentPrice": 0.2524,
      "currentValue": 50,
      "gainLoss": 0,
      "gainLossPercent": 0,
      "lastPurchaseDate": "2026-09-27T05:22:33.466Z",
      "nextScheduledPurchase": "2026-10-04T05:22:33.466Z"
    }
  ]
}
[2026-09-27 09:22:33] [INFO] [Agent] 📈 DCA Bot: Purchase cycle completed
[2026-09-27 09:22:33] [INFO] [Agent] ✅ Execution completed in 76566ms
[2026-09-27 09:22:33] [INFO] [Agent] ✅ Execution completed in 76555ms
[2026-09-27 09:22:33] [INFO] [Agent] 🚀 SCALP ADA @ $0.25 | Profit: +0.05%
[2026-09-27 09:22:33] [INFO] [Agent] ✅ Execution completed in 76557ms
[2026-09-27 09:22:33] [INFO] [Agent] 💰 ARBITRAGE: Buy BTC @ $84398.86, Sell SOL @ $0.00 | Profit: Infinity%
[2026-09-27 09:22:33] [INFO] [Agent] 💰 ARBITRAGE: Buy BTC @ $84398.86, Sell XRP @ $0.00 | Profit: Infinity%
[2026-09-27 09:22:33] [INFO] [Agent] 💰 ARBITRAGE: Buy ETH @ $2696.70, Sell SOL @ $0.00 | Profit: Infinity%
[2026-09-27 09:22:33] [INFO] [Agent] 💰 ARBITRAGE: Buy ETH @ $2696.70, Sell XRP @ $0.00 | Profit: Infinity%
[2026-09-27 09:22:33] [INFO] [Agent] 💰 ARBITRAGE: Buy ADA @ $0.25, Sell SOL @ $0.00 | Profit: Infinity%
[2026-09-27 09:22:33] [INFO] [Agent] 💰 ARBITRAGE: Buy ADA @ $0.25, Sell XRP @ $0.00 | Profit: Infinity%
[2026-09-27 09:22:33] [INFO] [Agent] 💰 ARBITRAGE: Buy BTC @ $84398.86, Sell ADA @ $0.25 | Profit: 33438434.07%
[2026-09-27 09:22:33] [INFO] [Agent] 💰 ARBITRAGE: Buy ETH @ $2696.70, Sell ADA @ $0.25 | Profit: 1068323.14%
[2026-09-27 09:22:33] [INFO] [Agent] 💰 ARBITRAGE: Buy BTC @ $84398.86, Sell ETH @ $2696.70 | Profit: 3029.71%
[2026-09-27 09:22:33] [INFO] [Agent] ✅ Arbitrage Bot: Scan completed
[2026-09-27 09:22:33] [INFO] [Agent] ✅ Execution completed in 76563ms
[2026-09-27 09:22:33] [INFO] [Agent] ✅ Mean Reversion Bot: Scan completed
[2026-09-27 09:22:33] [INFO] [Agent] ✅ Execution completed in 76566ms
[2026-09-27 09:22:33] [INFO] [Agent] 📍 SUPPORT BOUNCE BTC: Buy @ $0.00
[2026-09-27 09:22:33] [INFO] [Agent] 📍 RESISTANCE BREAK BTC: Sell @ $0.00
[2026-09-27 09:22:33] [INFO] [Agent] 📍 SUPPORT BOUNCE SOL: Buy @ $0.00
[2026-09-27 09:22:33] [INFO] [Agent] 📍 RESISTANCE BREAK SOL: Sell @ $0.00
[2026-09-27 09:22:33] [INFO] [Agent] ✅ Execution completed in 76563ms
[2026-09-27 09:22:33] [INFO] [Agent] 🔗 HIGH CORRELATION BTC/ETH: -83.1%
[2026-09-27 09:22:33] [INFO] [Agent] 🔗 HIGH CORRELATION BTC/XRP: 77.0%
[2026-09-27 09:22:33] [INFO] [Agent] 🔗 HIGH CORRELATION ETH/ADA: 90.6%
[2026-09-27 09:22:33] [INFO] [Agent] ✅ Execution completed in 76565ms
[2026-09-27 09:22:33] [INFO] [Agent] ✅ Analysis complete: Found 0 signals
[2026-09-27 09:22:33] [INFO] [Agent] ✅ Execution completed in 76564ms
[2026-09-27 09:22:33] [INFO] [Agent] ✅ MACD analysis complete: Found 0 signals
[2026-09-27 09:22:33] [INFO] [Agent] ✅ Execution completed in 76564ms
[2026-09-27 09:22:33] [INFO] [Agent] ✅ RSI analysis complete: Found 0 signals
[2026-09-27 09:22:33] [INFO] [Agent] ✅ Execution completed in 76564ms
[2026-09-27 09:22:33] [INFO] [Agent] ✅ Volume analysis complete: Found 0 signals
[2026-09-27 09:22:33] [INFO] [Agent] ✅ Execution completed in 76562ms
[2026-09-27 09:22:33] [ERROR] [Database] Insert into agent_results failed {
  "error": "database \"agents\" does not exist",
  "stack": "error: database \"agents\" does not exist\n    at /Users/aliasgarfatepurwala/agent-system/node_modules/pg-pool/index.js:45:11\n    at processTicksAndRejections (node:internal/process/task_queues:104:5)\n    at Database.insert (/Users/aliasgarfatepurwala/agent-system/src/database.ts:169:22)\n    at DCABot.saveResult (/Users/aliasgarfatepurwala/agent-system/src/base-agent.ts:209:7)\n    at DCABot.run (/Users/aliasgarfatepurwala/agent-system/src/base-agent.ts:117:7)\n    at Orchestrator.runAgent (/Users/aliasgarfatepurwala/agent-system/src/orchestrator.ts:296:22)\n    at async Promise.allSettled (index 3)\n    at Orchestrator.runAllAgents (/Users/aliasgarfatepurwala/agent-system/src/orchestrator.ts:271:5)\n    at Orchestrator.start (/Users/aliasgarfatepurwala/agent-system/src/orchestrator.ts:252:5)\n    at startPersonalTrading (/Users/aliasgarfatepurwala/agent-system/src/personal-trading.ts:33:5)"
}
[2026-09-27 09:22:33] [ERROR] [Agent] Failed to save result to database {
  "error": "database \"agents\" does not exist",
  "stack": "error: database \"agents\" does not exist\n    at /Users/aliasgarfatepurwala/agent-system/node_modules/pg-pool/index.js:45:11\n    at processTicksAndRejections (node:internal/process/task_queues:104:5)\n    at Database.insert (/Users/aliasgarfatepurwala/agent-system/src/database.ts:169:22)\n    at DCABot.saveResult (/Users/aliasgarfatepurwala/agent-system/src/base-agent.ts:209:7)\n    at DCABot.run (/Users/aliasgarfatepurwala/agent-system/src/base-agent.ts:117:7)\n    at Orchestrator.runAgent (/Users/aliasgarfatepurwala/agent-system/src/orchestrator.ts:296:22)\n    at async Promise.allSettled (index 3)\n    at Orchestrator.runAllAgents (/Users/aliasgarfatepurwala/agent-system/src/orchestrator.ts:271:5)\n    at Orchestrator.start (/Users/aliasgarfatepurwala/agent-system/src/orchestrator.ts:252:5)\n    at startPersonalTrading (/Users/aliasgarfatepurwala/agent-system/src/personal-trading.ts:33:5)"
}
[2026-09-27 09:22:33] [INFO] [Orchestrator] ✅ dca-bot completed in 76595ms
[2026-09-27 09:22:33] [ERROR] [Database] Insert into events failed {
  "error": "database \"agents\" does not exist",
  "stack": "error: database \"agents\" does not exist\n    at /Users/aliasgarfatepurwala/agent-system/node_modules/pg-pool/index.js:45:11\n    at processTicksAndRejections (node:internal/process/task_queues:104:5)\n    at Database.insert (/Users/aliasgarfatepurwala/agent-system/src/database.ts:169:22)\n    at Database.publishEvent (/Users/aliasgarfatepurwala/agent-system/src/database.ts:198:7)\n    at PortfolioTracker.publishEvent (/Users/aliasgarfatepurwala/agent-system/src/base-agent.ts:181:7)\n    at PortfolioTracker.publishPortfolioUpdate (/Users/aliasgarfatepurwala/agent-system/src/agents/portfolio-tracker.ts:214:5)\n    at PortfolioTracker.execute (/Users/aliasgarfatepurwala/agent-system/src/agents/portfolio-tracker.ts:79:7)\n    at PortfolioTracker.run (/Users/aliasgarfatepurwala/agent-system/src/base-agent.ts:98:20)\n    at Orchestrator.runAgent (/Users/aliasgarfatepurwala/agent-system/src/orchestrator.ts:296:22)\n    at async Promise.allSettled (index 1)"
}
[2026-09-27 09:22:33] [ERROR] [Database] Publish event failed {
  "error": "database \"agents\" does not exist",
  "stack": "error: database \"agents\" does not exist\n    at /Users/aliasgarfatepurwala/agent-system/node_modules/pg-pool/index.js:45:11\n    at processTicksAndRejections (node:internal/process/task_queues:104:5)\n    at Database.insert (/Users/aliasgarfatepurwala/agent-system/src/database.ts:169:22)\n    at Database.publishEvent (/Users/aliasgarfatepurwala/agent-system/src/database.ts:198:7)\n    at PortfolioTracker.publishEvent (/Users/aliasgarfatepurwala/agent-system/src/base-agent.ts:181:7)\n    at PortfolioTracker.publishPortfolioUpdate (/Users/aliasgarfatepurwala/agent-system/src/agents/portfolio-tracker.ts:214:5)\n    at PortfolioTracker.execute (/Users/aliasgarfatepurwala/agent-system/src/agents/portfolio-tracker.ts:79:7)\n    at PortfolioTracker.run (/Users/aliasgarfatepurwala/agent-system/src/base-agent.ts:98:20)\n    at Orchestrator.runAgent (/Users/aliasgarfatepurwala/agent-system/src/orchestrator.ts:296:22)\n    at async Promise.allSettled (index 1)"
}
[2026-09-27 09:22:33] [ERROR] [Database] Insert into agent_results failed {
  "error": "database \"agents\" does not exist",
  "stack": "error: database \"agents\" does not exist\n    at /Users/aliasgarfatepurwala/agent-system/node_modules/pg-pool/index.js:45:11\n    at processTicksAndRejections (node:internal/process/task_queues:104:5)\n    at Database.insert (/Users/aliasgarfatepurwala/agent-system/src/database.ts:169:22)\n    at VolatilityTrader.saveResult (/Users/aliasgarfatepurwala/agent-system/src/base-agent.ts:209:7)\n    at VolatilityTrader.run (/Users/aliasgarfatepurwala/agent-system/src/base-agent.ts:117:7)\n    at Orchestrator.runAgent (/Users/aliasgarfatepurwala/agent-system/src/orchestrator.ts:296:22)\n    at async Promise.allSettled (index 12)\n    at Orchestrator.runAllAgents (/Users/aliasgarfatepurwala/agent-system/src/orchestrator.ts:271:5)\n    at Orchestrator.start (/Users/aliasgarfatepurwala/agent-system/src/orchestrator.ts:252:5)\n    at startPersonalTrading (/Users/aliasgarfatepurwala/agent-system/src/personal-trading.ts:33:5)"
}
[2026-09-27 09:22:33] [ERROR] [Agent] Failed to save result to database {
  "error": "database \"agents\" does not exist",
  "stack": "error: database \"agents\" does not exist\n    at /Users/aliasgarfatepurwala/agent-system/node_modules/pg-pool/index.js:45:11\n    at processTicksAndRejections (node:internal/process/task_queues:104:5)\n    at Database.insert (/Users/aliasgarfatepurwala/agent-system/src/database.ts:169:22)\n    at VolatilityTrader.saveResult (/Users/aliasgarfatepurwala/agent-system/src/base-agent.ts:209:7)\n    at VolatilityTrader.run (/Users/aliasgarfatepurwala/agent-system/src/base-agent.ts:117:7)\n    at Orchestrator.runAgent (/Users/aliasgarfatepurwala/agent-system/src/orchestrator.ts:296:22)\n    at async Promise.allSettled (index 12)\n    at Orchestrator.runAllAgents (/Users/aliasgarfatepurwala/agent-system/src/orchestrator.ts:271:5)\n    at Orchestrator.start (/Users/aliasgarfatepurwala/agent-system/src/orchestrator.ts:252:5)\n    at startPersonalTrading (/Users/aliasgarfatepurwala/agent-system/src/personal-trading.ts:33:5)"
}
[2026-09-27 09:22:33] [INFO] [Orchestrator] ✅ volatility-trader completed in 76585ms
[2026-09-27 09:22:33] [ERROR] [Database] Insert into agent_results failed {
  "error": "database \"agents\" does not exist",
  "stack": "error: database \"agents\" does not exist\n    at /Users/aliasgarfatepurwala/agent-system/node_modules/pg-pool/index.js:45:11\n    at processTicksAndRejections (node:internal/process/task_queues:104:5)\n    at Database.insert (/Users/aliasgarfatepurwala/agent-system/src/database.ts:169:22)\n    at ArbitrageBot.saveResult (/Users/aliasgarfatepurwala/agent-system/src/base-agent.ts:209:7)\n    at ArbitrageBot.run (/Users/aliasgarfatepurwala/agent-system/src/base-agent.ts:117:7)\n    at Orchestrator.runAgent (/Users/aliasgarfatepurwala/agent-system/src/orchestrator.ts:296:22)\n    at async Promise.allSettled (index 10)\n    at Orchestrator.runAllAgents (/Users/aliasgarfatepurwala/agent-system/src/orchestrator.ts:271:5)\n    at Orchestrator.start (/Users/aliasgarfatepurwala/agent-system/src/orchestrator.ts:252:5)\n    at startPersonalTrading (/Users/aliasgarfatepurwala/agent-system/src/personal-trading.ts:33:5)"
}
[2026-09-27 09:22:33] [ERROR] [Agent] Failed to save result to database {
  "error": "database \"agents\" does not exist",
  "stack": "error: database \"agents\" does not exist\n    at /Users/aliasgarfatepurwala/agent-system/node_modules/pg-pool/index.js:45:11\n    at processTicksAndRejections (node:internal/process/task_queues:104:5)\n    at Database.insert (/Users/aliasgarfatepurwala/agent-system/src/database.ts:169:22)\n    at ArbitrageBot.saveResult (/Users/aliasgarfatepurwala/agent-system/src/base-agent.ts:209:7)\n    at ArbitrageBot.run (/Users/aliasgarfatepurwala/agent-system/src/base-agent.ts:117:7)\n    at Orchestrator.runAgent (/Users/aliasgarfatepurwala/agent-system/src/orchestrator.ts:296:22)\n    at async Promise.allSettled (index 10)\n    at Orchestrator.runAllAgents (/Users/aliasgarfatepurwala/agent-system/src/orchestrator.ts:271:5)\n    at Orchestrator.start (/Users/aliasgarfatepurwala/agent-system/src/orchestrator.ts:252:5)\n    at startPersonalTrading (/Users/aliasgarfatepurwala/agent-system/src/personal-trading.ts:33:5)"
}
[2026-09-27 09:22:33] [INFO] [Orchestrator] ✅ arbitrage-bot completed in 76590ms
[2026-09-27 09:22:33] [ERROR] [Database] Insert into agent_results failed {
  "error": "database \"agents\" does not exist",
  "stack": "error: database \"agents\" does not exist\n    at /Users/aliasgarfatepurwala/agent-system/node_modules/pg-pool/index.js:45:11\n    at processTicksAndRejections (node:internal/process/task_queues:104:5)\n    at Database.insert (/Users/aliasgarfatepurwala/agent-system/src/database.ts:169:22)\n    at MeanReversionBot.saveResult (/Users/aliasgarfatepurwala/agent-system/src/base-agent.ts:209:7)\n    at MeanReversionBot.run (/Users/aliasgarfatepurwala/agent-system/src/base-agent.ts:117:7)\n    at Orchestrator.runAgent (/Users/aliasgarfatepurwala/agent-system/src/orchestrator.ts:296:22)\n    at async Promise.allSettled (index 9)\n    at Orchestrator.runAllAgents (/Users/aliasgarfatepurwala/agent-system/src/orchestrator.ts:271:5)\n    at Orchestrator.start (/Users/aliasgarfatepurwala/agent-system/src/orchestrator.ts:252:5)\n    at startPersonalTrading (/Users/aliasgarfatepurwala/agent-system/src/personal-trading.ts:33:5)"
}
[2026-09-27 09:22:33] [ERROR] [Agent] Failed to save result to database {
  "error": "database \"agents\" does not exist",
  "stack": "error: database \"agents\" does not exist\n    at /Users/aliasgarfatepurwala/agent-system/node_modules/pg-pool/index.js:45:11\n    at processTicksAndRejections (node:internal/process/task_queues:104:5)\n    at Database.insert (/Users/aliasgarfatepurwala/agent-system/src/database.ts:169:22)\n    at MeanReversionBot.saveResult (/Users/aliasgarfatepurwala/agent-system/src/base-agent.ts:209:7)\n    at MeanReversionBot.run (/Users/aliasgarfatepurwala/agent-system/src/base-agent.ts:117:7)\n    at Orchestrator.runAgent (/Users/aliasgarfatepurwala/agent-system/src/orchestrator.ts:296:22)\n    at async Promise.allSettled (index 9)\n    at Orchestrator.runAllAgents (/Users/aliasgarfatepurwala/agent-system/src/orchestrator.ts:271:5)\n    at Orchestrator.start (/Users/aliasgarfatepurwala/agent-system/src/orchestrator.ts:252:5)\n    at startPersonalTrading (/Users/aliasgarfatepurwala/agent-system/src/personal-trading.ts:33:5)"
}
[2026-09-27 09:22:33] [INFO] [Orchestrator] ✅ mean-reversion-bot completed in 76593ms
[2026-09-27 09:22:33] [ERROR] [Database] Insert into agent_results failed {
  "error": "database \"agents\" does not exist",
  "stack": "error: database \"agents\" does not exist\n    at /Users/aliasgarfatepurwala/agent-system/node_modules/pg-pool/index.js:45:11\n    at processTicksAndRejections (node:internal/process/task_queues:104:5)\n    at Database.insert (/Users/aliasgarfatepurwala/agent-system/src/database.ts:169:22)\n    at ScalpingBot.saveResult (/Users/aliasgarfatepurwala/agent-system/src/base-agent.ts:209:7)\n    at ScalpingBot.run (/Users/aliasgarfatepurwala/agent-system/src/base-agent.ts:117:7)\n    at Orchestrator.runAgent (/Users/aliasgarfatepurwala/agent-system/src/orchestrator.ts:296:22)\n    at async Promise.allSettled (index 11)\n    at Orchestrator.runAllAgents (/Users/aliasgarfatepurwala/agent-system/src/orchestrator.ts:271:5)\n    at Orchestrator.start (/Users/aliasgarfatepurwala/agent-system/src/orchestrator.ts:252:5)\n    at startPersonalTrading (/Users/aliasgarfatepurwala/agent-system/src/personal-trading.ts:33:5)"
}
[2026-09-27 09:22:33] [ERROR] [Agent] Failed to save result to database {
  "error": "database \"agents\" does not exist",
  "stack": "error: database \"agents\" does not exist\n    at /Users/aliasgarfatepurwala/agent-system/node_modules/pg-pool/index.js:45:11\n    at processTicksAndRejections (node:internal/process/task_queues:104:5)\n    at Database.insert (/Users/aliasgarfatepurwala/agent-system/src/database.ts:169:22)\n    at ScalpingBot.saveResult (/Users/aliasgarfatepurwala/agent-system/src/base-agent.ts:209:7)\n    at ScalpingBot.run (/Users/aliasgarfatepurwala/agent-system/src/base-agent.ts:117:7)\n    at Orchestrator.runAgent (/Users/aliasgarfatepurwala/agent-system/src/orchestrator.ts:296:22)\n    at async Promise.allSettled (index 11)\n    at Orchestrator.runAllAgents (/Users/aliasgarfatepurwala/agent-system/src/orchestrator.ts:271:5)\n    at Orchestrator.start (/Users/aliasgarfatepurwala/agent-system/src/orchestrator.ts:252:5)\n    at startPersonalTrading (/Users/aliasgarfatepurwala/agent-system/src/personal-trading.ts:33:5)"
}
[2026-09-27 09:22:33] [INFO] [Orchestrator] ✅ scalping-bot completed in 76592ms
[2026-09-27 09:22:33] [ERROR] [Database] Insert into agent_results failed {
  "error": "database \"agents\" does not exist",
  "stack": "error: database \"agents\" does not exist\n    at /Users/aliasgarfatepurwala/agent-system/node_modules/pg-pool/index.js:45:11\n    at processTicksAndRejections (node:internal/process/task_queues:104:5)\n    at Database.insert (/Users/aliasgarfatepurwala/agent-system/src/database.ts:169:22)\n    at SupportResistanceBot.saveResult (/Users/aliasgarfatepurwala/agent-system/src/base-agent.ts:209:7)\n    at SupportResistanceBot.run (/Users/aliasgarfatepurwala/agent-system/src/base-agent.ts:117:7)\n    at Orchestrator.runAgent (/Users/aliasgarfatepurwala/agent-system/src/orchestrator.ts:296:22)\n    at async Promise.allSettled (index 13)\n    at Orchestrator.runAllAgents (/Users/aliasgarfatepurwala/agent-system/src/orchestrator.ts:271:5)\n    at Orchestrator.start (/Users/aliasgarfatepurwala/agent-system/src/orchestrator.ts:252:5)\n    at startPersonalTrading (/Users/aliasgarfatepurwala/agent-system/src/personal-trading.ts:33:5)"
}
[2026-09-27 09:22:33] [ERROR] [Agent] Failed to save result to database {
  "error": "database \"agents\" does not exist",
  "stack": "error: database \"agents\" does not exist\n    at /Users/aliasgarfatepurwala/agent-system/node_modules/pg-pool/index.js:45:11\n    at processTicksAndRejections (node:internal/process/task_queues:104:5)\n    at Database.insert (/Users/aliasgarfatepurwala/agent-system/src/database.ts:169:22)\n    at SupportResistanceBot.saveResult (/Users/aliasgarfatepurwala/agent-system/src/base-agent.ts:209:7)\n    at SupportResistanceBot.run (/Users/aliasgarfatepurwala/agent-system/src/base-agent.ts:117:7)\n    at Orchestrator.runAgent (/Users/aliasgarfatepurwala/agent-system/src/orchestrator.ts:296:22)\n    at async Promise.allSettled (index 13)\n    at Orchestrator.runAllAgents (/Users/aliasgarfatepurwala/agent-system/src/orchestrator.ts:271:5)\n    at Orchestrator.start (/Users/aliasgarfatepurwala/agent-system/src/orchestrator.ts:252:5)\n    at startPersonalTrading (/Users/aliasgarfatepurwala/agent-system/src/personal-trading.ts:33:5)"
}
[2026-09-27 09:22:33] [INFO] [Orchestrator] ✅ support-resistance-bot completed in 76591ms
[2026-09-27 09:22:33] [ERROR] [Database] Insert into agent_results failed {
  "error": "database \"agents\" does not exist",
  "stack": "error: database \"agents\" does not exist\n    at /Users/aliasgarfatepurwala/agent-system/node_modules/pg-pool/index.js:45:11\n    at processTicksAndRejections (node:internal/process/task_queues:104:5)\n    at Database.insert (/Users/aliasgarfatepurwala/agent-system/src/database.ts:169:22)\n    at CorrelationTrader.saveResult (/Users/aliasgarfatepurwala/agent-system/src/base-agent.ts:209:7)\n    at CorrelationTrader.run (/Users/aliasgarfatepurwala/agent-system/src/base-agent.ts:117:7)\n    at Orchestrator.runAgent (/Users/aliasgarfatepurwala/agent-system/src/orchestrator.ts:296:22)\n    at async Promise.allSettled (index 14)\n    at Orchestrator.runAllAgents (/Users/aliasgarfatepurwala/agent-system/src/orchestrator.ts:271:5)\n    at Orchestrator.start (/Users/aliasgarfatepurwala/agent-system/src/orchestrator.ts:252:5)\n    at startPersonalTrading (/Users/aliasgarfatepurwala/agent-system/src/personal-trading.ts:33:5)"
}
[2026-09-27 09:22:33] [ERROR] [Agent] Failed to save result to database {
  "error": "database \"agents\" does not exist",
  "stack": "error: database \"agents\" does not exist\n    at /Users/aliasgarfatepurwala/agent-system/node_modules/pg-pool/index.js:45:11\n    at processTicksAndRejections (node:internal/process/task_queues:104:5)\n    at Database.insert (/Users/aliasgarfatepurwala/agent-system/src/database.ts:169:22)\n    at CorrelationTrader.saveResult (/Users/aliasgarfatepurwala/agent-system/src/base-agent.ts:209:7)\n    at CorrelationTrader.run (/Users/aliasgarfatepurwala/agent-system/src/base-agent.ts:117:7)\n    at Orchestrator.runAgent (/Users/aliasgarfatepurwala/agent-system/src/orchestrator.ts:296:22)\n    at async Promise.allSettled (index 14)\n    at Orchestrator.runAllAgents (/Users/aliasgarfatepurwala/agent-system/src/orchestrator.ts:271:5)\n    at Orchestrator.start (/Users/aliasgarfatepurwala/agent-system/src/orchestrator.ts:252:5)\n    at startPersonalTrading (/Users/aliasgarfatepurwala/agent-system/src/personal-trading.ts:33:5)"
}
[2026-09-27 09:22:33] [INFO] [Orchestrator] ✅ correlation-trader completed in 76591ms
[2026-09-27 09:22:33] [ERROR] [Database] Insert into agent_results failed {
  "error": "database \"agents\" does not exist",
  "stack": "error: database \"agents\" does not exist\n    at /Users/aliasgarfatepurwala/agent-system/node_modules/pg-pool/index.js:45:11\n    at processTicksAndRejections (node:internal/process/task_queues:104:5)\n    at Database.insert (/Users/aliasgarfatepurwala/agent-system/src/database.ts:169:22)\n    at BollingerBandsBot.saveResult (/Users/aliasgarfatepurwala/agent-system/src/base-agent.ts:209:7)\n    at BollingerBandsBot.run (/Users/aliasgarfatepurwala/agent-system/src/base-agent.ts:117:7)\n    at Orchestrator.runAgent (/Users/aliasgarfatepurwala/agent-system/src/orchestrator.ts:296:22)\n    at async Promise.allSettled (index 15)\n    at Orchestrator.runAllAgents (/Users/aliasgarfatepurwala/agent-system/src/orchestrator.ts:271:5)\n    at Orchestrator.start (/Users/aliasgarfatepurwala/agent-system/src/orchestrator.ts:252:5)\n    at startPersonalTrading (/Users/aliasgarfatepurwala/agent-system/src/personal-trading.ts:33:5)"
}
[2026-09-27 09:22:33] [ERROR] [Agent] Failed to save result to database {
  "error": "database \"agents\" does not exist",
  "stack": "error: database \"agents\" does not exist\n    at /Users/aliasgarfatepurwala/agent-system/node_modules/pg-pool/index.js:45:11\n    at processTicksAndRejections (node:internal/process/task_queues:104:5)\n    at Database.insert (/Users/aliasgarfatepurwala/agent-system/src/database.ts:169:22)\n    at BollingerBandsBot.saveResult (/Users/aliasgarfatepurwala/agent-system/src/base-agent.ts:209:7)\n    at BollingerBandsBot.run (/Users/aliasgarfatepurwala/agent-system/src/base-agent.ts:117:7)\n    at Orchestrator.runAgent (/Users/aliasgarfatepurwala/agent-system/src/orchestrator.ts:296:22)\n    at async Promise.allSettled (index 15)\n    at Orchestrator.runAllAgents (/Users/aliasgarfatepurwala/agent-system/src/orchestrator.ts:271:5)\n    at Orchestrator.start (/Users/aliasgarfatepurwala/agent-system/src/orchestrator.ts:252:5)\n    at startPersonalTrading (/Users/aliasgarfatepurwala/agent-system/src/personal-trading.ts:33:5)"
}
[2026-09-27 09:22:33] [INFO] [Orchestrator] ✅ bollinger-bands-bot completed in 76590ms
[2026-09-27 09:22:33] [ERROR] [Database] Insert into agent_results failed {
  "error": "database \"agents\" does not exist",
  "stack": "error: database \"agents\" does not exist\n    at /Users/aliasgarfatepurwala/agent-system/node_modules/pg-pool/index.js:45:11\n    at processTicksAndRejections (node:internal/process/task_queues:104:5)\n    at Database.insert (/Users/aliasgarfatepurwala/agent-system/src/database.ts:169:22)\n    at MACDTrader.saveResult (/Users/aliasgarfatepurwala/agent-system/src/base-agent.ts:209:7)\n    at MACDTrader.run (/Users/aliasgarfatepurwala/agent-system/src/base-agent.ts:117:7)\n    at Orchestrator.runAgent (/Users/aliasgarfatepurwala/agent-system/src/orchestrator.ts:296:22)\n    at async Promise.allSettled (index 16)\n    at Orchestrator.runAllAgents (/Users/aliasgarfatepurwala/agent-system/src/orchestrator.ts:271:5)\n    at Orchestrator.start (/Users/aliasgarfatepurwala/agent-system/src/orchestrator.ts:252:5)\n    at startPersonalTrading (/Users/aliasgarfatepurwala/agent-system/src/personal-trading.ts:33:5)"
}
[2026-09-27 09:22:33] [ERROR] [Agent] Failed to save result to database {
  "error": "database \"agents\" does not exist",
  "stack": "error: database \"agents\" does not exist\n    at /Users/aliasgarfatepurwala/agent-system/node_modules/pg-pool/index.js:45:11\n    at processTicksAndRejections (node:internal/process/task_queues:104:5)\n    at Database.insert (/Users/aliasgarfatepurwala/agent-system/src/database.ts:169:22)\n    at MACDTrader.saveResult (/Users/aliasgarfatepurwala/agent-system/src/base-agent.ts:209:7)\n    at MACDTrader.run (/Users/aliasgarfatepurwala/agent-system/src/base-agent.ts:117:7)\n    at Orchestrator.runAgent (/Users/aliasgarfatepurwala/agent-system/src/orchestrator.ts:296:22)\n    at async Promise.allSettled (index 16)\n    at Orchestrator.runAllAgents (/Users/aliasgarfatepurwala/agent-system/src/orchestrator.ts:271:5)\n    at Orchestrator.start (/Users/aliasgarfatepurwala/agent-system/src/orchestrator.ts:252:5)\n    at startPersonalTrading (/Users/aliasgarfatepurwala/agent-system/src/personal-trading.ts:33:5)"
}
[2026-09-27 09:22:33] [INFO] [Orchestrator] ✅ macd-trader completed in 76589ms
[2026-09-27 09:22:33] [ERROR] [Database] Insert into agent_results failed {
  "error": "database \"agents\" does not exist",
  "stack": "error: database \"agents\" does not exist\n    at /Users/aliasgarfatepurwala/agent-system/node_modules/pg-pool/index.js:45:11\n    at processTicksAndRejections (node:internal/process/task_queues:104:5)\n    at Database.insert (/Users/aliasgarfatepurwala/agent-system/src/database.ts:169:22)\n    at RSIBot.saveResult (/Users/aliasgarfatepurwala/agent-system/src/base-agent.ts:209:7)\n    at RSIBot.run (/Users/aliasgarfatepurwala/agent-system/src/base-agent.ts:117:7)\n    at Orchestrator.runAgent (/Users/aliasgarfatepurwala/agent-system/src/orchestrator.ts:296:22)\n    at async Promise.allSettled (index 17)\n    at Orchestrator.runAllAgents (/Users/aliasgarfatepurwala/agent-system/src/orchestrator.ts:271:5)\n    at Orchestrator.start (/Users/aliasgarfatepurwala/agent-system/src/orchestrator.ts:252:5)\n    at startPersonalTrading (/Users/aliasgarfatepurwala/agent-system/src/personal-trading.ts:33:5)"
}
[2026-09-27 09:22:33] [ERROR] [Agent] Failed to save result to database {
  "error": "database \"agents\" does not exist",
  "stack": "error: database \"agents\" does not exist\n    at /Users/aliasgarfatepurwala/agent-system/node_modules/pg-pool/index.js:45:11\n    at processTicksAndRejections (node:internal/process/task_queues:104:5)\n    at Database.insert (/Users/aliasgarfatepurwala/agent-system/src/database.ts:169:22)\n    at RSIBot.saveResult (/Users/aliasgarfatepurwala/agent-system/src/base-agent.ts:209:7)\n    at RSIBot.run (/Users/aliasgarfatepurwala/agent-system/src/base-agent.ts:117:7)\n    at Orchestrator.runAgent (/Users/aliasgarfatepurwala/agent-system/src/orchestrator.ts:296:22)\n    at async Promise.allSettled (index 17)\n    at Orchestrator.runAllAgents (/Users/aliasgarfatepurwala/agent-system/src/orchestrator.ts:271:5)\n    at Orchestrator.start (/Users/aliasgarfatepurwala/agent-system/src/orchestrator.ts:252:5)\n    at startPersonalTrading (/Users/aliasgarfatepurwala/agent-system/src/personal-trading.ts:33:5)"
}
[2026-09-27 09:22:33] [INFO] [Orchestrator] ✅ rsi-bot completed in 76588ms
[2026-09-27 09:22:33] [ERROR] [Database] Insert into agent_results failed {
  "error": "database \"agents\" does not exist",
  "stack": "error: database \"agents\" does not exist\n    at /Users/aliasgarfatepurwala/agent-system/node_modules/pg-pool/index.js:45:11\n    at processTicksAndRejections (node:internal/process/task_queues:104:5)\n    at Database.insert (/Users/aliasgarfatepurwala/agent-system/src/database.ts:169:22)\n    at VolumeProfileBot.saveResult (/Users/aliasgarfatepurwala/agent-system/src/base-agent.ts:209:7)\n    at VolumeProfileBot.run (/Users/aliasgarfatepurwala/agent-system/src/base-agent.ts:117:7)\n    at Orchestrator.runAgent (/Users/aliasgarfatepurwala/agent-system/src/orchestrator.ts:296:22)\n    at async Promise.allSettled (index 18)\n    at Orchestrator.runAllAgents (/Users/aliasgarfatepurwala/agent-system/src/orchestrator.ts:271:5)\n    at Orchestrator.start (/Users/aliasgarfatepurwala/agent-system/src/orchestrator.ts:252:5)\n    at startPersonalTrading (/Users/aliasgarfatepurwala/agent-system/src/personal-trading.ts:33:5)"
}
[2026-09-27 09:22:33] [ERROR] [Agent] Failed to save result to database {
  "error": "database \"agents\" does not exist",
  "stack": "error: database \"agents\" does not exist\n    at /Users/aliasgarfatepurwala/agent-system/node_modules/pg-pool/index.js:45:11\n    at processTicksAndRejections (node:internal/process/task_queues:104:5)\n    at Database.insert (/Users/aliasgarfatepurwala/agent-system/src/database.ts:169:22)\n    at VolumeProfileBot.saveResult (/Users/aliasgarfatepurwala/agent-system/src/base-agent.ts:209:7)\n    at VolumeProfileBot.run (/Users/aliasgarfatepurwala/agent-system/src/base-agent.ts:117:7)\n    at Orchestrator.runAgent (/Users/aliasgarfatepurwala/agent-system/src/orchestrator.ts:296:22)\n    at async Promise.allSettled (index 18)\n    at Orchestrator.runAllAgents (/Users/aliasgarfatepurwala/agent-system/src/orchestrator.ts:271:5)\n    at Orchestrator.start (/Users/aliasgarfatepurwala/agent-system/src/orchestrator.ts:252:5)\n    at startPersonalTrading (/Users/aliasgarfatepurwala/agent-system/src/personal-trading.ts:33:5)"
}
[2026-09-27 09:22:33] [INFO] [Orchestrator] ✅ volume-profile-bot completed in 76584ms
[2026-09-27 09:22:33] [ERROR] [Database] Insert into events failed {
  "error": "database \"agents\" does not exist",
  "stack": "error: database \"agents\" does not exist\n    at /Users/aliasgarfatepurwala/agent-system/node_modules/pg-pool/index.js:45:11\n    at processTicksAndRejections (node:internal/process/task_queues:104:5)\n    at Database.insert (/Users/aliasgarfatepurwala/agent-system/src/database.ts:169:22)\n    at Database.publishEvent (/Users/aliasgarfatepurwala/agent-system/src/database.ts:198:7)\n    at PortfolioTracker.publishEvent (/Users/aliasgarfatepurwala/agent-system/src/base-agent.ts:181:7)\n    at PortfolioTracker.execute (/Users/aliasgarfatepurwala/agent-system/src/agents/portfolio-tracker.ts:84:11)\n    at PortfolioTracker.run (/Users/aliasgarfatepurwala/agent-system/src/base-agent.ts:98:20)\n    at Orchestrator.runAgent (/Users/aliasgarfatepurwala/agent-system/src/orchestrator.ts:296:22)\n    at async Promise.allSettled (index 1)\n    at Orchestrator.runAllAgents (/Users/aliasgarfatepurwala/agent-system/src/orchestrator.ts:271:5)"
}
[2026-09-27 09:22:33] [ERROR] [Database] Publish event failed {
  "error": "database \"agents\" does not exist",
  "stack": "error: database \"agents\" does not exist\n    at /Users/aliasgarfatepurwala/agent-system/node_modules/pg-pool/index.js:45:11\n    at processTicksAndRejections (node:internal/process/task_queues:104:5)\n    at Database.insert (/Users/aliasgarfatepurwala/agent-system/src/database.ts:169:22)\n    at Database.publishEvent (/Users/aliasgarfatepurwala/agent-system/src/database.ts:198:7)\n    at PortfolioTracker.publishEvent (/Users/aliasgarfatepurwala/agent-system/src/base-agent.ts:181:7)\n    at PortfolioTracker.execute (/Users/aliasgarfatepurwala/agent-system/src/agents/portfolio-tracker.ts:84:11)\n    at PortfolioTracker.run (/Users/aliasgarfatepurwala/agent-system/src/base-agent.ts:98:20)\n    at Orchestrator.runAgent (/Users/aliasgarfatepurwala/agent-system/src/orchestrator.ts:296:22)\n    at async Promise.allSettled (index 1)\n    at Orchestrator.runAllAgents (/Users/aliasgarfatepurwala/agent-system/src/orchestrator.ts:271:5)"
}
[2026-09-27 09:22:33] [INFO] [Agent] ✅ Portfolio tracked: Total value $42199.43
[2026-09-27 09:22:33] [INFO] [Agent] ✅ Execution completed in 76614ms
[2026-09-27 09:22:33] [ERROR] [Database] Insert into agent_results failed {
  "error": "database \"agents\" does not exist",
  "stack": "error: database \"agents\" does not exist\n    at /Users/aliasgarfatepurwala/agent-system/node_modules/pg-pool/index.js:45:11\n    at processTicksAndRejections (node:internal/process/task_queues:104:5)\n    at Database.insert (/Users/aliasgarfatepurwala/agent-system/src/database.ts:169:22)\n    at PortfolioTracker.saveResult (/Users/aliasgarfatepurwala/agent-system/src/base-agent.ts:209:7)\n    at PortfolioTracker.run (/Users/aliasgarfatepurwala/agent-system/src/base-agent.ts:117:7)\n    at Orchestrator.runAgent (/Users/aliasgarfatepurwala/agent-system/src/orchestrator.ts:296:22)\n    at async Promise.allSettled (index 1)\n    at Orchestrator.runAllAgents (/Users/aliasgarfatepurwala/agent-system/src/orchestrator.ts:271:5)\n    at Orchestrator.start (/Users/aliasgarfatepurwala/agent-system/src/orchestrator.ts:252:5)\n    at startPersonalTrading (/Users/aliasgarfatepurwala/agent-system/src/personal-trading.ts:33:5)"
}
[2026-09-27 09:22:33] [ERROR] [Agent] Failed to save result to database {
  "error": "database \"agents\" does not exist",
  "stack": "error: database \"agents\" does not exist\n    at /Users/aliasgarfatepurwala/agent-system/node_modules/pg-pool/index.js:45:11\n    at processTicksAndRejections (node:internal/process/task_queues:104:5)\n    at Database.insert (/Users/aliasgarfatepurwala/agent-system/src/database.ts:169:22)\n    at PortfolioTracker.saveResult (/Users/aliasgarfatepurwala/agent-system/src/base-agent.ts:209:7)\n    at PortfolioTracker.run (/Users/aliasgarfatepurwala/agent-system/src/base-agent.ts:117:7)\n    at Orchestrator.runAgent (/Users/aliasgarfatepurwala/agent-system/src/orchestrator.ts:296:22)\n    at async Promise.allSettled (index 1)\n    at Orchestrator.runAllAgents (/Users/aliasgarfatepurwala/agent-system/src/orchestrator.ts:271:5)\n    at Orchestrator.start (/Users/aliasgarfatepurwala/agent-system/src/orchestrator.ts:252:5)\n    at startPersonalTrading (/Users/aliasgarfatepurwala/agent-system/src/personal-trading.ts:33:5)"
}
[2026-09-27 09:22:33] [INFO] [Orchestrator] ✅ portfolio-tracker completed in 76635ms
[2026-09-27 09:22:33] [INFO] [Orchestrator] 📅 Scheduled bitcoin-price-monitor: */5 * * * *
[2026-09-27 09:22:33] [INFO] [Orchestrator] 📅 Scheduled portfolio-tracker: */15 * * * *
[2026-09-27 09:22:33] [INFO] [Orchestrator] 📅 Scheduled pump-dump-detector: */5 * * * *
[2026-09-27 09:22:33] [INFO] [Orchestrator] 📅 Scheduled dca-bot: 0 9 */7 * *
[2026-09-27 09:22:33] [INFO] [Orchestrator] 📅 Scheduled news-monitor: */30 * * * *
[2026-09-27 09:22:33] [INFO] [Orchestrator] 📅 Scheduled technical-analysis: */15 * * * *
[2026-09-27 09:22:33] [INFO] [Orchestrator] 📅 Scheduled risk-management: */20 * * * *
[2026-09-27 09:22:33] [INFO] [Orchestrator] 📅 Scheduled grid-trading-bot: */10 * * * *
[2026-09-27 09:22:33] [INFO] [Orchestrator] 📅 Scheduled momentum-trader: */5 * * * *
[2026-09-27 09:22:33] [INFO] [Orchestrator] 📅 Scheduled mean-reversion-bot: */10 * * * *
[2026-09-27 09:22:33] [INFO] [Orchestrator] 📅 Scheduled arbitrage-bot: */7 * * * *
[2026-09-27 09:22:33] [INFO] [Orchestrator] 📅 Scheduled scalping-bot: */3 * * * *
[2026-09-27 09:22:33] [INFO] [Orchestrator] 📅 Scheduled volatility-trader: */8 * * * *
[2026-09-27 09:22:33] [INFO] [Orchestrator] 📅 Scheduled support-resistance-bot: */15 * * * *
[2026-09-27 09:22:33] [INFO] [Orchestrator] 📅 Scheduled correlation-trader: */12 * * * *
[2026-09-27 09:22:33] [INFO] [Orchestrator] 📅 Scheduled bollinger-bands-bot: */5 * * * *
[2026-09-27 09:22:33] [INFO] [Orchestrator] 📅 Scheduled macd-trader: */5 * * * *
[2026-09-27 09:22:33] [INFO] [Orchestrator] 📅 Scheduled rsi-bot: */5 * * * *
[2026-09-27 09:22:33] [INFO] [Orchestrator] 📅 Scheduled volume-profile-bot: */5 * * * *
[2026-09-27 09:22:33] [INFO] [Orchestrator] 📅 Scheduled sentiment-analyzer: */15 * * * *
[2026-09-27 09:22:33] [INFO] [Orchestrator] ✅ Orchestrator started with 20 agents
[2026-09-27 09:22:33] [INFO] [PersonalTrading] ═══════════════════════════════════════════
[2026-09-27 09:22:33] [INFO] [PersonalTrading] ✅ ALL AGENTS RUNNING
[2026-09-27 09:22:33] [INFO] [PersonalTrading] ═══════════════════════════════════════════
[2026-09-27 09:22:33] [INFO] [PersonalTrading] 
[2026-09-27 09:22:33] [INFO] [PersonalTrading] Agent Status:
[2026-09-27 09:22:33] [INFO] [PersonalTrading]   ✓ Bitcoin Price Monitor (*/5 min)
[2026-09-27 09:22:33] [INFO] [PersonalTrading]   ✓ Portfolio Tracker (*/15 min)
[2026-09-27 09:22:33] [INFO] [PersonalTrading]   ✓ Pump & Dump Detector (*/5 min)
[2026-09-27 09:22:33] [INFO] [PersonalTrading]   ✓ DCA Bot (Weekly)
[2026-09-27 09:22:33] [INFO] [PersonalTrading]   ✓ News Monitor (*/30 min)
[2026-09-27 09:22:33] [INFO] [PersonalTrading]   ✓ Technical Analysis (*/15 min)
[2026-09-27 09:22:33] [INFO] [PersonalTrading]   ✓ Risk Management (*/20 min)
[2026-09-27 09:22:33] [INFO] [PersonalTrading]   ✓ Grid Trading Bot (*/10 min)
[2026-09-27 09:22:33] [INFO] [PersonalTrading]   ✓ Momentum Trader (*/5 min)
[2026-09-27 09:22:33] [INFO] [PersonalTrading]   ✓ Mean Reversion Bot (*/10 min)
[2026-09-27 09:22:33] [INFO] [PersonalTrading]   ✓ Arbitrage Bot (*/7 min)
[2026-09-27 09:22:33] [INFO] [PersonalTrading]   ✓ Scalping Bot (*/3 min)
[2026-09-27 09:22:33] [INFO] [PersonalTrading]   ✓ Volatility Trader (*/8 min)
[2026-09-27 09:22:33] [INFO] [PersonalTrading]   ✓ Support/Resistance Bot (*/15 min)
[2026-09-27 09:22:33] [INFO] [PersonalTrading]   ✓ Correlation Trader (*/12 min)
[2026-09-27 09:22:33] [INFO] [PersonalTrading] 
[2026-09-27 09:22:33] [INFO] [PersonalTrading] Logs: personal-trading.log
[2026-09-27 09:22:33] [INFO] [PersonalTrading] Dashboard: http://localhost:3000 (when running)
[2026-09-27 09:22:33] [INFO] [PersonalTrading] 
[2026-09-27 09:22:33] [INFO] [PersonalTrading] Press Ctrl+C to stop
[2026-09-27 09:22:33] [INFO] [PersonalTrading] ═══════════════════════════════════════════
[2026-09-27 09:24:00] [INFO] [Orchestrator] ▶️  Running: correlation-trader
[2026-09-27 09:24:00] [INFO] [Agent] 🚀 Starting execution...
[2026-09-27 09:24:00] [INFO] [Agent] 🔗 Correlation Trader: Analyzing asset correlations...
[2026-09-27 09:24:00] [INFO] [Orchestrator] ▶️  Running: volatility-trader
[2026-09-27 09:24:00] [INFO] [Agent] 🚀 Starting execution...
[2026-09-27 09:24:00] [INFO] [Agent] 📈 Volatility Trader: Analyzing price swings...
[2026-09-27 09:24:00] [INFO] [Orchestrator] ▶️  Running: scalping-bot
[2026-09-27 09:24:00] [INFO] [Agent] 🚀 Starting execution...
[2026-09-27 09:24:00] [INFO] [Agent] ⚡ Scalping Bot: Executing micro-trades...
[2026-09-27 09:24:00] [INFO] [Agent] 🔗 HIGH CORRELATION ETH/ADA: -85.8%
[2026-09-27 09:24:00] [INFO] [Agent] 🔗 HIGH CORRELATION ETH/XRP: -92.3%
[2026-09-27 09:24:00] [INFO] [Agent] 🔗 HIGH CORRELATION ADA/SOL: -79.2%
[2026-09-27 09:24:00] [INFO] [Agent] 🔗 HIGH CORRELATION ADA/XRP: -95.3%
[2026-09-27 09:24:00] [INFO] [Agent] ✅ Execution completed in 674ms
[2026-09-27 09:24:00] [ERROR] [Database] Insert into agent_results failed {
  "error": "database \"agents\" does not exist",
  "stack": "error: database \"agents\" does not exist\n    at /Users/aliasgarfatepurwala/agent-system/node_modules/pg-pool/index.js:45:11\n    at processTicksAndRejections (node:internal/process/task_queues:104:5)\n    at Database.insert (/Users/aliasgarfatepurwala/agent-system/src/database.ts:169:22)\n    at CorrelationTrader.saveResult (/Users/aliasgarfatepurwala/agent-system/src/base-agent.ts:209:7)\n    at CorrelationTrader.run (/Users/aliasgarfatepurwala/agent-system/src/base-agent.ts:117:7)\n    at Orchestrator.runAgent (/Users/aliasgarfatepurwala/agent-system/src/orchestrator.ts:296:22)\n    at Job.job (/Users/aliasgarfatepurwala/agent-system/src/orchestrator.ts:328:9)"
}
[2026-09-27 09:24:00] [ERROR] [Agent] Failed to save result to database {
  "error": "database \"agents\" does not exist",
  "stack": "error: database \"agents\" does not exist\n    at /Users/aliasgarfatepurwala/agent-system/node_modules/pg-pool/index.js:45:11\n    at processTicksAndRejections (node:internal/process/task_queues:104:5)\n    at Database.insert (/Users/aliasgarfatepurwala/agent-system/src/database.ts:169:22)\n    at CorrelationTrader.saveResult (/Users/aliasgarfatepurwala/agent-system/src/base-agent.ts:209:7)\n    at CorrelationTrader.run (/Users/aliasgarfatepurwala/agent-system/src/base-agent.ts:117:7)\n    at Orchestrator.runAgent (/Users/aliasgarfatepurwala/agent-system/src/orchestrator.ts:296:22)\n    at Job.job (/Users/aliasgarfatepurwala/agent-system/src/orchestrator.ts:328:9)"
}
[2026-09-27 09:24:00] [INFO] [Orchestrator] ✅ correlation-trader completed in 720ms
[2026-09-27 09:24:01] [INFO] [Agent] ✅ Execution completed in 994ms
[2026-09-27 09:24:01] [ERROR] [Database] Insert into agent_results failed {
  "error": "database \"agents\" does not exist",
  "stack": "error: database \"agents\" does not exist\n    at /Users/aliasgarfatepurwala/agent-system/node_modules/pg-pool/index.js:45:11\n    at processTicksAndRejections (node:internal/process/task_queues:104:5)\n    at Database.insert (/Users/aliasgarfatepurwala/agent-system/src/database.ts:169:22)\n    at VolatilityTrader.saveResult (/Users/aliasgarfatepurwala/agent-system/src/base-agent.ts:209:7)\n    at VolatilityTrader.run (/Users/aliasgarfatepurwala/agent-system/src/base-agent.ts:117:7)\n    at Orchestrator.runAgent (/Users/aliasgarfatepurwala/agent-system/src/orchestrator.ts:296:22)\n    at Job.job (/Users/aliasgarfatepurwala/agent-system/src/orchestrator.ts:328:9)"
}
[2026-09-27 09:24:01] [ERROR] [Agent] Failed to save result to database {
  "error": "database \"agents\" does not exist",
  "stack": "error: database \"agents\" does not exist\n    at /Users/aliasgarfatepurwala/agent-system/node_modules/pg-pool/index.js:45:11\n    at processTicksAndRejections (node:internal/process/task_queues:104:5)\n    at Database.insert (/Users/aliasgarfatepurwala/agent-system/src/database.ts:169:22)\n    at VolatilityTrader.saveResult (/Users/aliasgarfatepurwala/agent-system/src/base-agent.ts:209:7)\n    at VolatilityTrader.run (/Users/aliasgarfatepurwala/agent-system/src/base-agent.ts:117:7)\n    at Orchestrator.runAgent (/Users/aliasgarfatepurwala/agent-system/src/orchestrator.ts:296:22)\n    at Job.job (/Users/aliasgarfatepurwala/agent-system/src/orchestrator.ts:328:9)"
}
[2026-09-27 09:24:01] [INFO] [Orchestrator] ✅ volatility-trader completed in 1009ms
[2026-09-27 09:24:01] [INFO] [Agent] ✅ Execution completed in 1339ms
[2026-09-27 09:24:01] [ERROR] [Database] Insert into agent_results failed {
  "error": "database \"agents\" does not exist",
  "stack": "error: database \"agents\" does not exist\n    at /Users/aliasgarfatepurwala/agent-system/node_modules/pg-pool/index.js:45:11\n    at processTicksAndRejections (node:internal/process/task_queues:104:5)\n    at Database.insert (/Users/aliasgarfatepurwala/agent-system/src/database.ts:169:22)\n    at ScalpingBot.saveResult (/Users/aliasgarfatepurwala/agent-system/src/base-agent.ts:209:7)\n    at ScalpingBot.run (/Users/aliasgarfatepurwala/agent-system/src/base-agent.ts:117:7)\n    at Orchestrator.runAgent (/Users/aliasgarfatepurwala/agent-system/src/orchestrator.ts:296:22)\n    at Job.job (/Users/aliasgarfatepurwala/agent-system/src/orchestrator.ts:328:9)"
}
[2026-09-27 09:24:01] [ERROR] [Agent] Failed to save result to database {
  "error": "database \"agents\" does not exist",
  "stack": "error: database \"agents\" does not exist\n    at /Users/aliasgarfatepurwala/agent-system/node_modules/pg-pool/index.js:45:11\n    at processTicksAndRejections (node:internal/process/task_queues:104:5)\n    at Database.insert (/Users/aliasgarfatepurwala/agent-system/src/database.ts:169:22)\n    at ScalpingBot.saveResult (/Users/aliasgarfatepurwala/agent-system/src/base-agent.ts:209:7)\n    at ScalpingBot.run (/Users/aliasgarfatepurwala/agent-system/src/base-agent.ts:117:7)\n    at Orchestrator.runAgent (/Users/aliasgarfatepurwala/agent-system/src/orchestrator.ts:296:22)\n    at Job.job (/Users/aliasgarfatepurwala/agent-system/src/orchestrator.ts:328:9)"
}
[2026-09-27 09:24:01] [INFO] [Orchestrator] ✅ scalping-bot completed in 1354ms
[2026-09-27 09:25:00] [INFO] [Orchestrator] ▶️  Running: volume-profile-bot
[2026-09-27 09:25:00] [INFO] [Agent] 🚀 Starting execution...
[2026-09-27 09:25:00] [INFO] [Agent] Scanning 5 pairs for volume profile signals...
[2026-09-27 09:25:00] [INFO] [Orchestrator] ▶️  Running: rsi-bot
[2026-09-27 09:25:00] [INFO] [Agent] 🚀 Starting execution...
[2026-09-27 09:25:00] [INFO] [Agent] Scanning 5 pairs for RSI signals...
[2026-09-27 09:25:00] [INFO] [Orchestrator] ▶️  Running: macd-trader
[2026-09-27 09:25:00] [INFO] [Agent] 🚀 Starting execution...
[2026-09-27 09:25:00] [INFO] [Agent] Scanning 5 pairs for MACD signals...
[2026-09-27 09:25:00] [INFO] [Orchestrator] ▶️  Running: bollinger-bands-bot
[2026-09-27 09:25:00] [INFO] [Agent] 🚀 Starting execution...
[2026-09-27 09:25:00] [INFO] [Agent] Scanning 5 pairs for Bollinger Bands signals...
[2026-09-27 09:25:00] [INFO] [Orchestrator] ▶️  Running: momentum-trader
[2026-09-27 09:25:00] [INFO] [Agent] 🚀 Starting execution...
[2026-09-27 09:25:00] [INFO] [Agent] 🚀 Momentum Trader: Scanning for momentum signals...
[2026-09-27 09:25:00] [INFO] [Orchestrator] ▶️  Running: pump-dump-detector
[2026-09-27 09:25:00] [INFO] [Agent] 🚀 Starting execution...
[2026-09-27 09:25:00] [INFO] [Agent] Scanning 4 coins for pump/dump patterns...
[2026-09-27 09:25:00] [INFO] [Orchestrator] ▶️  Running: bitcoin-price-monitor
[2026-09-27 09:25:00] [INFO] [Agent] 🚀 Starting execution...
[2026-09-27 09:25:00] [INFO] [Agent] Fetching Bitcoin price...
[2026-09-27 09:25:05] [INFO] [Agent] ✅ Momentum Trader: Scan completed
[2026-09-27 09:25:05] [INFO] [Agent] ✅ Execution completed in 4921ms
[2026-09-27 09:25:05] [WARN] [Agent] 📊 VOLUME-SPIKE: BTCUSDT volume spike (1.5x) at $84398.87
[2026-09-27 09:25:05] [INFO] [Agent] ✅ RSI analysis complete: Found 0 signals
[2026-09-27 09:25:05] [INFO] [Agent] ✅ Execution completed in 4944ms
[2026-09-27 09:25:05] [ERROR] [Database] Insert into events failed {
  "error": "database \"agents\" does not exist",
  "stack": "error: database \"agents\" does not exist\n    at /Users/aliasgarfatepurwala/agent-system/node_modules/pg-pool/index.js:45:11\n    at processTicksAndRejections (node:internal/process/task_queues:104:5)\n    at Database.insert (/Users/aliasgarfatepurwala/agent-system/src/database.ts:169:22)\n    at Database.publishEvent (/Users/aliasgarfatepurwala/agent-system/src/database.ts:198:7)\n    at VolumeProfileBot.publishEvent (/Users/aliasgarfatepurwala/agent-system/src/base-agent.ts:181:7)\n    at VolumeProfileBot.execute (/Users/aliasgarfatepurwala/agent-system/src/agents/volume-profile-bot.ts:51:11)\n    at VolumeProfileBot.run (/Users/aliasgarfatepurwala/agent-system/src/base-agent.ts:98:20)\n    at Orchestrator.runAgent (/Users/aliasgarfatepurwala/agent-system/src/orchestrator.ts:296:22)\n    at Job.job (/Users/aliasgarfatepurwala/agent-system/src/orchestrator.ts:328:9)"
}
[2026-09-27 09:25:05] [ERROR] [Database] Publish event failed {
  "error": "database \"agents\" does not exist",
  "stack": "error: database \"agents\" does not exist\n    at /Users/aliasgarfatepurwala/agent-system/node_modules/pg-pool/index.js:45:11\n    at processTicksAndRejections (node:internal/process/task_queues:104:5)\n    at Database.insert (/Users/aliasgarfatepurwala/agent-system/src/database.ts:169:22)\n    at Database.publishEvent (/Users/aliasgarfatepurwala/agent-system/src/database.ts:198:7)\n    at VolumeProfileBot.publishEvent (/Users/aliasgarfatepurwala/agent-system/src/base-agent.ts:181:7)\n    at VolumeProfileBot.execute (/Users/aliasgarfatepurwala/agent-system/src/agents/volume-profile-bot.ts:51:11)\n    at VolumeProfileBot.run (/Users/aliasgarfatepurwala/agent-system/src/base-agent.ts:98:20)\n    at Orchestrator.runAgent (/Users/aliasgarfatepurwala/agent-system/src/orchestrator.ts:296:22)\n    at Job.job (/Users/aliasgarfatepurwala/agent-system/src/orchestrator.ts:328:9)"
}
[2026-09-27 09:25:05] [WARN] [Agent] 📊 POC-RESISTANCE: SOLUSDT approaching resistance at POC $120.61
[2026-09-27 09:25:05] [ERROR] [Database] Insert into agent_results failed {
  "error": "database \"agents\" does not exist",
  "stack": "error: database \"agents\" does not exist\n    at /Users/aliasgarfatepurwala/agent-system/node_modules/pg-pool/index.js:45:11\n    at processTicksAndRejections (node:internal/process/task_queues:104:5)\n    at Database.insert (/Users/aliasgarfatepurwala/agent-system/src/database.ts:169:22)\n    at RSIBot.saveResult (/Users/aliasgarfatepurwala/agent-system/src/base-agent.ts:209:7)\n    at RSIBot.run (/Users/aliasgarfatepurwala/agent-system/src/base-agent.ts:117:7)\n    at Orchestrator.runAgent (/Users/aliasgarfatepurwala/agent-system/src/orchestrator.ts:296:22)\n    at Job.job (/Users/aliasgarfatepurwala/agent-system/src/orchestrator.ts:328:9)"
}
[2026-09-27 09:25:05] [ERROR] [Agent] Failed to save result to database {
  "error": "database \"agents\" does not exist",
  "stack": "error: database \"agents\" does not exist\n    at /Users/aliasgarfatepurwala/agent-system/node_modules/pg-pool/index.js:45:11\n    at processTicksAndRejections (node:internal/process/task_queues:104:5)\n    at Database.insert (/Users/aliasgarfatepurwala/agent-system/src/database.ts:169:22)\n    at RSIBot.saveResult (/Users/aliasgarfatepurwala/agent-system/src/base-agent.ts:209:7)\n    at RSIBot.run (/Users/aliasgarfatepurwala/agent-system/src/base-agent.ts:117:7)\n    at Orchestrator.runAgent (/Users/aliasgarfatepurwala/agent-system/src/orchestrator.ts:296:22)\n    at Job.job (/Users/aliasgarfatepurwala/agent-system/src/orchestrator.ts:328:9)"
}
[2026-09-27 09:25:05] [INFO] [Orchestrator] ✅ rsi-bot completed in 4962ms
[2026-09-27 09:25:05] [ERROR] [Database] Insert into agent_results failed {
  "error": "database \"agents\" does not exist",
  "stack": "error: database \"agents\" does not exist\n    at /Users/aliasgarfatepurwala/agent-system/node_modules/pg-pool/index.js:45:11\n    at processTicksAndRejections (node:internal/process/task_queues:104:5)\n    at Database.insert (/Users/aliasgarfatepurwala/agent-system/src/database.ts:169:22)\n    at MomentumTrader.saveResult (/Users/aliasgarfatepurwala/agent-system/src/base-agent.ts:209:7)\n    at MomentumTrader.run (/Users/aliasgarfatepurwala/agent-system/src/base-agent.ts:117:7)\n    at Orchestrator.runAgent (/Users/aliasgarfatepurwala/agent-system/src/orchestrator.ts:296:22)\n    at Job.job (/Users/aliasgarfatepurwala/agent-system/src/orchestrator.ts:328:9)"
}
[2026-09-27 09:25:05] [ERROR] [Agent] Failed to save result to database {
  "error": "database \"agents\" does not exist",
  "stack": "error: database \"agents\" does not exist\n    at /Users/aliasgarfatepurwala/agent-system/node_modules/pg-pool/index.js:45:11\n    at processTicksAndRejections (node:internal/process/task_queues:104:5)\n    at Database.insert (/Users/aliasgarfatepurwala/agent-system/src/database.ts:169:22)\n    at MomentumTrader.saveResult (/Users/aliasgarfatepurwala/agent-system/src/base-agent.ts:209:7)\n    at MomentumTrader.run (/Users/aliasgarfatepurwala/agent-system/src/base-agent.ts:117:7)\n    at Orchestrator.runAgent (/Users/aliasgarfatepurwala/agent-system/src/orchestrator.ts:296:22)\n    at Job.job (/Users/aliasgarfatepurwala/agent-system/src/orchestrator.ts:328:9)"
}
[2026-09-27 09:25:05] [INFO] [Orchestrator] ✅ momentum-trader completed in 4948ms
[2026-09-27 09:25:05] [ERROR] [Database] Insert into events failed {
  "error": "database \"agents\" does not exist",
  "stack": "error: database \"agents\" does not exist\n    at /Users/aliasgarfatepurwala/agent-system/node_modules/pg-pool/index.js:45:11\n    at processTicksAndRejections (node:internal/process/task_queues:104:5)\n    at Database.insert (/Users/aliasgarfatepurwala/agent-system/src/database.ts:169:22)\n    at Database.publishEvent (/Users/aliasgarfatepurwala/agent-system/src/database.ts:198:7)\n    at VolumeProfileBot.publishEvent (/Users/aliasgarfatepurwala/agent-system/src/base-agent.ts:181:7)\n    at VolumeProfileBot.execute (/Users/aliasgarfatepurwala/agent-system/src/agents/volume-profile-bot.ts:51:11)\n    at VolumeProfileBot.run (/Users/aliasgarfatepurwala/agent-system/src/base-agent.ts:98:20)\n    at Orchestrator.runAgent (/Users/aliasgarfatepurwala/agent-system/src/orchestrator.ts:296:22)\n    at Job.job (/Users/aliasgarfatepurwala/agent-system/src/orchestrator.ts:328:9)"
}
[2026-09-27 09:25:05] [ERROR] [Database] Publish event failed {
  "error": "database \"agents\" does not exist",
  "stack": "error: database \"agents\" does not exist\n    at /Users/aliasgarfatepurwala/agent-system/node_modules/pg-pool/index.js:45:11\n    at processTicksAndRejections (node:internal/process/task_queues:104:5)\n    at Database.insert (/Users/aliasgarfatepurwala/agent-system/src/database.ts:169:22)\n    at Database.publishEvent (/Users/aliasgarfatepurwala/agent-system/src/database.ts:198:7)\n    at VolumeProfileBot.publishEvent (/Users/aliasgarfatepurwala/agent-system/src/base-agent.ts:181:7)\n    at VolumeProfileBot.execute (/Users/aliasgarfatepurwala/agent-system/src/agents/volume-profile-bot.ts:51:11)\n    at VolumeProfileBot.run (/Users/aliasgarfatepurwala/agent-system/src/base-agent.ts:98:20)\n    at Orchestrator.runAgent (/Users/aliasgarfatepurwala/agent-system/src/orchestrator.ts:296:22)\n    at Job.job (/Users/aliasgarfatepurwala/agent-system/src/orchestrator.ts:328:9)"
}
[2026-09-27 09:25:05] [WARN] [Agent] 📊 POC-RESISTANCE: XRPUSDT approaching resistance at POC $1.51
[2026-09-27 09:25:05] [ERROR] [Database] Insert into events failed {
  "error": "database \"agents\" does not exist",
  "stack": "error: database \"agents\" does not exist\n    at /Users/aliasgarfatepurwala/agent-system/node_modules/pg-pool/index.js:45:11\n    at processTicksAndRejections (node:internal/process/task_queues:104:5)\n    at Database.insert (/Users/aliasgarfatepurwala/agent-system/src/database.ts:169:22)\n    at Database.publishEvent (/Users/aliasgarfatepurwala/agent-system/src/database.ts:198:7)\n    at VolumeProfileBot.publishEvent (/Users/aliasgarfatepurwala/agent-system/src/base-agent.ts:181:7)\n    at VolumeProfileBot.execute (/Users/aliasgarfatepurwala/agent-system/src/agents/volume-profile-bot.ts:51:11)\n    at VolumeProfileBot.run (/Users/aliasgarfatepurwala/agent-system/src/base-agent.ts:98:20)\n    at Orchestrator.runAgent (/Users/aliasgarfatepurwala/agent-system/src/orchestrator.ts:296:22)\n    at Job.job (/Users/aliasgarfatepurwala/agent-system/src/orchestrator.ts:328:9)"
}
[2026-09-27 09:25:05] [ERROR] [Database] Publish event failed {
  "error": "database \"agents\" does not exist",
  "stack": "error: database \"agents\" does not exist\n    at /Users/aliasgarfatepurwala/agent-system/node_modules/pg-pool/index.js:45:11\n    at processTicksAndRejections (node:internal/process/task_queues:104:5)\n    at Database.insert (/Users/aliasgarfatepurwala/agent-system/src/database.ts:169:22)\n    at Database.publishEvent (/Users/aliasgarfatepurwala/agent-system/src/database.ts:198:7)\n    at VolumeProfileBot.publishEvent (/Users/aliasgarfatepurwala/agent-system/src/base-agent.ts:181:7)\n    at VolumeProfileBot.execute (/Users/aliasgarfatepurwala/agent-system/src/agents/volume-profile-bot.ts:51:11)\n    at VolumeProfileBot.run (/Users/aliasgarfatepurwala/agent-system/src/base-agent.ts:98:20)\n    at Orchestrator.runAgent (/Users/aliasgarfatepurwala/agent-system/src/orchestrator.ts:296:22)\n    at Job.job (/Users/aliasgarfatepurwala/agent-system/src/orchestrator.ts:328:9)"
}
[2026-09-27 09:25:05] [INFO] [Agent] ✅ Volume analysis complete: Found 3 signals
[2026-09-27 09:25:05] [INFO] [Agent] ✅ Execution completed in 5008ms
[2026-09-27 09:25:05] [ERROR] [Database] Insert into agent_results failed {
  "error": "database \"agents\" does not exist",
  "stack": "error: database \"agents\" does not exist\n    at /Users/aliasgarfatepurwala/agent-system/node_modules/pg-pool/index.js:45:11\n    at processTicksAndRejections (node:internal/process/task_queues:104:5)\n    at Database.insert (/Users/aliasgarfatepurwala/agent-system/src/database.ts:169:22)\n    at VolumeProfileBot.saveResult (/Users/aliasgarfatepurwala/agent-system/src/base-agent.ts:209:7)\n    at VolumeProfileBot.run (/Users/aliasgarfatepurwala/agent-system/src/base-agent.ts:117:7)\n    at Orchestrator.runAgent (/Users/aliasgarfatepurwala/agent-system/src/orchestrator.ts:296:22)\n    at Job.job (/Users/aliasgarfatepurwala/agent-system/src/orchestrator.ts:328:9)"
}
[2026-09-27 09:25:05] [ERROR] [Agent] Failed to save result to database {
  "error": "database \"agents\" does not exist",
  "stack": "error: database \"agents\" does not exist\n    at /Users/aliasgarfatepurwala/agent-system/node_modules/pg-pool/index.js:45:11\n    at processTicksAndRejections (node:internal/process/task_queues:104:5)\n    at Database.insert (/Users/aliasgarfatepurwala/agent-system/src/database.ts:169:22)\n    at VolumeProfileBot.saveResult (/Users/aliasgarfatepurwala/agent-system/src/base-agent.ts:209:7)\n    at VolumeProfileBot.run (/Users/aliasgarfatepurwala/agent-system/src/base-agent.ts:117:7)\n    at Orchestrator.runAgent (/Users/aliasgarfatepurwala/agent-system/src/orchestrator.ts:296:22)\n    at Job.job (/Users/aliasgarfatepurwala/agent-system/src/orchestrator.ts:328:9)"
}
[2026-09-27 09:25:05] [INFO] [Orchestrator] ✅ volume-profile-bot completed in 5014ms
[2026-09-27 09:25:05] [INFO] [Agent] ✅ MACD analysis complete: Found 0 signals
[2026-09-27 09:25:05] [INFO] [Agent] ✅ Execution completed in 5068ms
[2026-09-27 09:25:05] [INFO] [Agent] ✅ Analysis complete: Found 0 signals
[2026-09-27 09:25:05] [INFO] [Agent] ✅ Execution completed in 5064ms
[2026-09-27 09:25:05] [ERROR] [Database] Insert into agent_results failed {
  "error": "database \"agents\" does not exist",
  "stack": "error: database \"agents\" does not exist\n    at /Users/aliasgarfatepurwala/agent-system/node_modules/pg-pool/index.js:45:11\n    at processTicksAndRejections (node:internal/process/task_queues:104:5)\n    at Database.insert (/Users/aliasgarfatepurwala/agent-system/src/database.ts:169:22)\n    at MACDTrader.saveResult (/Users/aliasgarfatepurwala/agent-system/src/base-agent.ts:209:7)\n    at MACDTrader.run (/Users/aliasgarfatepurwala/agent-system/src/base-agent.ts:117:7)\n    at Orchestrator.runAgent (/Users/aliasgarfatepurwala/agent-system/src/orchestrator.ts:296:22)\n    at Job.job (/Users/aliasgarfatepurwala/agent-system/src/orchestrator.ts:328:9)"
}
[2026-09-27 09:25:05] [ERROR] [Agent] Failed to save result to database {
  "error": "database \"agents\" does not exist",
  "stack": "error: database \"agents\" does not exist\n    at /Users/aliasgarfatepurwala/agent-system/node_modules/pg-pool/index.js:45:11\n    at processTicksAndRejections (node:internal/process/task_queues:104:5)\n    at Database.insert (/Users/aliasgarfatepurwala/agent-system/src/database.ts:169:22)\n    at MACDTrader.saveResult (/Users/aliasgarfatepurwala/agent-system/src/base-agent.ts:209:7)\n    at MACDTrader.run (/Users/aliasgarfatepurwala/agent-system/src/base-agent.ts:117:7)\n    at Orchestrator.runAgent (/Users/aliasgarfatepurwala/agent-system/src/orchestrator.ts:296:22)\n    at Job.job (/Users/aliasgarfatepurwala/agent-system/src/orchestrator.ts:328:9)"
}
[2026-09-27 09:25:05] [INFO] [Orchestrator] ✅ macd-trader completed in 5074ms
[2026-09-27 09:25:05] [ERROR] [Database] Insert into agent_results failed {
  "error": "database \"agents\" does not exist",
  "stack": "error: database \"agents\" does not exist\n    at /Users/aliasgarfatepurwala/agent-system/node_modules/pg-pool/index.js:45:11\n    at processTicksAndRejections (node:internal/process/task_queues:104:5)\n    at Database.insert (/Users/aliasgarfatepurwala/agent-system/src/database.ts:169:22)\n    at BollingerBandsBot.saveResult (/Users/aliasgarfatepurwala/agent-system/src/base-agent.ts:209:7)\n    at BollingerBandsBot.run (/Users/aliasgarfatepurwala/agent-system/src/base-agent.ts:117:7)\n    at Orchestrator.runAgent (/Users/aliasgarfatepurwala/agent-system/src/orchestrator.ts:296:22)\n    at Job.job (/Users/aliasgarfatepurwala/agent-system/src/orchestrator.ts:328:9)"
}
[2026-09-27 09:25:05] [ERROR] [Agent] Failed to save result to database {
  "error": "database \"agents\" does not exist",
  "stack": "error: database \"agents\" does not exist\n    at /Users/aliasgarfatepurwala/agent-system/node_modules/pg-pool/index.js:45:11\n    at processTicksAndRejections (node:internal/process/task_queues:104:5)\n    at Database.insert (/Users/aliasgarfatepurwala/agent-system/src/database.ts:169:22)\n    at BollingerBandsBot.saveResult (/Users/aliasgarfatepurwala/agent-system/src/base-agent.ts:209:7)\n    at BollingerBandsBot.run (/Users/aliasgarfatepurwala/agent-system/src/base-agent.ts:117:7)\n    at Orchestrator.runAgent (/Users/aliasgarfatepurwala/agent-system/src/orchestrator.ts:296:22)\n    at Job.job (/Users/aliasgarfatepurwala/agent-system/src/orchestrator.ts:328:9)"
}
[2026-09-27 09:25:05] [INFO] [Orchestrator] ✅ bollinger-bands-bot completed in 5072ms
[2026-09-27 09:25:12] [INFO] [Agent] ✅ Price data collected: [{"symbol":"BTC","price":84398.87,"currency":"USD","timestamp":"2026-09-27T05:25:12.389Z","source":"binance","change24h":0,"priceChangeStatus":"stable"}]
[2026-09-27 09:25:12] [INFO] [Agent] ✅ Execution completed in 12260ms
[2026-09-27 09:25:12] [ERROR] [Database] Insert into agent_results failed {
  "error": "database \"agents\" does not exist",
  "stack": "error: database \"agents\" does not exist\n    at /Users/aliasgarfatepurwala/agent-system/node_modules/pg-pool/index.js:45:11\n    at processTicksAndRejections (node:internal/process/task_queues:104:5)\n    at Database.insert (/Users/aliasgarfatepurwala/agent-system/src/database.ts:169:22)\n    at BitcoinPriceMonitor.saveResult (/Users/aliasgarfatepurwala/agent-system/src/base-agent.ts:209:7)\n    at BitcoinPriceMonitor.run (/Users/aliasgarfatepurwala/agent-system/src/base-agent.ts:117:7)\n    at Orchestrator.runAgent (/Users/aliasgarfatepurwala/agent-system/src/orchestrator.ts:296:22)\n    at Job.job (/Users/aliasgarfatepurwala/agent-system/src/orchestrator.ts:328:9)"
}
[2026-09-27 09:25:12] [ERROR] [Agent] Failed to save result to database {
  "error": "database \"agents\" does not exist",
  "stack": "error: database \"agents\" does not exist\n    at /Users/aliasgarfatepurwala/agent-system/node_modules/pg-pool/index.js:45:11\n    at processTicksAndRejections (node:internal/process/task_queues:104:5)\n    at Database.insert (/Users/aliasgarfatepurwala/agent-system/src/database.ts:169:22)\n    at BitcoinPriceMonitor.saveResult (/Users/aliasgarfatepurwala/agent-system/src/base-agent.ts:209:7)\n    at BitcoinPriceMonitor.run (/Users/aliasgarfatepurwala/agent-system/src/base-agent.ts:117:7)\n    at Orchestrator.runAgent (/Users/aliasgarfatepurwala/agent-system/src/orchestrator.ts:296:22)\n    at Job.job (/Users/aliasgarfatepurwala/agent-system/src/orchestrator.ts:328:9)"
}
[2026-09-27 09:25:12] [INFO] [Orchestrator] ✅ bitcoin-price-monitor completed in 12323ms
[2026-09-27 09:26:17] [INFO] [Agent] ✅ Scan complete: Found 0 signals
[2026-09-27 09:26:17] [INFO] [Agent] ✅ Execution completed in 76942ms
[2026-09-27 09:26:17] [ERROR] [Database] Insert into agent_results failed {
  "error": "database \"agents\" does not exist",
  "stack": "error: database \"agents\" does not exist\n    at /Users/aliasgarfatepurwala/agent-system/node_modules/pg-pool/index.js:45:11\n    at processTicksAndRejections (node:internal/process/task_queues:104:5)\n    at Database.insert (/Users/aliasgarfatepurwala/agent-system/src/database.ts:169:22)\n    at PumpDumpDetector.saveResult (/Users/aliasgarfatepurwala/agent-system/src/base-agent.ts:209:7)\n    at PumpDumpDetector.run (/Users/aliasgarfatepurwala/agent-system/src/base-agent.ts:117:7)\n    at Orchestrator.runAgent (/Users/aliasgarfatepurwala/agent-system/src/orchestrator.ts:296:22)\n    at Job.job (/Users/aliasgarfatepurwala/agent-system/src/orchestrator.ts:328:9)"
}
[2026-09-27 09:26:17] [ERROR] [Agent] Failed to save result to database {
  "error": "database \"agents\" does not exist",
  "stack": "error: database \"agents\" does not exist\n    at /Users/aliasgarfatepurwala/agent-system/node_modules/pg-pool/index.js:45:11\n    at processTicksAndRejections (node:internal/process/task_queues:104:5)\n    at Database.insert (/Users/aliasgarfatepurwala/agent-system/src/database.ts:169:22)\n    at PumpDumpDetector.saveResult (/Users/aliasgarfatepurwala/agent-system/src/base-agent.ts:209:7)\n    at PumpDumpDetector.run (/Users/aliasgarfatepurwala/agent-system/src/base-agent.ts:117:7)\n    at Orchestrator.runAgent (/Users/aliasgarfatepurwala/agent-system/src/orchestrator.ts:296:22)\n    at Job.job (/Users/aliasgarfatepurwala/agent-system/src/orchestrator.ts:328:9)"
}
[2026-09-27 09:26:17] [INFO] [Orchestrator] ✅ pump-dump-detector completed in 76971ms
[2026-09-27 09:27:00] [INFO] [Orchestrator] ▶️  Running: scalping-bot
[2026-09-27 09:27:00] [INFO] [Agent] 🚀 Starting execution...
[2026-09-27 09:27:00] [INFO] [Agent] ⚡ Scalping Bot: Executing micro-trades...
[2026-09-27 09:27:07] [INFO] [Agent] ✅ Execution completed in 7921ms
[2026-09-27 09:27:08] [ERROR] [Database] Insert into agent_results failed {
  "error": "database \"agents\" does not exist",
  "stack": "error: database \"agents\" does not exist\n    at /Users/aliasgarfatepurwala/agent-system/node_modules/pg-pool/index.js:45:11\n    at processTicksAndRejections (node:internal/process/task_queues:104:5)\n    at Database.insert (/Users/aliasgarfatepurwala/agent-system/src/database.ts:169:22)\n    at ScalpingBot.saveResult (/Users/aliasgarfatepurwala/agent-system/src/base-agent.ts:209:7)\n    at ScalpingBot.run (/Users/aliasgarfatepurwala/agent-system/src/base-agent.ts:117:7)\n    at Orchestrator.runAgent (/Users/aliasgarfatepurwala/agent-system/src/orchestrator.ts:296:22)\n    at Job.job (/Users/aliasgarfatepurwala/agent-system/src/orchestrator.ts:328:9)"
}
[2026-09-27 09:27:08] [ERROR] [Agent] Failed to save result to database {
  "error": "database \"agents\" does not exist",
  "stack": "error: database \"agents\" does not exist\n    at /Users/aliasgarfatepurwala/agent-system/node_modules/pg-pool/index.js:45:11\n    at processTicksAndRejections (node:internal/process/task_queues:104:5)\n    at Database.insert (/Users/aliasgarfatepurwala/agent-system/src/database.ts:169:22)\n    at ScalpingBot.saveResult (/Users/aliasgarfatepurwala/agent-system/src/base-agent.ts:209:7)\n    at ScalpingBot.run (/Users/aliasgarfatepurwala/agent-system/src/base-agent.ts:117:7)\n    at Orchestrator.runAgent (/Users/aliasgarfatepurwala/agent-system/src/orchestrator.ts:296:22)\n    at Job.job (/Users/aliasgarfatepurwala/agent-system/src/orchestrator.ts:328:9)"
}
[2026-09-27 09:27:08] [INFO] [Orchestrator] ✅ scalping-bot completed in 7993ms
[2026-09-27 09:28:00] [INFO] [Orchestrator] ▶️  Running: arbitrage-bot
[2026-09-27 09:28:00] [INFO] [Agent] 🚀 Starting execution...
[2026-09-27 09:28:00] [INFO] [Agent] 🔄 Arbitrage Bot: Scanning for price discrepancies...
[2026-09-27 09:28:13] [INFO] [Agent] 💰 ARBITRAGE: Buy BTC @ $84398.87, Sell ADA @ $0.25 | Profit: 33398740.52%
[2026-09-27 09:28:13] [INFO] [Agent] 💰 ARBITRAGE: Buy BTC @ $84398.87, Sell XRP @ $1.51 | Profit: 5576672.17%
[2026-09-27 09:28:13] [INFO] [Agent] 💰 ARBITRAGE: Buy ETH @ $2697.07, Sell ADA @ $0.25 | Profit: 1067201.15%
[2026-09-27 09:28:13] [INFO] [Agent] 💰 ARBITRAGE: Buy ETH @ $2697.07, Sell XRP @ $1.51 | Profit: 178112.63%
[2026-09-27 09:28:13] [INFO] [Agent] 💰 ARBITRAGE: Buy BTC @ $84398.87, Sell SOL @ $120.71 | Profit: 69818.71%
[2026-09-27 09:28:13] [INFO] [Agent] 💰 ARBITRAGE: Buy ADA @ $0.25, Sell SOL @ $120.71 | Profit: 47668.10%
[2026-09-27 09:28:13] [INFO] [Agent] 💰 ARBITRAGE: Buy SOL @ $120.71, Sell XRP @ $1.51 | Profit: 7876.08%
[2026-09-27 09:28:13] [INFO] [Agent] 💰 ARBITRAGE: Buy BTC @ $84398.87, Sell ETH @ $2697.07 | Profit: 3029.28%
[2026-09-27 09:28:13] [INFO] [Agent] 💰 ARBITRAGE: Buy ETH @ $2697.07, Sell SOL @ $120.71 | Profit: 2134.34%
[2026-09-27 09:28:13] [INFO] [Agent] 💰 ARBITRAGE: Buy ADA @ $0.25, Sell XRP @ $1.51 | Profit: 498.89%
[2026-09-27 09:28:13] [INFO] [Agent] ✅ Arbitrage Bot: Scan completed
[2026-09-27 09:28:13] [INFO] [Agent] ✅ Execution completed in 13159ms
[2026-09-27 09:28:13] [ERROR] [Database] Insert into agent_results failed {
  "error": "database \"agents\" does not exist",
  "stack": "error: database \"agents\" does not exist\n    at /Users/aliasgarfatepurwala/agent-system/node_modules/pg-pool/index.js:45:11\n    at processTicksAndRejections (node:internal/process/task_queues:104:5)\n    at Database.insert (/Users/aliasgarfatepurwala/agent-system/src/database.ts:169:22)\n    at ArbitrageBot.saveResult (/Users/aliasgarfatepurwala/agent-system/src/base-agent.ts:209:7)\n    at ArbitrageBot.run (/Users/aliasgarfatepurwala/agent-system/src/base-agent.ts:117:7)\n    at Orchestrator.runAgent (/Users/aliasgarfatepurwala/agent-system/src/orchestrator.ts:296:22)\n    at Job.job (/Users/aliasgarfatepurwala/agent-system/src/orchestrator.ts:328:9)"
}
[2026-09-27 09:28:13] [ERROR] [Agent] Failed to save result to database {
  "error": "database \"agents\" does not exist",
  "stack": "error: database \"agents\" does not exist\n    at /Users/aliasgarfatepurwala/agent-system/node_modules/pg-pool/index.js:45:11\n    at processTicksAndRejections (node:internal/process/task_queues:104:5)\n    at Database.insert (/Users/aliasgarfatepurwala/agent-system/src/database.ts:169:22)\n    at ArbitrageBot.saveResult (/Users/aliasgarfatepurwala/agent-system/src/base-agent.ts:209:7)\n    at ArbitrageBot.run (/Users/aliasgarfatepurwala/agent-system/src/base-agent.ts:117:7)\n    at Orchestrator.runAgent (/Users/aliasgarfatepurwala/agent-system/src/orchestrator.ts:296:22)\n    at Job.job (/Users/aliasgarfatepurwala/agent-system/src/orchestrator.ts:328:9)"
}
[2026-09-27 09:28:13] [INFO] [Orchestrator] ✅ arbitrage-bot completed in 13189ms
[2026-09-27 09:30:00] [INFO] [Orchestrator] ▶️  Running: scalping-bot
[2026-09-27 09:30:00] [INFO] [Agent] 🚀 Starting execution...
[2026-09-27 09:30:00] [INFO] [Agent] ⚡ Scalping Bot: Executing micro-trades...
[2026-09-27 09:30:00] [INFO] [Orchestrator] ▶️  Running: bitcoin-price-monitor
[2026-09-27 09:30:00] [INFO] [Agent] 🚀 Starting execution...
[2026-09-27 09:30:00] [INFO] [Agent] Fetching Bitcoin price...
[2026-09-27 09:30:00] [INFO] [Orchestrator] ▶️  Running: pump-dump-detector
[2026-09-27 09:30:00] [INFO] [Agent] 🚀 Starting execution...
[2026-09-27 09:30:00] [INFO] [Agent] Scanning 4 coins for pump/dump patterns...
[2026-09-27 09:30:00] [INFO] [Orchestrator] ▶️  Running: momentum-trader
[2026-09-27 09:30:00] [INFO] [Agent] 🚀 Starting execution...
[2026-09-27 09:30:00] [INFO] [Agent] 🚀 Momentum Trader: Scanning for momentum signals...
[2026-09-27 09:30:00] [INFO] [Orchestrator] ▶️  Running: bollinger-bands-bot
[2026-09-27 09:30:00] [INFO] [Agent] 🚀 Starting execution...
[2026-09-27 09:30:00] [INFO] [Agent] Scanning 5 pairs for Bollinger Bands signals...
[2026-09-27 09:30:00] [INFO] [Orchestrator] ▶️  Running: macd-trader
[2026-09-27 09:30:00] [INFO] [Agent] 🚀 Starting execution...
[2026-09-27 09:30:00] [INFO] [Agent] Scanning 5 pairs for MACD signals...
[2026-09-27 09:30:00] [INFO] [Orchestrator] ▶️  Running: rsi-bot
[2026-09-27 09:30:00] [INFO] [Agent] 🚀 Starting execution...
[2026-09-27 09:30:00] [INFO] [Agent] Scanning 5 pairs for RSI signals...
[2026-09-27 09:30:00] [INFO] [Orchestrator] ▶️  Running: volume-profile-bot
[2026-09-27 09:30:00] [INFO] [Agent] 🚀 Starting execution...
[2026-09-27 09:30:00] [INFO] [Agent] Scanning 5 pairs for volume profile signals...
[2026-09-27 09:30:00] [INFO] [Orchestrator] ▶️  Running: sentiment-analyzer
[2026-09-27 09:30:00] [INFO] [Agent] 🚀 Starting execution...
[2026-09-27 09:30:00] [INFO] [Agent] Analyzing sentiment for 5 cryptocurrencies...
[2026-09-27 09:30:00] [WARN] [Agent] 📉 BEARISH: XRP: BEARISH sentiment (30% confidence, 0 bullish, 2 bearish)
[2026-09-27 09:30:00] [INFO] [Orchestrator] ▶️  Running: support-resistance-bot
[2026-09-27 09:30:00] [INFO] [Agent] 🚀 Starting execution...
[2026-09-27 09:30:00] [INFO] [Agent] 📊 Support/Resistance Bot: Analyzing technical levels...
[2026-09-27 09:30:00] [INFO] [Orchestrator] ▶️  Running: mean-reversion-bot
[2026-09-27 09:30:00] [INFO] [Agent] 🚀 Starting execution...
[2026-09-27 09:30:00] [INFO] [Agent] 📊 Mean Reversion Bot: Scanning for reversion opportunities...
[2026-09-27 09:30:00] [INFO] [Orchestrator] ▶️  Running: grid-trading-bot
[2026-09-27 09:30:00] [INFO] [Agent] 🚀 Starting execution...
[2026-09-27 09:30:00] [INFO] [Agent] 📊 Grid Trading Bot: Checking grid positions...
[2026-09-27 09:30:00] [INFO] [Agent] 📊 [TESTNET DEMO] Using mock prices for grid trading simulation
[2026-09-27 09:30:00] [INFO] [BinanceAPI] 📤 Placing BUY order: 0.0011627906976744186 BTCUSDT @ 43000
[2026-09-27 09:30:00] [INFO] [Orchestrator] ▶️  Running: technical-analysis
[2026-09-27 09:30:00] [INFO] [Agent] 🚀 Starting execution...
[2026-09-27 09:30:00] [INFO] [Agent] 📈 Technical Analysis: Analyzing price movements...
[2026-09-27 09:30:00] [INFO] [Orchestrator] ▶️  Running: news-monitor
[2026-09-27 09:30:00] [INFO] [Agent] 🚀 Starting execution...
[2026-09-27 09:30:00] [INFO] [Agent] 📰 News Monitor: Starting news scan...
[2026-09-27 09:30:00] [INFO] [Orchestrator] ▶️  Running: portfolio-tracker
[2026-09-27 09:30:00] [INFO] [Agent] 🚀 Starting execution...
[2026-09-27 09:30:00] [INFO] [Agent] Tracking portfolio with 3 holdings...
[2026-09-27 09:30:02] [ERROR] [Database] Insert into events failed {
  "error": "Connection terminated due to connection timeout",
  "stack": "Error: Connection terminated due to connection timeout\n    at /Users/aliasgarfatepurwala/agent-system/node_modules/pg-pool/index.js:45:11\n    at processTicksAndRejections (node:internal/process/task_queues:104:5)\n    at Database.insert (/Users/aliasgarfatepurwala/agent-system/src/database.ts:169:22)\n    at Database.publishEvent (/Users/aliasgarfatepurwala/agent-system/src/database.ts:198:7)\n    at SentimentAnalyzer.publishEvent (/Users/aliasgarfatepurwala/agent-system/src/base-agent.ts:181:7)\n    at SentimentAnalyzer.execute (/Users/aliasgarfatepurwala/agent-system/src/agents/sentiment-analyzer.ts:73:11)\n    at SentimentAnalyzer.run (/Users/aliasgarfatepurwala/agent-system/src/base-agent.ts:98:20)\n    at Orchestrator.runAgent (/Users/aliasgarfatepurwala/agent-system/src/orchestrator.ts:296:22)\n    at Job.job (/Users/aliasgarfatepurwala/agent-system/src/orchestrator.ts:328:9)"
}
[2026-09-27 09:30:02] [ERROR] [Database] Publish event failed {
  "error": "Connection terminated due to connection timeout",
  "stack": "Error: Connection terminated due to connection timeout\n    at /Users/aliasgarfatepurwala/agent-system/node_modules/pg-pool/index.js:45:11\n    at processTicksAndRejections (node:internal/process/task_queues:104:5)\n    at Database.insert (/Users/aliasgarfatepurwala/agent-system/src/database.ts:169:22)\n    at Database.publishEvent (/Users/aliasgarfatepurwala/agent-system/src/database.ts:198:7)\n    at SentimentAnalyzer.publishEvent (/Users/aliasgarfatepurwala/agent-system/src/base-agent.ts:181:7)\n    at SentimentAnalyzer.execute (/Users/aliasgarfatepurwala/agent-system/src/agents/sentiment-analyzer.ts:73:11)\n    at SentimentAnalyzer.run (/Users/aliasgarfatepurwala/agent-system/src/base-agent.ts:98:20)\n    at Orchestrator.runAgent (/Users/aliasgarfatepurwala/agent-system/src/orchestrator.ts:296:22)\n    at Job.job (/Users/aliasgarfatepurwala/agent-system/src/orchestrator.ts:328:9)"
}
[2026-09-27 09:30:02] [INFO] [Agent] ✅ Sentiment analysis complete: Analyzed 1 symbols
[2026-09-27 09:30:02] [INFO] [Agent] ✅ Execution completed in 2025ms
[2026-09-27 09:30:04] [ERROR] [Database] Insert into agent_results failed {
  "error": "Connection terminated due to connection timeout",
  "stack": "Error: Connection terminated due to connection timeout\n    at /Users/aliasgarfatepurwala/agent-system/node_modules/pg-pool/index.js:45:11\n    at processTicksAndRejections (node:internal/process/task_queues:104:5)\n    at Database.insert (/Users/aliasgarfatepurwala/agent-system/src/database.ts:169:22)\n    at SentimentAnalyzer.saveResult (/Users/aliasgarfatepurwala/agent-system/src/base-agent.ts:209:7)\n    at SentimentAnalyzer.run (/Users/aliasgarfatepurwala/agent-system/src/base-agent.ts:117:7)\n    at Orchestrator.runAgent (/Users/aliasgarfatepurwala/agent-system/src/orchestrator.ts:296:22)\n    at Job.job (/Users/aliasgarfatepurwala/agent-system/src/orchestrator.ts:328:9)"
}
[2026-09-27 09:30:04] [ERROR] [Agent] Failed to save result to database {
  "error": "Connection terminated due to connection timeout",
  "stack": "Error: Connection terminated due to connection timeout\n    at /Users/aliasgarfatepurwala/agent-system/node_modules/pg-pool/index.js:45:11\n    at processTicksAndRejections (node:internal/process/task_queues:104:5)\n    at Database.insert (/Users/aliasgarfatepurwala/agent-system/src/database.ts:169:22)\n    at SentimentAnalyzer.saveResult (/Users/aliasgarfatepurwala/agent-system/src/base-agent.ts:209:7)\n    at SentimentAnalyzer.run (/Users/aliasgarfatepurwala/agent-system/src/base-agent.ts:117:7)\n    at Orchestrator.runAgent (/Users/aliasgarfatepurwala/agent-system/src/orchestrator.ts:296:22)\n    at Job.job (/Users/aliasgarfatepurwala/agent-system/src/orchestrator.ts:328:9)"
}
[2026-09-27 09:30:04] [INFO] [Orchestrator] ✅ sentiment-analyzer completed in 4033ms
[2026-09-27 09:30:06] [ERROR] [Agent] GET request failed: https://newsapi.org/v2/everything?q=cryptocurrency&sortBy=publishedAt&language=en&pageSize=10 {
  "error": "Request failed with status code 401",
  "stack": "AxiosError: Request failed with status code 401\n    at settle (/Users/aliasgarfatepurwala/agent-system/node_modules/axios/dist/node/axios.cjs:2530:12)\n    at IncomingMessage.handleStreamEnd (/Users/aliasgarfatepurwala/agent-system/node_modules/axios/dist/node/axios.cjs:4772:11)\n    at IncomingMessage.emit (node:events:526:24)\n    at endReadableNT (node:internal/streams/readable:1980:12)\n    at processTicksAndRejections (node:internal/process/task_queues:90:21)\n    at Axios.request (/Users/aliasgarfatepurwala/agent-system/node_modules/axios/dist/node/axios.cjs:6308:43)\n    at processTicksAndRejections (node:internal/process/task_queues:104:5)\n    at NewsMonitor.get (/Users/aliasgarfatepurwala/agent-system/src/base-agent.ts:260:26)\n    at NewsMonitor.fetchNews (/Users/aliasgarfatepurwala/agent-system/src/agents/news-monitor.ts:129:24)\n    at NewsMonitor.execute (/Users/aliasgarfatepurwala/agent-system/src/agents/news-monitor.ts:58:25)\n    at NewsMonitor.run (/Users/aliasgarfatepurwala/agent-system/src/base-agent.ts:98:20)\n    at Orchestrator.runAgent (/Users/aliasgarfatepurwala/agent-system/src/orchestrator.ts:296:22)\n    at Job.job (/Users/aliasgarfatepurwala/agent-system/src/orchestrator.ts:328:9)"
}
[2026-09-27 09:30:06] [INFO] [Agent] ℹ️ NewsAPI unavailable (401), using mock data
[2026-09-27 09:30:06] [INFO] [Agent] 📰 CoinTelegraph: Bitcoin Hits New All-Time High Amid Institutional Adoption... [positive/medium]
[2026-09-27 09:30:06] [INFO] [Agent] 📰 CryptoBreifing: Ethereum Technical Analysis Shows Bullish Breakout... [positive/medium]
[2026-09-27 09:30:06] [INFO] [Agent] 📰 Decrypt: Regulatory Uncertainty Impacts Market... [neutral/low]
[2026-09-27 09:30:06] [INFO] [Orchestrator] 📊 [news-monitor] News sentiment shift {
  "totalNewsItems": 3,
  "criticalCount": 0,
  "positiveSentiment": 2,
  "negativeSentiment": 0
}
[2026-09-27 09:30:06] [INFO] [Agent] ✅ News Monitor: Scan completed
[2026-09-27 09:30:06] [INFO] [Agent] ✅ Execution completed in 5757ms
[2026-09-27 09:30:06] [ERROR] [Database] Insert into agent_results failed {
  "error": "database \"agents\" does not exist",
  "stack": "error: database \"agents\" does not exist\n    at /Users/aliasgarfatepurwala/agent-system/node_modules/pg-pool/index.js:45:11\n    at processTicksAndRejections (node:internal/process/task_queues:104:5)\n    at Database.insert (/Users/aliasgarfatepurwala/agent-system/src/database.ts:169:22)\n    at NewsMonitor.saveResult (/Users/aliasgarfatepurwala/agent-system/src/base-agent.ts:209:7)\n    at NewsMonitor.run (/Users/aliasgarfatepurwala/agent-system/src/base-agent.ts:117:7)\n    at Orchestrator.runAgent (/Users/aliasgarfatepurwala/agent-system/src/orchestrator.ts:296:22)\n    at Job.job (/Users/aliasgarfatepurwala/agent-system/src/orchestrator.ts:328:9)"
}
[2026-09-27 09:30:06] [ERROR] [Agent] Failed to save result to database {
  "error": "database \"agents\" does not exist",
  "stack": "error: database \"agents\" does not exist\n    at /Users/aliasgarfatepurwala/agent-system/node_modules/pg-pool/index.js:45:11\n    at processTicksAndRejections (node:internal/process/task_queues:104:5)\n    at Database.insert (/Users/aliasgarfatepurwala/agent-system/src/database.ts:169:22)\n    at NewsMonitor.saveResult (/Users/aliasgarfatepurwala/agent-system/src/base-agent.ts:209:7)\n    at NewsMonitor.run (/Users/aliasgarfatepurwala/agent-system/src/base-agent.ts:117:7)\n    at Orchestrator.runAgent (/Users/aliasgarfatepurwala/agent-system/src/orchestrator.ts:296:22)\n    at Job.job (/Users/aliasgarfatepurwala/agent-system/src/orchestrator.ts:328:9)"
}
[2026-09-27 09:30:06] [INFO] [Orchestrator] ✅ news-monitor completed in 5781ms
[2026-09-27 09:30:06] [INFO] [Agent] ✅ Scan complete: Found 0 signals
[2026-09-27 09:30:06] [INFO] [Agent] ✅ Execution completed in 6047ms
[2026-09-27 09:30:06] [INFO] [Agent] ✅ Momentum Trader: Scan completed
[2026-09-27 09:30:06] [INFO] [Agent] ✅ Execution completed in 6052ms
[2026-09-27 09:30:06] [ERROR] [Database] Insert into agent_results failed {
  "error": "database \"agents\" does not exist",
  "stack": "error: database \"agents\" does not exist\n    at /Users/aliasgarfatepurwala/agent-system/node_modules/pg-pool/index.js:45:11\n    at processTicksAndRejections (node:internal/process/task_queues:104:5)\n    at Database.insert (/Users/aliasgarfatepurwala/agent-system/src/database.ts:169:22)\n    at PumpDumpDetector.saveResult (/Users/aliasgarfatepurwala/agent-system/src/base-agent.ts:209:7)\n    at PumpDumpDetector.run (/Users/aliasgarfatepurwala/agent-system/src/base-agent.ts:117:7)\n    at Orchestrator.runAgent (/Users/aliasgarfatepurwala/agent-system/src/orchestrator.ts:296:22)\n    at Job.job (/Users/aliasgarfatepurwala/agent-system/src/orchestrator.ts:328:9)"
}
[2026-09-27 09:30:06] [ERROR] [Agent] Failed to save result to database {
  "error": "database \"agents\" does not exist",
  "stack": "error: database \"agents\" does not exist\n    at /Users/aliasgarfatepurwala/agent-system/node_modules/pg-pool/index.js:45:11\n    at processTicksAndRejections (node:internal/process/task_queues:104:5)\n    at Database.insert (/Users/aliasgarfatepurwala/agent-system/src/database.ts:169:22)\n    at PumpDumpDetector.saveResult (/Users/aliasgarfatepurwala/agent-system/src/base-agent.ts:209:7)\n    at PumpDumpDetector.run (/Users/aliasgarfatepurwala/agent-system/src/base-agent.ts:117:7)\n    at Orchestrator.runAgent (/Users/aliasgarfatepurwala/agent-system/src/orchestrator.ts:296:22)\n    at Job.job (/Users/aliasgarfatepurwala/agent-system/src/orchestrator.ts:328:9)"
}
[2026-09-27 09:30:06] [INFO] [Orchestrator] ✅ pump-dump-detector completed in 6064ms
[2026-09-27 09:30:06] [ERROR] [Database] Insert into agent_results failed {
  "error": "database \"agents\" does not exist",
  "stack": "error: database \"agents\" does not exist\n    at /Users/aliasgarfatepurwala/agent-system/node_modules/pg-pool/index.js:45:11\n    at processTicksAndRejections (node:internal/process/task_queues:104:5)\n    at Database.insert (/Users/aliasgarfatepurwala/agent-system/src/database.ts:169:22)\n    at MomentumTrader.saveResult (/Users/aliasgarfatepurwala/agent-system/src/base-agent.ts:209:7)\n    at MomentumTrader.run (/Users/aliasgarfatepurwala/agent-system/src/base-agent.ts:117:7)\n    at Orchestrator.runAgent (/Users/aliasgarfatepurwala/agent-system/src/orchestrator.ts:296:22)\n    at Job.job (/Users/aliasgarfatepurwala/agent-system/src/orchestrator.ts:328:9)"
}
[2026-09-27 09:30:06] [ERROR] [Agent] Failed to save result to database {
  "error": "database \"agents\" does not exist",
  "stack": "error: database \"agents\" does not exist\n    at /Users/aliasgarfatepurwala/agent-system/node_modules/pg-pool/index.js:45:11\n    at processTicksAndRejections (node:internal/process/task_queues:104:5)\n    at Database.insert (/Users/aliasgarfatepurwala/agent-system/src/database.ts:169:22)\n    at MomentumTrader.saveResult (/Users/aliasgarfatepurwala/agent-system/src/base-agent.ts:209:7)\n    at MomentumTrader.run (/Users/aliasgarfatepurwala/agent-system/src/base-agent.ts:117:7)\n    at Orchestrator.runAgent (/Users/aliasgarfatepurwala/agent-system/src/orchestrator.ts:296:22)\n    at Job.job (/Users/aliasgarfatepurwala/agent-system/src/orchestrator.ts:328:9)"
}
[2026-09-27 09:30:06] [INFO] [Orchestrator] ✅ momentum-trader completed in 6065ms
[2026-09-27 09:30:06] [INFO] [Agent] ✅ MACD analysis complete: Found 0 signals
[2026-09-27 09:30:06] [INFO] [Agent] ✅ Execution completed in 5981ms
[2026-09-27 09:30:06] [ERROR] [Database] Insert into agent_results failed {
  "error": "database \"agents\" does not exist",
  "stack": "error: database \"agents\" does not exist\n    at /Users/aliasgarfatepurwala/agent-system/node_modules/pg-pool/index.js:45:11\n    at processTicksAndRejections (node:internal/process/task_queues:104:5)\n    at Database.insert (/Users/aliasgarfatepurwala/agent-system/src/database.ts:169:22)\n    at MACDTrader.saveResult (/Users/aliasgarfatepurwala/agent-system/src/base-agent.ts:209:7)\n    at MACDTrader.run (/Users/aliasgarfatepurwala/agent-system/src/base-agent.ts:117:7)\n    at Orchestrator.runAgent (/Users/aliasgarfatepurwala/agent-system/src/orchestrator.ts:296:22)\n    at Job.job (/Users/aliasgarfatepurwala/agent-system/src/orchestrator.ts:328:9)"
}
[2026-09-27 09:30:06] [ERROR] [Agent] Failed to save result to database {
  "error": "database \"agents\" does not exist",
  "stack": "error: database \"agents\" does not exist\n    at /Users/aliasgarfatepurwala/agent-system/node_modules/pg-pool/index.js:45:11\n    at processTicksAndRejections (node:internal/process/task_queues:104:5)\n    at Database.insert (/Users/aliasgarfatepurwala/agent-system/src/database.ts:169:22)\n    at MACDTrader.saveResult (/Users/aliasgarfatepurwala/agent-system/src/base-agent.ts:209:7)\n    at MACDTrader.run (/Users/aliasgarfatepurwala/agent-system/src/base-agent.ts:117:7)\n    at Orchestrator.runAgent (/Users/aliasgarfatepurwala/agent-system/src/orchestrator.ts:296:22)\n    at Job.job (/Users/aliasgarfatepurwala/agent-system/src/orchestrator.ts:328:9)"
}
[2026-09-27 09:30:06] [INFO] [Orchestrator] ✅ macd-trader completed in 5993ms
[2026-09-27 09:30:06] [INFO] [Agent] ✅ Price data collected: [{"symbol":"BTC","price":84398.86,"currency":"USD","timestamp":"2026-09-27T05:30:06.497Z","source":"binance","change24h":0,"priceChangeStatus":"stable"}]
[2026-09-27 09:30:06] [INFO] [Agent] ✅ Execution completed in 6214ms
[2026-09-27 09:30:06] [INFO] [Agent] ✅ Analysis complete: Found 0 signals
[2026-09-27 09:30:06] [INFO] [Agent] ✅ Execution completed in 6164ms
[2026-09-27 09:30:06] [INFO] [Agent] ✅ RSI analysis complete: Found 0 signals
[2026-09-27 09:30:06] [INFO] [Agent] ✅ Execution completed in 6071ms
[2026-09-27 09:30:06] [INFO] [Agent] ✅ Execution completed in 6361ms
[2026-09-27 09:30:06] [INFO] [Agent] ✅ Execution completed in 6025ms
[2026-09-27 09:30:06] [WARN] [Agent] 📊 VOLUME-SPIKE: BTCUSDT volume spike (1.6x) at $84398.86
[2026-09-27 09:30:06] [ERROR] [BinanceAPI] ❌ Order placement failed: Timestamp for this request is outside of the recvWindow.
[2026-09-27 09:30:06] [ERROR] [Agent] ❌ Failed to place buy order for BTCUSDT
[2026-09-27 09:30:06] [INFO] [BinanceAPI] 📤 Placing BUY order: 0.0011627906976744186 BTCUSDT @ 43000
[2026-09-27 09:30:06] [ERROR] [Database] Insert into agent_results failed {
  "error": "database \"agents\" does not exist",
  "stack": "error: database \"agents\" does not exist\n    at /Users/aliasgarfatepurwala/agent-system/node_modules/pg-pool/index.js:45:11\n    at processTicksAndRejections (node:internal/process/task_queues:104:5)\n    at Database.insert (/Users/aliasgarfatepurwala/agent-system/src/database.ts:169:22)\n    at BitcoinPriceMonitor.saveResult (/Users/aliasgarfatepurwala/agent-system/src/base-agent.ts:209:7)\n    at BitcoinPriceMonitor.run (/Users/aliasgarfatepurwala/agent-system/src/base-agent.ts:117:7)\n    at Orchestrator.runAgent (/Users/aliasgarfatepurwala/agent-system/src/orchestrator.ts:296:22)\n    at Job.job (/Users/aliasgarfatepurwala/agent-system/src/orchestrator.ts:328:9)"
}
[2026-09-27 09:30:06] [ERROR] [Agent] Failed to save result to database {
  "error": "database \"agents\" does not exist",
  "stack": "error: database \"agents\" does not exist\n    at /Users/aliasgarfatepurwala/agent-system/node_modules/pg-pool/index.js:45:11\n    at processTicksAndRejections (node:internal/process/task_queues:104:5)\n    at Database.insert (/Users/aliasgarfatepurwala/agent-system/src/database.ts:169:22)\n    at BitcoinPriceMonitor.saveResult (/Users/aliasgarfatepurwala/agent-system/src/base-agent.ts:209:7)\n    at BitcoinPriceMonitor.run (/Users/aliasgarfatepurwala/agent-system/src/base-agent.ts:117:7)\n    at Orchestrator.runAgent (/Users/aliasgarfatepurwala/agent-system/src/orchestrator.ts:296:22)\n    at Job.job (/Users/aliasgarfatepurwala/agent-system/src/orchestrator.ts:328:9)"
}
[2026-09-27 09:30:06] [INFO] [Orchestrator] ✅ bitcoin-price-monitor completed in 6253ms
[2026-09-27 09:30:06] [ERROR] [Database] Insert into agent_results failed {
  "error": "database \"agents\" does not exist",
  "stack": "error: database \"agents\" does not exist\n    at /Users/aliasgarfatepurwala/agent-system/node_modules/pg-pool/index.js:45:11\n    at processTicksAndRejections (node:internal/process/task_queues:104:5)\n    at Database.insert (/Users/aliasgarfatepurwala/agent-system/src/database.ts:169:22)\n    at RSIBot.saveResult (/Users/aliasgarfatepurwala/agent-system/src/base-agent.ts:209:7)\n    at RSIBot.run (/Users/aliasgarfatepurwala/agent-system/src/base-agent.ts:117:7)\n    at Orchestrator.runAgent (/Users/aliasgarfatepurwala/agent-system/src/orchestrator.ts:296:22)\n    at Job.job (/Users/aliasgarfatepurwala/agent-system/src/orchestrator.ts:328:9)"
}
[2026-09-27 09:30:06] [ERROR] [Agent] Failed to save result to database {
  "error": "database \"agents\" does not exist",
  "stack": "error: database \"agents\" does not exist\n    at /Users/aliasgarfatepurwala/agent-system/node_modules/pg-pool/index.js:45:11\n    at processTicksAndRejections (node:internal/process/task_queues:104:5)\n    at Database.insert (/Users/aliasgarfatepurwala/agent-system/src/database.ts:169:22)\n    at RSIBot.saveResult (/Users/aliasgarfatepurwala/agent-system/src/base-agent.ts:209:7)\n    at RSIBot.run (/Users/aliasgarfatepurwala/agent-system/src/base-agent.ts:117:7)\n    at Orchestrator.runAgent (/Users/aliasgarfatepurwala/agent-system/src/orchestrator.ts:296:22)\n    at Job.job (/Users/aliasgarfatepurwala/agent-system/src/orchestrator.ts:328:9)"
}
[2026-09-27 09:30:06] [INFO] [Orchestrator] ✅ rsi-bot completed in 6118ms
[2026-09-27 09:30:06] [ERROR] [Database] Insert into agent_results failed {
  "error": "database \"agents\" does not exist",
  "stack": "error: database \"agents\" does not exist\n    at /Users/aliasgarfatepurwala/agent-system/node_modules/pg-pool/index.js:45:11\n    at processTicksAndRejections (node:internal/process/task_queues:104:5)\n    at Database.insert (/Users/aliasgarfatepurwala/agent-system/src/database.ts:169:22)\n    at BollingerBandsBot.saveResult (/Users/aliasgarfatepurwala/agent-system/src/base-agent.ts:209:7)\n    at BollingerBandsBot.run (/Users/aliasgarfatepurwala/agent-system/src/base-agent.ts:117:7)\n    at Orchestrator.runAgent (/Users/aliasgarfatepurwala/agent-system/src/orchestrator.ts:296:22)\n    at Job.job (/Users/aliasgarfatepurwala/agent-system/src/orchestrator.ts:328:9)"
}
[2026-09-27 09:30:06] [ERROR] [Agent] Failed to save result to database {
  "error": "database \"agents\" does not exist",
  "stack": "error: database \"agents\" does not exist\n    at /Users/aliasgarfatepurwala/agent-system/node_modules/pg-pool/index.js:45:11\n    at processTicksAndRejections (node:internal/process/task_queues:104:5)\n    at Database.insert (/Users/aliasgarfatepurwala/agent-system/src/database.ts:169:22)\n    at BollingerBandsBot.saveResult (/Users/aliasgarfatepurwala/agent-system/src/base-agent.ts:209:7)\n    at BollingerBandsBot.run (/Users/aliasgarfatepurwala/agent-system/src/base-agent.ts:117:7)\n    at Orchestrator.runAgent (/Users/aliasgarfatepurwala/agent-system/src/orchestrator.ts:296:22)\n    at Job.job (/Users/aliasgarfatepurwala/agent-system/src/orchestrator.ts:328:9)"
}
[2026-09-27 09:30:06] [INFO] [Orchestrator] ✅ bollinger-bands-bot completed in 6212ms
[2026-09-27 09:30:06] [ERROR] [Database] Insert into agent_results failed {
  "error": "database \"agents\" does not exist",
  "stack": "error: database \"agents\" does not exist\n    at /Users/aliasgarfatepurwala/agent-system/node_modules/pg-pool/index.js:45:11\n    at processTicksAndRejections (node:internal/process/task_queues:104:5)\n    at Database.insert (/Users/aliasgarfatepurwala/agent-system/src/database.ts:169:22)\n    at ScalpingBot.saveResult (/Users/aliasgarfatepurwala/agent-system/src/base-agent.ts:209:7)\n    at ScalpingBot.run (/Users/aliasgarfatepurwala/agent-system/src/base-agent.ts:117:7)\n    at Orchestrator.runAgent (/Users/aliasgarfatepurwala/agent-system/src/orchestrator.ts:296:22)\n    at Job.job (/Users/aliasgarfatepurwala/agent-system/src/orchestrator.ts:328:9)"
}
[2026-09-27 09:30:06] [ERROR] [Agent] Failed to save result to database {
  "error": "database \"agents\" does not exist",
  "stack": "error: database \"agents\" does not exist\n    at /Users/aliasgarfatepurwala/agent-system/node_modules/pg-pool/index.js:45:11\n    at processTicksAndRejections (node:internal/process/task_queues:104:5)\n    at Database.insert (/Users/aliasgarfatepurwala/agent-system/src/database.ts:169:22)\n    at ScalpingBot.saveResult (/Users/aliasgarfatepurwala/agent-system/src/base-agent.ts:209:7)\n    at ScalpingBot.run (/Users/aliasgarfatepurwala/agent-system/src/base-agent.ts:117:7)\n    at Orchestrator.runAgent (/Users/aliasgarfatepurwala/agent-system/src/orchestrator.ts:296:22)\n    at Job.job (/Users/aliasgarfatepurwala/agent-system/src/orchestrator.ts:328:9)"
}
[2026-09-27 09:30:06] [INFO] [Orchestrator] ✅ scalping-bot completed in 6409ms
[2026-09-27 09:30:06] [ERROR] [Database] Insert into agent_results failed {
  "error": "database \"agents\" does not exist",
  "stack": "error: database \"agents\" does not exist\n    at /Users/aliasgarfatepurwala/agent-system/node_modules/pg-pool/index.js:45:11\n    at processTicksAndRejections (node:internal/process/task_queues:104:5)\n    at Database.insert (/Users/aliasgarfatepurwala/agent-system/src/database.ts:169:22)\n    at SupportResistanceBot.saveResult (/Users/aliasgarfatepurwala/agent-system/src/base-agent.ts:209:7)\n    at SupportResistanceBot.run (/Users/aliasgarfatepurwala/agent-system/src/base-agent.ts:117:7)\n    at Orchestrator.runAgent (/Users/aliasgarfatepurwala/agent-system/src/orchestrator.ts:296:22)\n    at Job.job (/Users/aliasgarfatepurwala/agent-system/src/orchestrator.ts:328:9)"
}
[2026-09-27 09:30:06] [ERROR] [Agent] Failed to save result to database {
  "error": "database \"agents\" does not exist",
  "stack": "error: database \"agents\" does not exist\n    at /Users/aliasgarfatepurwala/agent-system/node_modules/pg-pool/index.js:45:11\n    at processTicksAndRejections (node:internal/process/task_queues:104:5)\n    at Database.insert (/Users/aliasgarfatepurwala/agent-system/src/database.ts:169:22)\n    at SupportResistanceBot.saveResult (/Users/aliasgarfatepurwala/agent-system/src/base-agent.ts:209:7)\n    at SupportResistanceBot.run (/Users/aliasgarfatepurwala/agent-system/src/base-agent.ts:117:7)\n    at Orchestrator.runAgent (/Users/aliasgarfatepurwala/agent-system/src/orchestrator.ts:296:22)\n    at Job.job (/Users/aliasgarfatepurwala/agent-system/src/orchestrator.ts:328:9)"
}
[2026-09-27 09:30:06] [INFO] [Orchestrator] ✅ support-resistance-bot completed in 6086ms
[2026-09-27 09:30:06] [ERROR] [Database] Insert into events failed {
  "error": "database \"agents\" does not exist",
  "stack": "error: database \"agents\" does not exist\n    at /Users/aliasgarfatepurwala/agent-system/node_modules/pg-pool/index.js:45:11\n    at processTicksAndRejections (node:internal/process/task_queues:104:5)\n    at Database.insert (/Users/aliasgarfatepurwala/agent-system/src/database.ts:169:22)\n    at Database.publishEvent (/Users/aliasgarfatepurwala/agent-system/src/database.ts:198:7)\n    at VolumeProfileBot.publishEvent (/Users/aliasgarfatepurwala/agent-system/src/base-agent.ts:181:7)\n    at VolumeProfileBot.execute (/Users/aliasgarfatepurwala/agent-system/src/agents/volume-profile-bot.ts:51:11)\n    at VolumeProfileBot.run (/Users/aliasgarfatepurwala/agent-system/src/base-agent.ts:98:20)\n    at Orchestrator.runAgent (/Users/aliasgarfatepurwala/agent-system/src/orchestrator.ts:296:22)\n    at Job.job (/Users/aliasgarfatepurwala/agent-system/src/orchestrator.ts:328:9)"
}
[2026-09-27 09:30:06] [ERROR] [Database] Publish event failed {
  "error": "database \"agents\" does not exist",
  "stack": "error: database \"agents\" does not exist\n    at /Users/aliasgarfatepurwala/agent-system/node_modules/pg-pool/index.js:45:11\n    at processTicksAndRejections (node:internal/process/task_queues:104:5)\n    at Database.insert (/Users/aliasgarfatepurwala/agent-system/src/database.ts:169:22)\n    at Database.publishEvent (/Users/aliasgarfatepurwala/agent-system/src/database.ts:198:7)\n    at VolumeProfileBot.publishEvent (/Users/aliasgarfatepurwala/agent-system/src/base-agent.ts:181:7)\n    at VolumeProfileBot.execute (/Users/aliasgarfatepurwala/agent-system/src/agents/volume-profile-bot.ts:51:11)\n    at VolumeProfileBot.run (/Users/aliasgarfatepurwala/agent-system/src/base-agent.ts:98:20)\n    at Orchestrator.runAgent (/Users/aliasgarfatepurwala/agent-system/src/orchestrator.ts:296:22)\n    at Job.job (/Users/aliasgarfatepurwala/agent-system/src/orchestrator.ts:328:9)"
}
[2026-09-27 09:30:06] [WARN] [Agent] 📊 VOLUME-SPIKE: SOLUSDT volume spike (1.5x) at $120.71
[2026-09-27 09:30:06] [INFO] [Agent] 📊 BTC: Price $84398.86 | MA20: 84398.86 | RSI: 50.00 | Signal: NEUTRAL (weak)
[2026-09-27 09:30:06] [INFO] [Agent] 📊 ETH: Price $2697.00 | MA20: 2697.00 | RSI: 50.00 | Signal: NEUTRAL (weak)
[2026-09-27 09:30:06] [INFO] [Agent] 📊 ADA: Price $0.25 | MA20: 0.25 | RSI: 50.00 | Signal: NEUTRAL (weak)
[2026-09-27 09:30:06] [INFO] [Agent] ✅ Technical Analysis: Complete
[2026-09-27 09:30:06] [INFO] [Agent] ✅ Execution completed in 6078ms
[2026-09-27 09:30:06] [INFO] [Agent] ✅ Mean Reversion Bot: Scan completed
[2026-09-27 09:30:06] [INFO] [Agent] ✅ Execution completed in 6093ms
[2026-09-27 09:30:06] [ERROR] [Database] Insert into events failed {
  "error": "database \"agents\" does not exist",
  "stack": "error: database \"agents\" does not exist\n    at /Users/aliasgarfatepurwala/agent-system/node_modules/pg-pool/index.js:45:11\n    at processTicksAndRejections (node:internal/process/task_queues:104:5)\n    at Database.insert (/Users/aliasgarfatepurwala/agent-system/src/database.ts:169:22)\n    at Database.publishEvent (/Users/aliasgarfatepurwala/agent-system/src/database.ts:198:7)\n    at PortfolioTracker.publishEvent (/Users/aliasgarfatepurwala/agent-system/src/base-agent.ts:181:7)\n    at PortfolioTracker.publishPortfolioUpdate (/Users/aliasgarfatepurwala/agent-system/src/agents/portfolio-tracker.ts:214:5)\n    at PortfolioTracker.execute (/Users/aliasgarfatepurwala/agent-system/src/agents/portfolio-tracker.ts:79:7)\n    at PortfolioTracker.run (/Users/aliasgarfatepurwala/agent-system/src/base-agent.ts:98:20)\n    at Orchestrator.runAgent (/Users/aliasgarfatepurwala/agent-system/src/orchestrator.ts:296:22)\n    at Job.job (/Users/aliasgarfatepurwala/agent-system/src/orchestrator.ts:328:9)"
}
[2026-09-27 09:30:06] [ERROR] [Database] Publish event failed {
  "error": "database \"agents\" does not exist",
  "stack": "error: database \"agents\" does not exist\n    at /Users/aliasgarfatepurwala/agent-system/node_modules/pg-pool/index.js:45:11\n    at processTicksAndRejections (node:internal/process/task_queues:104:5)\n    at Database.insert (/Users/aliasgarfatepurwala/agent-system/src/database.ts:169:22)\n    at Database.publishEvent (/Users/aliasgarfatepurwala/agent-system/src/database.ts:198:7)\n    at PortfolioTracker.publishEvent (/Users/aliasgarfatepurwala/agent-system/src/base-agent.ts:181:7)\n    at PortfolioTracker.publishPortfolioUpdate (/Users/aliasgarfatepurwala/agent-system/src/agents/portfolio-tracker.ts:214:5)\n    at PortfolioTracker.execute (/Users/aliasgarfatepurwala/agent-system/src/agents/portfolio-tracker.ts:79:7)\n    at PortfolioTracker.run (/Users/aliasgarfatepurwala/agent-system/src/base-agent.ts:98:20)\n    at Orchestrator.runAgent (/Users/aliasgarfatepurwala/agent-system/src/orchestrator.ts:296:22)\n    at Job.job (/Users/aliasgarfatepurwala/agent-system/src/orchestrator.ts:328:9)"
}
[2026-09-27 09:30:06] [ERROR] [Database] Insert into events failed {
  "error": "database \"agents\" does not exist",
  "stack": "error: database \"agents\" does not exist\n    at /Users/aliasgarfatepurwala/agent-system/node_modules/pg-pool/index.js:45:11\n    at processTicksAndRejections (node:internal/process/task_queues:104:5)\n    at Database.insert (/Users/aliasgarfatepurwala/agent-system/src/database.ts:169:22)\n    at Database.publishEvent (/Users/aliasgarfatepurwala/agent-system/src/database.ts:198:7)\n    at VolumeProfileBot.publishEvent (/Users/aliasgarfatepurwala/agent-system/src/base-agent.ts:181:7)\n    at VolumeProfileBot.execute (/Users/aliasgarfatepurwala/agent-system/src/agents/volume-profile-bot.ts:51:11)\n    at VolumeProfileBot.run (/Users/aliasgarfatepurwala/agent-system/src/base-agent.ts:98:20)\n    at Orchestrator.runAgent (/Users/aliasgarfatepurwala/agent-system/src/orchestrator.ts:296:22)\n    at Job.job (/Users/aliasgarfatepurwala/agent-system/src/orchestrator.ts:328:9)"
}
[2026-09-27 09:30:06] [ERROR] [Database] Publish event failed {
  "error": "database \"agents\" does not exist",
  "stack": "error: database \"agents\" does not exist\n    at /Users/aliasgarfatepurwala/agent-system/node_modules/pg-pool/index.js:45:11\n    at processTicksAndRejections (node:internal/process/task_queues:104:5)\n    at Database.insert (/Users/aliasgarfatepurwala/agent-system/src/database.ts:169:22)\n    at Database.publishEvent (/Users/aliasgarfatepurwala/agent-system/src/database.ts:198:7)\n    at VolumeProfileBot.publishEvent (/Users/aliasgarfatepurwala/agent-system/src/base-agent.ts:181:7)\n    at VolumeProfileBot.execute (/Users/aliasgarfatepurwala/agent-system/src/agents/volume-profile-bot.ts:51:11)\n    at VolumeProfileBot.run (/Users/aliasgarfatepurwala/agent-system/src/base-agent.ts:98:20)\n    at Orchestrator.runAgent (/Users/aliasgarfatepurwala/agent-system/src/orchestrator.ts:296:22)\n    at Job.job (/Users/aliasgarfatepurwala/agent-system/src/orchestrator.ts:328:9)"
}
[2026-09-27 09:30:06] [INFO] [Agent] ✅ Volume analysis complete: Found 2 signals
[2026-09-27 09:30:06] [INFO] [Agent] ✅ Execution completed in 6145ms
[2026-09-27 09:30:06] [ERROR] [Database] Insert into agent_results failed {
  "error": "database \"agents\" does not exist",
  "stack": "error: database \"agents\" does not exist\n    at /Users/aliasgarfatepurwala/agent-system/node_modules/pg-pool/index.js:45:11\n    at processTicksAndRejections (node:internal/process/task_queues:104:5)\n    at Database.insert (/Users/aliasgarfatepurwala/agent-system/src/database.ts:169:22)\n    at MeanReversionBot.saveResult (/Users/aliasgarfatepurwala/agent-system/src/base-agent.ts:209:7)\n    at MeanReversionBot.run (/Users/aliasgarfatepurwala/agent-system/src/base-agent.ts:117:7)\n    at Orchestrator.runAgent (/Users/aliasgarfatepurwala/agent-system/src/orchestrator.ts:296:22)\n    at Job.job (/Users/aliasgarfatepurwala/agent-system/src/orchestrator.ts:328:9)"
}
[2026-09-27 09:30:06] [ERROR] [Agent] Failed to save result to database {
  "error": "database \"agents\" does not exist",
  "stack": "error: database \"agents\" does not exist\n    at /Users/aliasgarfatepurwala/agent-system/node_modules/pg-pool/index.js:45:11\n    at processTicksAndRejections (node:internal/process/task_queues:104:5)\n    at Database.insert (/Users/aliasgarfatepurwala/agent-system/src/database.ts:169:22)\n    at MeanReversionBot.saveResult (/Users/aliasgarfatepurwala/agent-system/src/base-agent.ts:209:7)\n    at MeanReversionBot.run (/Users/aliasgarfatepurwala/agent-system/src/base-agent.ts:117:7)\n    at Orchestrator.runAgent (/Users/aliasgarfatepurwala/agent-system/src/orchestrator.ts:296:22)\n    at Job.job (/Users/aliasgarfatepurwala/agent-system/src/orchestrator.ts:328:9)"
}
[2026-09-27 09:30:06] [INFO] [Orchestrator] ✅ mean-reversion-bot completed in 6115ms
[2026-09-27 09:30:06] [ERROR] [Database] Insert into agent_results failed {
  "error": "database \"agents\" does not exist",
  "stack": "error: database \"agents\" does not exist\n    at /Users/aliasgarfatepurwala/agent-system/node_modules/pg-pool/index.js:45:11\n    at processTicksAndRejections (node:internal/process/task_queues:104:5)\n    at Database.insert (/Users/aliasgarfatepurwala/agent-system/src/database.ts:169:22)\n    at TechnicalAnalysis.saveResult (/Users/aliasgarfatepurwala/agent-system/src/base-agent.ts:209:7)\n    at TechnicalAnalysis.run (/Users/aliasgarfatepurwala/agent-system/src/base-agent.ts:117:7)\n    at Orchestrator.runAgent (/Users/aliasgarfatepurwala/agent-system/src/orchestrator.ts:296:22)\n    at Job.job (/Users/aliasgarfatepurwala/agent-system/src/orchestrator.ts:328:9)"
}
[2026-09-27 09:30:06] [ERROR] [Agent] Failed to save result to database {
  "error": "database \"agents\" does not exist",
  "stack": "error: database \"agents\" does not exist\n    at /Users/aliasgarfatepurwala/agent-system/node_modules/pg-pool/index.js:45:11\n    at processTicksAndRejections (node:internal/process/task_queues:104:5)\n    at Database.insert (/Users/aliasgarfatepurwala/agent-system/src/database.ts:169:22)\n    at TechnicalAnalysis.saveResult (/Users/aliasgarfatepurwala/agent-system/src/base-agent.ts:209:7)\n    at TechnicalAnalysis.run (/Users/aliasgarfatepurwala/agent-system/src/base-agent.ts:117:7)\n    at Orchestrator.runAgent (/Users/aliasgarfatepurwala/agent-system/src/orchestrator.ts:296:22)\n    at Job.job (/Users/aliasgarfatepurwala/agent-system/src/orchestrator.ts:328:9)"
}
[2026-09-27 09:30:06] [INFO] [Orchestrator] ✅ technical-analysis completed in 6103ms
[2026-09-27 09:30:06] [ERROR] [Database] Insert into events failed {
  "error": "database \"agents\" does not exist",
  "stack": "error: database \"agents\" does not exist\n    at /Users/aliasgarfatepurwala/agent-system/node_modules/pg-pool/index.js:45:11\n    at processTicksAndRejections (node:internal/process/task_queues:104:5)\n    at Database.insert (/Users/aliasgarfatepurwala/agent-system/src/database.ts:169:22)\n    at Database.publishEvent (/Users/aliasgarfatepurwala/agent-system/src/database.ts:198:7)\n    at PortfolioTracker.publishEvent (/Users/aliasgarfatepurwala/agent-system/src/base-agent.ts:181:7)\n    at PortfolioTracker.execute (/Users/aliasgarfatepurwala/agent-system/src/agents/portfolio-tracker.ts:84:11)\n    at PortfolioTracker.run (/Users/aliasgarfatepurwala/agent-system/src/base-agent.ts:98:20)\n    at Orchestrator.runAgent (/Users/aliasgarfatepurwala/agent-system/src/orchestrator.ts:296:22)\n    at Job.job (/Users/aliasgarfatepurwala/agent-system/src/orchestrator.ts:328:9)"
}
[2026-09-27 09:30:06] [ERROR] [Database] Publish event failed {
  "error": "database \"agents\" does not exist",
  "stack": "error: database \"agents\" does not exist\n    at /Users/aliasgarfatepurwala/agent-system/node_modules/pg-pool/index.js:45:11\n    at processTicksAndRejections (node:internal/process/task_queues:104:5)\n    at Database.insert (/Users/aliasgarfatepurwala/agent-system/src/database.ts:169:22)\n    at Database.publishEvent (/Users/aliasgarfatepurwala/agent-system/src/database.ts:198:7)\n    at PortfolioTracker.publishEvent (/Users/aliasgarfatepurwala/agent-system/src/base-agent.ts:181:7)\n    at PortfolioTracker.execute (/Users/aliasgarfatepurwala/agent-system/src/agents/portfolio-tracker.ts:84:11)\n    at PortfolioTracker.run (/Users/aliasgarfatepurwala/agent-system/src/base-agent.ts:98:20)\n    at Orchestrator.runAgent (/Users/aliasgarfatepurwala/agent-system/src/orchestrator.ts:296:22)\n    at Job.job (/Users/aliasgarfatepurwala/agent-system/src/orchestrator.ts:328:9)"
}
[2026-09-27 09:30:06] [INFO] [Agent] ✅ Portfolio tracked: Total value $55709.69
[2026-09-27 09:30:06] [INFO] [Agent] ✅ Execution completed in 6097ms
[2026-09-27 09:30:06] [ERROR] [Database] Insert into agent_results failed {
  "error": "database \"agents\" does not exist",
  "stack": "error: database \"agents\" does not exist\n    at /Users/aliasgarfatepurwala/agent-system/node_modules/pg-pool/index.js:45:11\n    at processTicksAndRejections (node:internal/process/task_queues:104:5)\n    at Database.insert (/Users/aliasgarfatepurwala/agent-system/src/database.ts:169:22)\n    at VolumeProfileBot.saveResult (/Users/aliasgarfatepurwala/agent-system/src/base-agent.ts:209:7)\n    at VolumeProfileBot.run (/Users/aliasgarfatepurwala/agent-system/src/base-agent.ts:117:7)\n    at Orchestrator.runAgent (/Users/aliasgarfatepurwala/agent-system/src/orchestrator.ts:296:22)\n    at Job.job (/Users/aliasgarfatepurwala/agent-system/src/orchestrator.ts:328:9)"
}
[2026-09-27 09:30:06] [ERROR] [Agent] Failed to save result to database {
  "error": "database \"agents\" does not exist",
  "stack": "error: database \"agents\" does not exist\n    at /Users/aliasgarfatepurwala/agent-system/node_modules/pg-pool/index.js:45:11\n    at processTicksAndRejections (node:internal/process/task_queues:104:5)\n    at Database.insert (/Users/aliasgarfatepurwala/agent-system/src/database.ts:169:22)\n    at VolumeProfileBot.saveResult (/Users/aliasgarfatepurwala/agent-system/src/base-agent.ts:209:7)\n    at VolumeProfileBot.run (/Users/aliasgarfatepurwala/agent-system/src/base-agent.ts:117:7)\n    at Orchestrator.runAgent (/Users/aliasgarfatepurwala/agent-system/src/orchestrator.ts:296:22)\n    at Job.job (/Users/aliasgarfatepurwala/agent-system/src/orchestrator.ts:328:9)"
}
[2026-09-27 09:30:06] [INFO] [Orchestrator] ✅ volume-profile-bot completed in 6155ms
[2026-09-27 09:30:06] [ERROR] [Database] Insert into agent_results failed {
  "error": "database \"agents\" does not exist",
  "stack": "error: database \"agents\" does not exist\n    at /Users/aliasgarfatepurwala/agent-system/node_modules/pg-pool/index.js:45:11\n    at processTicksAndRejections (node:internal/process/task_queues:104:5)\n    at Database.insert (/Users/aliasgarfatepurwala/agent-system/src/database.ts:169:22)\n    at PortfolioTracker.saveResult (/Users/aliasgarfatepurwala/agent-system/src/base-agent.ts:209:7)\n    at PortfolioTracker.run (/Users/aliasgarfatepurwala/agent-system/src/base-agent.ts:117:7)\n    at Orchestrator.runAgent (/Users/aliasgarfatepurwala/agent-system/src/orchestrator.ts:296:22)\n    at Job.job (/Users/aliasgarfatepurwala/agent-system/src/orchestrator.ts:328:9)"
}
[2026-09-27 09:30:06] [ERROR] [Agent] Failed to save result to database {
  "error": "database \"agents\" does not exist",
  "stack": "error: database \"agents\" does not exist\n    at /Users/aliasgarfatepurwala/agent-system/node_modules/pg-pool/index.js:45:11\n    at processTicksAndRejections (node:internal/process/task_queues:104:5)\n    at Database.insert (/Users/aliasgarfatepurwala/agent-system/src/database.ts:169:22)\n    at PortfolioTracker.saveResult (/Users/aliasgarfatepurwala/agent-system/src/base-agent.ts:209:7)\n    at PortfolioTracker.run (/Users/aliasgarfatepurwala/agent-system/src/base-agent.ts:117:7)\n    at Orchestrator.runAgent (/Users/aliasgarfatepurwala/agent-system/src/orchestrator.ts:296:22)\n    at Job.job (/Users/aliasgarfatepurwala/agent-system/src/orchestrator.ts:328:9)"
}
[2026-09-27 09:30:06] [INFO] [Orchestrator] ✅ portfolio-tracker completed in 6100ms
[2026-09-27 09:30:07] [ERROR] [BinanceAPI] ❌ Order placement failed: Invalid API-key, IP, or permissions for action.
[2026-09-27 09:30:07] [ERROR] [Agent] ❌ Failed to place buy order for BTCUSDT
[2026-09-27 09:30:07] [INFO] [BinanceAPI] 📤 Placing BUY order: 0.0011627906976744186 BTCUSDT @ 43000
[2026-09-27 09:30:07] [ERROR] [BinanceAPI] ❌ Order placement failed: Invalid API-key, IP, or permissions for action.
[2026-09-27 09:30:07] [ERROR] [Agent] ❌ Failed to place buy order for BTCUSDT
[2026-09-27 09:30:07] [INFO] [BinanceAPI] 📤 Placing BUY order: 0.0011627906976744186 BTCUSDT @ 43000
[2026-09-27 09:30:08] [ERROR] [BinanceAPI] ❌ Order placement failed: Invalid API-key, IP, or permissions for action.
[2026-09-27 09:30:08] [ERROR] [Agent] ❌ Failed to place buy order for BTCUSDT
[2026-09-27 09:30:08] [INFO] [BinanceAPI] 📤 Placing BUY order: 0.0011627906976744186 BTCUSDT @ 43000
[2026-09-27 09:30:08] [ERROR] [BinanceAPI] ❌ Order placement failed: Invalid API-key, IP, or permissions for action.
[2026-09-27 09:30:08] [ERROR] [Agent] ❌ Failed to place buy order for BTCUSDT
[2026-09-27 09:30:08] [INFO] [BinanceAPI] 📤 Placing BUY order: 0.013043478260869565 ETHUSDT @ 2300
[2026-09-27 09:30:09] [ERROR] [BinanceAPI] ❌ Order placement failed: Invalid API-key, IP, or permissions for action.
[2026-09-27 09:30:09] [ERROR] [Agent] ❌ Failed to place buy order for ETHUSDT
[2026-09-27 09:30:09] [INFO] [BinanceAPI] 📤 Placing BUY order: 0.013043478260869565 ETHUSDT @ 2300
[2026-09-27 09:30:09] [ERROR] [BinanceAPI] ❌ Order placement failed: Invalid API-key, IP, or permissions for action.
[2026-09-27 09:30:09] [ERROR] [Agent] ❌ Failed to place buy order for ETHUSDT
[2026-09-27 09:30:09] [INFO] [Agent] ✅ Grid Trading Bot: Check completed
[2026-09-27 09:30:09] [INFO] [Agent] ✅ Execution completed in 9306ms
[2026-09-27 09:30:09] [ERROR] [Database] Insert into agent_results failed {
  "error": "database \"agents\" does not exist",
  "stack": "error: database \"agents\" does not exist\n    at /Users/aliasgarfatepurwala/agent-system/node_modules/pg-pool/index.js:45:11\n    at processTicksAndRejections (node:internal/process/task_queues:104:5)\n    at Database.insert (/Users/aliasgarfatepurwala/agent-system/src/database.ts:169:22)\n    at GridTradingBot.saveResult (/Users/aliasgarfatepurwala/agent-system/src/base-agent.ts:209:7)\n    at GridTradingBot.run (/Users/aliasgarfatepurwala/agent-system/src/base-agent.ts:117:7)\n    at Orchestrator.runAgent (/Users/aliasgarfatepurwala/agent-system/src/orchestrator.ts:296:22)\n    at Job.job (/Users/aliasgarfatepurwala/agent-system/src/orchestrator.ts:328:9)"
}
[2026-09-27 09:30:09] [ERROR] [Agent] Failed to save result to database {
  "error": "database \"agents\" does not exist",
  "stack": "error: database \"agents\" does not exist\n    at /Users/aliasgarfatepurwala/agent-system/node_modules/pg-pool/index.js:45:11\n    at processTicksAndRejections (node:internal/process/task_queues:104:5)\n    at Database.insert (/Users/aliasgarfatepurwala/agent-system/src/database.ts:169:22)\n    at GridTradingBot.saveResult (/Users/aliasgarfatepurwala/agent-system/src/base-agent.ts:209:7)\n    at GridTradingBot.run (/Users/aliasgarfatepurwala/agent-system/src/base-agent.ts:117:7)\n    at Orchestrator.runAgent (/Users/aliasgarfatepurwala/agent-system/src/orchestrator.ts:296:22)\n    at Job.job (/Users/aliasgarfatepurwala/agent-system/src/orchestrator.ts:328:9)"
}
[2026-09-27 09:30:09] [INFO] [Orchestrator] ✅ grid-trading-bot completed in 9314ms
[2026-09-27 09:32:00] [INFO] [Orchestrator] ▶️  Running: volatility-trader
[2026-09-27 09:32:00] [INFO] [Agent] 🚀 Starting execution...
[2026-09-27 09:32:00] [INFO] [Agent] 📈 Volatility Trader: Analyzing price swings...
[2026-09-27 09:32:08] [INFO] [Agent] ✅ Execution completed in 8257ms
[2026-09-27 09:32:08] [ERROR] [Database] Insert into agent_results failed {
  "error": "database \"agents\" does not exist",
  "stack": "error: database \"agents\" does not exist\n    at /Users/aliasgarfatepurwala/agent-system/node_modules/pg-pool/index.js:45:11\n    at processTicksAndRejections (node:internal/process/task_queues:104:5)\n    at Database.insert (/Users/aliasgarfatepurwala/agent-system/src/database.ts:169:22)\n    at VolatilityTrader.saveResult (/Users/aliasgarfatepurwala/agent-system/src/base-agent.ts:209:7)\n    at VolatilityTrader.run (/Users/aliasgarfatepurwala/agent-system/src/base-agent.ts:117:7)\n    at Orchestrator.runAgent (/Users/aliasgarfatepurwala/agent-system/src/orchestrator.ts:296:22)\n    at Job.job (/Users/aliasgarfatepurwala/agent-system/src/orchestrator.ts:328:9)"
}
[2026-09-27 09:32:08] [ERROR] [Agent] Failed to save result to database {
  "error": "database \"agents\" does not exist",
  "stack": "error: database \"agents\" does not exist\n    at /Users/aliasgarfatepurwala/agent-system/node_modules/pg-pool/index.js:45:11\n    at processTicksAndRejections (node:internal/process/task_queues:104:5)\n    at Database.insert (/Users/aliasgarfatepurwala/agent-system/src/database.ts:169:22)\n    at VolatilityTrader.saveResult (/Users/aliasgarfatepurwala/agent-system/src/base-agent.ts:209:7)\n    at VolatilityTrader.run (/Users/aliasgarfatepurwala/agent-system/src/base-agent.ts:117:7)\n    at Orchestrator.runAgent (/Users/aliasgarfatepurwala/agent-system/src/orchestrator.ts:296:22)\n    at Job.job (/Users/aliasgarfatepurwala/agent-system/src/orchestrator.ts:328:9)"
}
[2026-09-27 09:32:08] [INFO] [Orchestrator] ✅ volatility-trader completed in 8281ms
[2026-09-27 09:33:00] [INFO] [Orchestrator] ▶️  Running: scalping-bot
[2026-09-27 09:33:00] [INFO] [Agent] 🚀 Starting execution...
[2026-09-27 09:33:00] [INFO] [Agent] ⚡ Scalping Bot: Executing micro-trades...
[2026-09-27 09:33:02] [INFO] [Agent] 🚀 SCALP ADA @ $0.25 | Profit: +0.05%
[2026-09-27 09:33:02] [INFO] [Agent] ✅ Execution completed in 2161ms
[2026-09-27 09:33:02] [ERROR] [Database] Insert into agent_results failed {
  "error": "database \"agents\" does not exist",
  "stack": "error: database \"agents\" does not exist\n    at /Users/aliasgarfatepurwala/agent-system/node_modules/pg-pool/index.js:45:11\n    at processTicksAndRejections (node:internal/process/task_queues:104:5)\n    at Database.insert (/Users/aliasgarfatepurwala/agent-system/src/database.ts:169:22)\n    at ScalpingBot.saveResult (/Users/aliasgarfatepurwala/agent-system/src/base-agent.ts:209:7)\n    at ScalpingBot.run (/Users/aliasgarfatepurwala/agent-system/src/base-agent.ts:117:7)\n    at Orchestrator.runAgent (/Users/aliasgarfatepurwala/agent-system/src/orchestrator.ts:296:22)\n    at Job.job (/Users/aliasgarfatepurwala/agent-system/src/orchestrator.ts:328:9)"
}
[2026-09-27 09:33:02] [ERROR] [Agent] Failed to save result to database {
  "error": "database \"agents\" does not exist",
  "stack": "error: database \"agents\" does not exist\n    at /Users/aliasgarfatepurwala/agent-system/node_modules/pg-pool/index.js:45:11\n    at processTicksAndRejections (node:internal/process/task_queues:104:5)\n    at Database.insert (/Users/aliasgarfatepurwala/agent-system/src/database.ts:169:22)\n    at ScalpingBot.saveResult (/Users/aliasgarfatepurwala/agent-system/src/base-agent.ts:209:7)\n    at ScalpingBot.run (/Users/aliasgarfatepurwala/agent-system/src/base-agent.ts:117:7)\n    at Orchestrator.runAgent (/Users/aliasgarfatepurwala/agent-system/src/orchestrator.ts:296:22)\n    at Job.job (/Users/aliasgarfatepurwala/agent-system/src/orchestrator.ts:328:9)"
}
[2026-09-27 09:33:02] [INFO] [Orchestrator] ✅ scalping-bot completed in 2186ms
[2026-09-27 09:35:00] [INFO] [Orchestrator] ▶️  Running: volume-profile-bot
[2026-09-27 09:35:00] [INFO] [Agent] 🚀 Starting execution...
[2026-09-27 09:35:00] [INFO] [Agent] Scanning 5 pairs for volume profile signals...
[2026-09-27 09:35:00] [INFO] [Orchestrator] ▶️  Running: rsi-bot
[2026-09-27 09:35:00] [INFO] [Agent] 🚀 Starting execution...
[2026-09-27 09:35:00] [INFO] [Agent] Scanning 5 pairs for RSI signals...
[2026-09-27 09:35:00] [INFO] [Orchestrator] ▶️  Running: macd-trader
[2026-09-27 09:35:00] [INFO] [Agent] 🚀 Starting execution...
[2026-09-27 09:35:00] [INFO] [Agent] Scanning 5 pairs for MACD signals...
[2026-09-27 09:35:00] [INFO] [Orchestrator] ▶️  Running: bollinger-bands-bot
[2026-09-27 09:35:00] [INFO] [Agent] 🚀 Starting execution...
[2026-09-27 09:35:00] [INFO] [Agent] Scanning 5 pairs for Bollinger Bands signals...
[2026-09-27 09:35:00] [INFO] [Orchestrator] ▶️  Running: momentum-trader
[2026-09-27 09:35:00] [INFO] [Agent] 🚀 Starting execution...
[2026-09-27 09:35:00] [INFO] [Agent] 🚀 Momentum Trader: Scanning for momentum signals...
[2026-09-27 09:35:00] [INFO] [Orchestrator] ▶️  Running: pump-dump-detector
[2026-09-27 09:35:00] [INFO] [Agent] 🚀 Starting execution...
[2026-09-27 09:35:00] [INFO] [Agent] Scanning 4 coins for pump/dump patterns...
[2026-09-27 09:35:00] [INFO] [Orchestrator] ▶️  Running: bitcoin-price-monitor
[2026-09-27 09:35:00] [INFO] [Agent] 🚀 Starting execution...
[2026-09-27 09:35:00] [INFO] [Agent] Fetching Bitcoin price...
[2026-09-27 09:35:00] [INFO] [Orchestrator] ▶️  Running: arbitrage-bot
[2026-09-27 09:35:00] [INFO] [Agent] 🚀 Starting execution...
[2026-09-27 09:35:00] [INFO] [Agent] 🔄 Arbitrage Bot: Scanning for price discrepancies...
[2026-09-27 09:35:06] [INFO] [Agent] ✅ RSI analysis complete: Found 0 signals
[2026-09-27 09:35:06] [INFO] [Agent] ✅ Execution completed in 6440ms
[2026-09-27 09:35:06] [WARN] [Agent] 📊 POC-RESISTANCE: BTCUSDT approaching resistance at POC $84398.86
[2026-09-27 09:35:06] [INFO] [Agent] 💰 ARBITRAGE: Buy BTC @ $84463.57, Sell ADA @ $0.25 | Profit: 33411122.31%
[2026-09-27 09:35:06] [INFO] [Agent] 💰 ARBITRAGE: Buy BTC @ $84463.57, Sell XRP @ $1.51 | Profit: 5575421.16%
[2026-09-27 09:35:06] [INFO] [Agent] 💰 ARBITRAGE: Buy ETH @ $2700.08, Sell ADA @ $0.25 | Profit: 1067969.62%
[2026-09-27 09:35:06] [INFO] [Agent] 💰 ARBITRAGE: Buy ETH @ $2700.08, Sell XRP @ $1.51 | Profit: 178134.87%
[2026-09-27 09:35:06] [INFO] [Agent] 💰 ARBITRAGE: Buy BTC @ $84463.57, Sell SOL @ $120.88 | Profit: 69773.90%
[2026-09-27 09:35:06] [INFO] [Agent] 💰 ARBITRAGE: Buy ADA @ $0.25, Sell SOL @ $120.88 | Profit: 47716.46%
[2026-09-27 09:35:06] [INFO] [Agent] 💰 ARBITRAGE: Buy SOL @ $120.88, Sell XRP @ $1.51 | Profit: 7879.40%
[2026-09-27 09:35:06] [INFO] [Agent] 💰 ARBITRAGE: Buy BTC @ $84463.57, Sell ETH @ $2700.08 | Profit: 3028.19%
[2026-09-27 09:35:06] [INFO] [Agent] 💰 ARBITRAGE: Buy ETH @ $2700.08, Sell SOL @ $120.88 | Profit: 2133.69%
[2026-09-27 09:35:06] [INFO] [Agent] 💰 ARBITRAGE: Buy ADA @ $0.25, Sell XRP @ $1.51 | Profit: 499.25%
[2026-09-27 09:35:06] [INFO] [Agent] ✅ Arbitrage Bot: Scan completed
[2026-09-27 09:35:06] [INFO] [Agent] ✅ Execution completed in 6403ms
[2026-09-27 09:35:06] [ERROR] [Database] Insert into events failed {
  "error": "database \"agents\" does not exist",
  "stack": "error: database \"agents\" does not exist\n    at /Users/aliasgarfatepurwala/agent-system/node_modules/pg-pool/index.js:45:11\n    at processTicksAndRejections (node:internal/process/task_queues:104:5)\n    at Database.insert (/Users/aliasgarfatepurwala/agent-system/src/database.ts:169:22)\n    at Database.publishEvent (/Users/aliasgarfatepurwala/agent-system/src/database.ts:198:7)\n    at VolumeProfileBot.publishEvent (/Users/aliasgarfatepurwala/agent-system/src/base-agent.ts:181:7)\n    at VolumeProfileBot.execute (/Users/aliasgarfatepurwala/agent-system/src/agents/volume-profile-bot.ts:51:11)\n    at VolumeProfileBot.run (/Users/aliasgarfatepurwala/agent-system/src/base-agent.ts:98:20)\n    at Orchestrator.runAgent (/Users/aliasgarfatepurwala/agent-system/src/orchestrator.ts:296:22)\n    at Job.job (/Users/aliasgarfatepurwala/agent-system/src/orchestrator.ts:328:9)"
}
[2026-09-27 09:35:06] [ERROR] [Database] Publish event failed {
  "error": "database \"agents\" does not exist",
  "stack": "error: database \"agents\" does not exist\n    at /Users/aliasgarfatepurwala/agent-system/node_modules/pg-pool/index.js:45:11\n    at processTicksAndRejections (node:internal/process/task_queues:104:5)\n    at Database.insert (/Users/aliasgarfatepurwala/agent-system/src/database.ts:169:22)\n    at Database.publishEvent (/Users/aliasgarfatepurwala/agent-system/src/database.ts:198:7)\n    at VolumeProfileBot.publishEvent (/Users/aliasgarfatepurwala/agent-system/src/base-agent.ts:181:7)\n    at VolumeProfileBot.execute (/Users/aliasgarfatepurwala/agent-system/src/agents/volume-profile-bot.ts:51:11)\n    at VolumeProfileBot.run (/Users/aliasgarfatepurwala/agent-system/src/base-agent.ts:98:20)\n    at Orchestrator.runAgent (/Users/aliasgarfatepurwala/agent-system/src/orchestrator.ts:296:22)\n    at Job.job (/Users/aliasgarfatepurwala/agent-system/src/orchestrator.ts:328:9)"
}
[2026-09-27 09:35:06] [WARN] [Agent] 📊 POC-RESISTANCE: ETHUSDT approaching resistance at POC $2697.00
[2026-09-27 09:35:06] [ERROR] [Database] Insert into agent_results failed {
  "error": "database \"agents\" does not exist",
  "stack": "error: database \"agents\" does not exist\n    at /Users/aliasgarfatepurwala/agent-system/node_modules/pg-pool/index.js:45:11\n    at processTicksAndRejections (node:internal/process/task_queues:104:5)\n    at Database.insert (/Users/aliasgarfatepurwala/agent-system/src/database.ts:169:22)\n    at RSIBot.saveResult (/Users/aliasgarfatepurwala/agent-system/src/base-agent.ts:209:7)\n    at RSIBot.run (/Users/aliasgarfatepurwala/agent-system/src/base-agent.ts:117:7)\n    at Orchestrator.runAgent (/Users/aliasgarfatepurwala/agent-system/src/orchestrator.ts:296:22)\n    at Job.job (/Users/aliasgarfatepurwala/agent-system/src/orchestrator.ts:328:9)"
}
[2026-09-27 09:35:06] [ERROR] [Agent] Failed to save result to database {
  "error": "database \"agents\" does not exist",
  "stack": "error: database \"agents\" does not exist\n    at /Users/aliasgarfatepurwala/agent-system/node_modules/pg-pool/index.js:45:11\n    at processTicksAndRejections (node:internal/process/task_queues:104:5)\n    at Database.insert (/Users/aliasgarfatepurwala/agent-system/src/database.ts:169:22)\n    at RSIBot.saveResult (/Users/aliasgarfatepurwala/agent-system/src/base-agent.ts:209:7)\n    at RSIBot.run (/Users/aliasgarfatepurwala/agent-system/src/base-agent.ts:117:7)\n    at Orchestrator.runAgent (/Users/aliasgarfatepurwala/agent-system/src/orchestrator.ts:296:22)\n    at Job.job (/Users/aliasgarfatepurwala/agent-system/src/orchestrator.ts:328:9)"
}
[2026-09-27 09:35:06] [INFO] [Orchestrator] ✅ rsi-bot completed in 6473ms
[2026-09-27 09:35:06] [ERROR] [Database] Insert into agent_results failed {
  "error": "database \"agents\" does not exist",
  "stack": "error: database \"agents\" does not exist\n    at /Users/aliasgarfatepurwala/agent-system/node_modules/pg-pool/index.js:45:11\n    at processTicksAndRejections (node:internal/process/task_queues:104:5)\n    at Database.insert (/Users/aliasgarfatepurwala/agent-system/src/database.ts:169:22)\n    at ArbitrageBot.saveResult (/Users/aliasgarfatepurwala/agent-system/src/base-agent.ts:209:7)\n    at ArbitrageBot.run (/Users/aliasgarfatepurwala/agent-system/src/base-agent.ts:117:7)\n    at Orchestrator.runAgent (/Users/aliasgarfatepurwala/agent-system/src/orchestrator.ts:296:22)\n    at Job.job (/Users/aliasgarfatepurwala/agent-system/src/orchestrator.ts:328:9)"
}
[2026-09-27 09:35:06] [ERROR] [Agent] Failed to save result to database {
  "error": "database \"agents\" does not exist",
  "stack": "error: database \"agents\" does not exist\n    at /Users/aliasgarfatepurwala/agent-system/node_modules/pg-pool/index.js:45:11\n    at processTicksAndRejections (node:internal/process/task_queues:104:5)\n    at Database.insert (/Users/aliasgarfatepurwala/agent-system/src/database.ts:169:22)\n    at ArbitrageBot.saveResult (/Users/aliasgarfatepurwala/agent-system/src/base-agent.ts:209:7)\n    at ArbitrageBot.run (/Users/aliasgarfatepurwala/agent-system/src/base-agent.ts:117:7)\n    at Orchestrator.runAgent (/Users/aliasgarfatepurwala/agent-system/src/orchestrator.ts:296:22)\n    at Job.job (/Users/aliasgarfatepurwala/agent-system/src/orchestrator.ts:328:9)"
}
[2026-09-27 09:35:06] [INFO] [Orchestrator] ✅ arbitrage-bot completed in 6423ms
[2026-09-27 09:35:06] [ERROR] [Database] Insert into events failed {
  "error": "database \"agents\" does not exist",
  "stack": "error: database \"agents\" does not exist\n    at /Users/aliasgarfatepurwala/agent-system/node_modules/pg-pool/index.js:45:11\n    at processTicksAndRejections (node:internal/process/task_queues:104:5)\n    at Database.insert (/Users/aliasgarfatepurwala/agent-system/src/database.ts:169:22)\n    at Database.publishEvent (/Users/aliasgarfatepurwala/agent-system/src/database.ts:198:7)\n    at VolumeProfileBot.publishEvent (/Users/aliasgarfatepurwala/agent-system/src/base-agent.ts:181:7)\n    at VolumeProfileBot.execute (/Users/aliasgarfatepurwala/agent-system/src/agents/volume-profile-bot.ts:51:11)\n    at VolumeProfileBot.run (/Users/aliasgarfatepurwala/agent-system/src/base-agent.ts:98:20)\n    at Orchestrator.runAgent (/Users/aliasgarfatepurwala/agent-system/src/orchestrator.ts:296:22)\n    at Job.job (/Users/aliasgarfatepurwala/agent-system/src/orchestrator.ts:328:9)"
}
[2026-09-27 09:35:06] [ERROR] [Database] Publish event failed {
  "error": "database \"agents\" does not exist",
  "stack": "error: database \"agents\" does not exist\n    at /Users/aliasgarfatepurwala/agent-system/node_modules/pg-pool/index.js:45:11\n    at processTicksAndRejections (node:internal/process/task_queues:104:5)\n    at Database.insert (/Users/aliasgarfatepurwala/agent-system/src/database.ts:169:22)\n    at Database.publishEvent (/Users/aliasgarfatepurwala/agent-system/src/database.ts:198:7)\n    at VolumeProfileBot.publishEvent (/Users/aliasgarfatepurwala/agent-system/src/base-agent.ts:181:7)\n    at VolumeProfileBot.execute (/Users/aliasgarfatepurwala/agent-system/src/agents/volume-profile-bot.ts:51:11)\n    at VolumeProfileBot.run (/Users/aliasgarfatepurwala/agent-system/src/base-agent.ts:98:20)\n    at Orchestrator.runAgent (/Users/aliasgarfatepurwala/agent-system/src/orchestrator.ts:296:22)\n    at Job.job (/Users/aliasgarfatepurwala/agent-system/src/orchestrator.ts:328:9)"
}
[2026-09-27 09:35:06] [WARN] [Agent] 📊 POC-RESISTANCE: ADAUSDT approaching resistance at POC $0.25
[2026-09-27 09:35:06] [ERROR] [Database] Insert into events failed {
  "error": "database \"agents\" does not exist",
  "stack": "error: database \"agents\" does not exist\n    at /Users/aliasgarfatepurwala/agent-system/node_modules/pg-pool/index.js:45:11\n    at processTicksAndRejections (node:internal/process/task_queues:104:5)\n    at Database.insert (/Users/aliasgarfatepurwala/agent-system/src/database.ts:169:22)\n    at Database.publishEvent (/Users/aliasgarfatepurwala/agent-system/src/database.ts:198:7)\n    at VolumeProfileBot.publishEvent (/Users/aliasgarfatepurwala/agent-system/src/base-agent.ts:181:7)\n    at VolumeProfileBot.execute (/Users/aliasgarfatepurwala/agent-system/src/agents/volume-profile-bot.ts:51:11)\n    at VolumeProfileBot.run (/Users/aliasgarfatepurwala/agent-system/src/base-agent.ts:98:20)\n    at Orchestrator.runAgent (/Users/aliasgarfatepurwala/agent-system/src/orchestrator.ts:296:22)\n    at Job.job (/Users/aliasgarfatepurwala/agent-system/src/orchestrator.ts:328:9)"
}
[2026-09-27 09:35:06] [ERROR] [Database] Publish event failed {
  "error": "database \"agents\" does not exist",
  "stack": "error: database \"agents\" does not exist\n    at /Users/aliasgarfatepurwala/agent-system/node_modules/pg-pool/index.js:45:11\n    at processTicksAndRejections (node:internal/process/task_queues:104:5)\n    at Database.insert (/Users/aliasgarfatepurwala/agent-system/src/database.ts:169:22)\n    at Database.publishEvent (/Users/aliasgarfatepurwala/agent-system/src/database.ts:198:7)\n    at VolumeProfileBot.publishEvent (/Users/aliasgarfatepurwala/agent-system/src/base-agent.ts:181:7)\n    at VolumeProfileBot.execute (/Users/aliasgarfatepurwala/agent-system/src/agents/volume-profile-bot.ts:51:11)\n    at VolumeProfileBot.run (/Users/aliasgarfatepurwala/agent-system/src/base-agent.ts:98:20)\n    at Orchestrator.runAgent (/Users/aliasgarfatepurwala/agent-system/src/orchestrator.ts:296:22)\n    at Job.job (/Users/aliasgarfatepurwala/agent-system/src/orchestrator.ts:328:9)"
}
[2026-09-27 09:35:06] [WARN] [Agent] 📊 POC-RESISTANCE: SOLUSDT approaching resistance at POC $120.11
[2026-09-27 09:35:06] [ERROR] [Database] Insert into events failed {
  "error": "database \"agents\" does not exist",
  "stack": "error: database \"agents\" does not exist\n    at /Users/aliasgarfatepurwala/agent-system/node_modules/pg-pool/index.js:45:11\n    at processTicksAndRejections (node:internal/process/task_queues:104:5)\n    at Database.insert (/Users/aliasgarfatepurwala/agent-system/src/database.ts:169:22)\n    at Database.publishEvent (/Users/aliasgarfatepurwala/agent-system/src/database.ts:198:7)\n    at VolumeProfileBot.publishEvent (/Users/aliasgarfatepurwala/agent-system/src/base-agent.ts:181:7)\n    at VolumeProfileBot.execute (/Users/aliasgarfatepurwala/agent-system/src/agents/volume-profile-bot.ts:51:11)\n    at VolumeProfileBot.run (/Users/aliasgarfatepurwala/agent-system/src/base-agent.ts:98:20)\n    at Orchestrator.runAgent (/Users/aliasgarfatepurwala/agent-system/src/orchestrator.ts:296:22)\n    at Job.job (/Users/aliasgarfatepurwala/agent-system/src/orchestrator.ts:328:9)"
}
[2026-09-27 09:35:06] [ERROR] [Database] Publish event failed {
  "error": "database \"agents\" does not exist",
  "stack": "error: database \"agents\" does not exist\n    at /Users/aliasgarfatepurwala/agent-system/node_modules/pg-pool/index.js:45:11\n    at processTicksAndRejections (node:internal/process/task_queues:104:5)\n    at Database.insert (/Users/aliasgarfatepurwala/agent-system/src/database.ts:169:22)\n    at Database.publishEvent (/Users/aliasgarfatepurwala/agent-system/src/database.ts:198:7)\n    at VolumeProfileBot.publishEvent (/Users/aliasgarfatepurwala/agent-system/src/base-agent.ts:181:7)\n    at VolumeProfileBot.execute (/Users/aliasgarfatepurwala/agent-system/src/agents/volume-profile-bot.ts:51:11)\n    at VolumeProfileBot.run (/Users/aliasgarfatepurwala/agent-system/src/base-agent.ts:98:20)\n    at Orchestrator.runAgent (/Users/aliasgarfatepurwala/agent-system/src/orchestrator.ts:296:22)\n    at Job.job (/Users/aliasgarfatepurwala/agent-system/src/orchestrator.ts:328:9)"
}
[2026-09-27 09:35:06] [WARN] [Agent] 📊 POC-RESISTANCE: XRPUSDT approaching resistance at POC $1.51
[2026-09-27 09:35:06] [ERROR] [Database] Insert into events failed {
  "error": "database \"agents\" does not exist",
  "stack": "error: database \"agents\" does not exist\n    at /Users/aliasgarfatepurwala/agent-system/node_modules/pg-pool/index.js:45:11\n    at processTicksAndRejections (node:internal/process/task_queues:104:5)\n    at Database.insert (/Users/aliasgarfatepurwala/agent-system/src/database.ts:169:22)\n    at Database.publishEvent (/Users/aliasgarfatepurwala/agent-system/src/database.ts:198:7)\n    at VolumeProfileBot.publishEvent (/Users/aliasgarfatepurwala/agent-system/src/base-agent.ts:181:7)\n    at VolumeProfileBot.execute (/Users/aliasgarfatepurwala/agent-system/src/agents/volume-profile-bot.ts:51:11)\n    at VolumeProfileBot.run (/Users/aliasgarfatepurwala/agent-system/src/base-agent.ts:98:20)\n    at Orchestrator.runAgent (/Users/aliasgarfatepurwala/agent-system/src/orchestrator.ts:296:22)\n    at Job.job (/Users/aliasgarfatepurwala/agent-system/src/orchestrator.ts:328:9)"
}
[2026-09-27 09:35:06] [ERROR] [Database] Publish event failed {
  "error": "database \"agents\" does not exist",
  "stack": "error: database \"agents\" does not exist\n    at /Users/aliasgarfatepurwala/agent-system/node_modules/pg-pool/index.js:45:11\n    at processTicksAndRejections (node:internal/process/task_queues:104:5)\n    at Database.insert (/Users/aliasgarfatepurwala/agent-system/src/database.ts:169:22)\n    at Database.publishEvent (/Users/aliasgarfatepurwala/agent-system/src/database.ts:198:7)\n    at VolumeProfileBot.publishEvent (/Users/aliasgarfatepurwala/agent-system/src/base-agent.ts:181:7)\n    at VolumeProfileBot.execute (/Users/aliasgarfatepurwala/agent-system/src/agents/volume-profile-bot.ts:51:11)\n    at VolumeProfileBot.run (/Users/aliasgarfatepurwala/agent-system/src/base-agent.ts:98:20)\n    at Orchestrator.runAgent (/Users/aliasgarfatepurwala/agent-system/src/orchestrator.ts:296:22)\n    at Job.job (/Users/aliasgarfatepurwala/agent-system/src/orchestrator.ts:328:9)"
}
[2026-09-27 09:35:06] [INFO] [Agent] ✅ Volume analysis complete: Found 5 signals
[2026-09-27 09:35:06] [INFO] [Agent] ✅ Execution completed in 6565ms
[2026-09-27 09:35:06] [ERROR] [Database] Insert into agent_results failed {
  "error": "database \"agents\" does not exist",
  "stack": "error: database \"agents\" does not exist\n    at /Users/aliasgarfatepurwala/agent-system/node_modules/pg-pool/index.js:45:11\n    at processTicksAndRejections (node:internal/process/task_queues:104:5)\n    at Database.insert (/Users/aliasgarfatepurwala/agent-system/src/database.ts:169:22)\n    at VolumeProfileBot.saveResult (/Users/aliasgarfatepurwala/agent-system/src/base-agent.ts:209:7)\n    at VolumeProfileBot.run (/Users/aliasgarfatepurwala/agent-system/src/base-agent.ts:117:7)\n    at Orchestrator.runAgent (/Users/aliasgarfatepurwala/agent-system/src/orchestrator.ts:296:22)\n    at Job.job (/Users/aliasgarfatepurwala/agent-system/src/orchestrator.ts:328:9)"
}
[2026-09-27 09:35:06] [ERROR] [Agent] Failed to save result to database {
  "error": "database \"agents\" does not exist",
  "stack": "error: database \"agents\" does not exist\n    at /Users/aliasgarfatepurwala/agent-system/node_modules/pg-pool/index.js:45:11\n    at processTicksAndRejections (node:internal/process/task_queues:104:5)\n    at Database.insert (/Users/aliasgarfatepurwala/agent-system/src/database.ts:169:22)\n    at VolumeProfileBot.saveResult (/Users/aliasgarfatepurwala/agent-system/src/base-agent.ts:209:7)\n    at VolumeProfileBot.run (/Users/aliasgarfatepurwala/agent-system/src/base-agent.ts:117:7)\n    at Orchestrator.runAgent (/Users/aliasgarfatepurwala/agent-system/src/orchestrator.ts:296:22)\n    at Job.job (/Users/aliasgarfatepurwala/agent-system/src/orchestrator.ts:328:9)"
}
[2026-09-27 09:35:06] [INFO] [Orchestrator] ✅ volume-profile-bot completed in 6569ms
[2026-09-27 09:35:06] [INFO] [Agent] ✅ Price data collected: [{"symbol":"BTC","price":84463.57,"currency":"USD","timestamp":"2026-09-27T05:35:06.706Z","source":"binance","change24h":0.08,"priceChangeStatus":"stable"}]
[2026-09-27 09:35:06] [INFO] [Agent] ✅ Execution completed in 6463ms
[2026-09-27 09:35:06] [ERROR] [Database] Insert into agent_results failed {
  "error": "database \"agents\" does not exist",
  "stack": "error: database \"agents\" does not exist\n    at /Users/aliasgarfatepurwala/agent-system/node_modules/pg-pool/index.js:45:11\n    at processTicksAndRejections (node:internal/process/task_queues:104:5)\n    at Database.insert (/Users/aliasgarfatepurwala/agent-system/src/database.ts:169:22)\n    at BitcoinPriceMonitor.saveResult (/Users/aliasgarfatepurwala/agent-system/src/base-agent.ts:209:7)\n    at BitcoinPriceMonitor.run (/Users/aliasgarfatepurwala/agent-system/src/base-agent.ts:117:7)\n    at Orchestrator.runAgent (/Users/aliasgarfatepurwala/agent-system/src/orchestrator.ts:296:22)\n    at Job.job (/Users/aliasgarfatepurwala/agent-system/src/orchestrator.ts:328:9)"
}
[2026-09-27 09:35:06] [ERROR] [Agent] Failed to save result to database {
  "error": "database \"agents\" does not exist",
  "stack": "error: database \"agents\" does not exist\n    at /Users/aliasgarfatepurwala/agent-system/node_modules/pg-pool/index.js:45:11\n    at processTicksAndRejections (node:internal/process/task_queues:104:5)\n    at Database.insert (/Users/aliasgarfatepurwala/agent-system/src/database.ts:169:22)\n    at BitcoinPriceMonitor.saveResult (/Users/aliasgarfatepurwala/agent-system/src/base-agent.ts:209:7)\n    at BitcoinPriceMonitor.run (/Users/aliasgarfatepurwala/agent-system/src/base-agent.ts:117:7)\n    at Orchestrator.runAgent (/Users/aliasgarfatepurwala/agent-system/src/orchestrator.ts:296:22)\n    at Job.job (/Users/aliasgarfatepurwala/agent-system/src/orchestrator.ts:328:9)"
}
[2026-09-27 09:35:06] [INFO] [Orchestrator] ✅ bitcoin-price-monitor completed in 6467ms
[2026-09-27 09:35:07] [INFO] [Agent] ✅ MACD analysis complete: Found 0 signals
[2026-09-27 09:35:07] [INFO] [Agent] ✅ Execution completed in 6791ms
[2026-09-27 09:35:07] [INFO] [Agent] ✅ Analysis complete: Found 0 signals
[2026-09-27 09:35:07] [INFO] [Agent] ✅ Execution completed in 6793ms
[2026-09-27 09:35:07] [INFO] [Agent] ✅ Scan complete: Found 0 signals
[2026-09-27 09:35:07] [INFO] [Agent] ✅ Execution completed in 6768ms
[2026-09-27 09:35:07] [ERROR] [Database] Insert into agent_results failed {
  "error": "database \"agents\" does not exist",
  "stack": "error: database \"agents\" does not exist\n    at /Users/aliasgarfatepurwala/agent-system/node_modules/pg-pool/index.js:45:11\n    at processTicksAndRejections (node:internal/process/task_queues:104:5)\n    at Database.insert (/Users/aliasgarfatepurwala/agent-system/src/database.ts:169:22)\n    at MACDTrader.saveResult (/Users/aliasgarfatepurwala/agent-system/src/base-agent.ts:209:7)\n    at MACDTrader.run (/Users/aliasgarfatepurwala/agent-system/src/base-agent.ts:117:7)\n    at Orchestrator.runAgent (/Users/aliasgarfatepurwala/agent-system/src/orchestrator.ts:296:22)\n    at Job.job (/Users/aliasgarfatepurwala/agent-system/src/orchestrator.ts:328:9)"
}
[2026-09-27 09:35:07] [ERROR] [Agent] Failed to save result to database {
  "error": "database \"agents\" does not exist",
  "stack": "error: database \"agents\" does not exist\n    at /Users/aliasgarfatepurwala/agent-system/node_modules/pg-pool/index.js:45:11\n    at processTicksAndRejections (node:internal/process/task_queues:104:5)\n    at Database.insert (/Users/aliasgarfatepurwala/agent-system/src/database.ts:169:22)\n    at MACDTrader.saveResult (/Users/aliasgarfatepurwala/agent-system/src/base-agent.ts:209:7)\n    at MACDTrader.run (/Users/aliasgarfatepurwala/agent-system/src/base-agent.ts:117:7)\n    at Orchestrator.runAgent (/Users/aliasgarfatepurwala/agent-system/src/orchestrator.ts:296:22)\n    at Job.job (/Users/aliasgarfatepurwala/agent-system/src/orchestrator.ts:328:9)"
}
[2026-09-27 09:35:07] [INFO] [Orchestrator] ✅ macd-trader completed in 6805ms
[2026-09-27 09:35:07] [ERROR] [Database] Insert into agent_results failed {
  "error": "database \"agents\" does not exist",
  "stack": "error: database \"agents\" does not exist\n    at /Users/aliasgarfatepurwala/agent-system/node_modules/pg-pool/index.js:45:11\n    at processTicksAndRejections (node:internal/process/task_queues:104:5)\n    at Database.insert (/Users/aliasgarfatepurwala/agent-system/src/database.ts:169:22)\n    at BollingerBandsBot.saveResult (/Users/aliasgarfatepurwala/agent-system/src/base-agent.ts:209:7)\n    at BollingerBandsBot.run (/Users/aliasgarfatepurwala/agent-system/src/base-agent.ts:117:7)\n    at Orchestrator.runAgent (/Users/aliasgarfatepurwala/agent-system/src/orchestrator.ts:296:22)\n    at Job.job (/Users/aliasgarfatepurwala/agent-system/src/orchestrator.ts:328:9)"
}
[2026-09-27 09:35:07] [ERROR] [Agent] Failed to save result to database {
  "error": "database \"agents\" does not exist",
  "stack": "error: database \"agents\" does not exist\n    at /Users/aliasgarfatepurwala/agent-system/node_modules/pg-pool/index.js:45:11\n    at processTicksAndRejections (node:internal/process/task_queues:104:5)\n    at Database.insert (/Users/aliasgarfatepurwala/agent-system/src/database.ts:169:22)\n    at BollingerBandsBot.saveResult (/Users/aliasgarfatepurwala/agent-system/src/base-agent.ts:209:7)\n    at BollingerBandsBot.run (/Users/aliasgarfatepurwala/agent-system/src/base-agent.ts:117:7)\n    at Orchestrator.runAgent (/Users/aliasgarfatepurwala/agent-system/src/orchestrator.ts:296:22)\n    at Job.job (/Users/aliasgarfatepurwala/agent-system/src/orchestrator.ts:328:9)"
}
[2026-09-27 09:35:07] [INFO] [Orchestrator] ✅ bollinger-bands-bot completed in 6807ms
[2026-09-27 09:35:07] [ERROR] [Database] Insert into agent_results failed {
  "error": "database \"agents\" does not exist",
  "stack": "error: database \"agents\" does not exist\n    at /Users/aliasgarfatepurwala/agent-system/node_modules/pg-pool/index.js:45:11\n    at processTicksAndRejections (node:internal/process/task_queues:104:5)\n    at Database.insert (/Users/aliasgarfatepurwala/agent-system/src/database.ts:169:22)\n    at PumpDumpDetector.saveResult (/Users/aliasgarfatepurwala/agent-system/src/base-agent.ts:209:7)\n    at PumpDumpDetector.run (/Users/aliasgarfatepurwala/agent-system/src/base-agent.ts:117:7)\n    at Orchestrator.runAgent (/Users/aliasgarfatepurwala/agent-system/src/orchestrator.ts:296:22)\n    at Job.job (/Users/aliasgarfatepurwala/agent-system/src/orchestrator.ts:328:9)"
}
[2026-09-27 09:35:07] [ERROR] [Agent] Failed to save result to database {
  "error": "database \"agents\" does not exist",
  "stack": "error: database \"agents\" does not exist\n    at /Users/aliasgarfatepurwala/agent-system/node_modules/pg-pool/index.js:45:11\n    at processTicksAndRejections (node:internal/process/task_queues:104:5)\n    at Database.insert (/Users/aliasgarfatepurwala/agent-system/src/database.ts:169:22)\n    at PumpDumpDetector.saveResult (/Users/aliasgarfatepurwala/agent-system/src/base-agent.ts:209:7)\n    at PumpDumpDetector.run (/Users/aliasgarfatepurwala/agent-system/src/base-agent.ts:117:7)\n    at Orchestrator.runAgent (/Users/aliasgarfatepurwala/agent-system/src/orchestrator.ts:296:22)\n    at Job.job (/Users/aliasgarfatepurwala/agent-system/src/orchestrator.ts:328:9)"
}
[2026-09-27 09:35:07] [INFO] [Orchestrator] ✅ pump-dump-detector completed in 6782ms
[2026-09-27 09:35:08] [INFO] [Agent] ✅ Momentum Trader: Scan completed
[2026-09-27 09:35:08] [INFO] [Agent] ✅ Execution completed in 7829ms
[2026-09-27 09:35:08] [ERROR] [Database] Insert into agent_results failed {
  "error": "database \"agents\" does not exist",
  "stack": "error: database \"agents\" does not exist\n    at /Users/aliasgarfatepurwala/agent-system/node_modules/pg-pool/index.js:45:11\n    at processTicksAndRejections (node:internal/process/task_queues:104:5)\n    at Database.insert (/Users/aliasgarfatepurwala/agent-system/src/database.ts:169:22)\n    at MomentumTrader.saveResult (/Users/aliasgarfatepurwala/agent-system/src/base-agent.ts:209:7)\n    at MomentumTrader.run (/Users/aliasgarfatepurwala/agent-system/src/base-agent.ts:117:7)\n    at Orchestrator.runAgent (/Users/aliasgarfatepurwala/agent-system/src/orchestrator.ts:296:22)\n    at Job.job (/Users/aliasgarfatepurwala/agent-system/src/orchestrator.ts:328:9)"
}
[2026-09-27 09:35:08] [ERROR] [Agent] Failed to save result to database {
  "error": "database \"agents\" does not exist",
  "stack": "error: database \"agents\" does not exist\n    at /Users/aliasgarfatepurwala/agent-system/node_modules/pg-pool/index.js:45:11\n    at processTicksAndRejections (node:internal/process/task_queues:104:5)\n    at Database.insert (/Users/aliasgarfatepurwala/agent-system/src/database.ts:169:22)\n    at MomentumTrader.saveResult (/Users/aliasgarfatepurwala/agent-system/src/base-agent.ts:209:7)\n    at MomentumTrader.run (/Users/aliasgarfatepurwala/agent-system/src/base-agent.ts:117:7)\n    at Orchestrator.runAgent (/Users/aliasgarfatepurwala/agent-system/src/orchestrator.ts:296:22)\n    at Job.job (/Users/aliasgarfatepurwala/agent-system/src/orchestrator.ts:328:9)"
}
[2026-09-27 09:35:08] [INFO] [Orchestrator] ✅ momentum-trader completed in 7839ms
[2026-09-27 09:36:00] [INFO] [Orchestrator] ▶️  Running: scalping-bot
[2026-09-27 09:36:00] [INFO] [Agent] 🚀 Starting execution...
[2026-09-27 09:36:00] [INFO] [Agent] ⚡ Scalping Bot: Executing micro-trades...
[2026-09-27 09:36:00] [INFO] [Orchestrator] ▶️  Running: correlation-trader
[2026-09-27 09:36:00] [INFO] [Agent] 🚀 Starting execution...
[2026-09-27 09:36:00] [INFO] [Agent] 🔗 Correlation Trader: Analyzing asset correlations...
[2026-09-27 09:36:11] [INFO] [Agent] ✅ Execution completed in 10965ms
[2026-09-27 09:36:11] [INFO] [Agent] 🔗 HIGH CORRELATION BTC/ADA: 82.1%
[2026-09-27 09:36:11] [INFO] [Agent] 🔗 HIGH CORRELATION BTC/SOL: -77.3%
[2026-09-27 09:36:11] [INFO] [Agent] 🔗 HIGH CORRELATION ADA/XRP: 97.0%
[2026-09-27 09:36:11] [INFO] [Agent] ✅ Execution completed in 10942ms
[2026-09-27 09:36:11] [ERROR] [Database] Insert into agent_results failed {
  "error": "database \"agents\" does not exist",
  "stack": "error: database \"agents\" does not exist\n    at /Users/aliasgarfatepurwala/agent-system/node_modules/pg-pool/index.js:45:11\n    at processTicksAndRejections (node:internal/process/task_queues:104:5)\n    at Database.insert (/Users/aliasgarfatepurwala/agent-system/src/database.ts:169:22)\n    at ScalpingBot.saveResult (/Users/aliasgarfatepurwala/agent-system/src/base-agent.ts:209:7)\n    at ScalpingBot.run (/Users/aliasgarfatepurwala/agent-system/src/base-agent.ts:117:7)\n    at Orchestrator.runAgent (/Users/aliasgarfatepurwala/agent-system/src/orchestrator.ts:296:22)\n    at Job.job (/Users/aliasgarfatepurwala/agent-system/src/orchestrator.ts:328:9)"
}
[2026-09-27 09:36:11] [ERROR] [Agent] Failed to save result to database {
  "error": "database \"agents\" does not exist",
  "stack": "error: database \"agents\" does not exist\n    at /Users/aliasgarfatepurwala/agent-system/node_modules/pg-pool/index.js:45:11\n    at processTicksAndRejections (node:internal/process/task_queues:104:5)\n    at Database.insert (/Users/aliasgarfatepurwala/agent-system/src/database.ts:169:22)\n    at ScalpingBot.saveResult (/Users/aliasgarfatepurwala/agent-system/src/base-agent.ts:209:7)\n    at ScalpingBot.run (/Users/aliasgarfatepurwala/agent-system/src/base-agent.ts:117:7)\n    at Orchestrator.runAgent (/Users/aliasgarfatepurwala/agent-system/src/orchestrator.ts:296:22)\n    at Job.job (/Users/aliasgarfatepurwala/agent-system/src/orchestrator.ts:328:9)"
}
[2026-09-27 09:36:11] [INFO] [Orchestrator] ✅ scalping-bot completed in 11000ms
[2026-09-27 09:36:11] [ERROR] [Database] Insert into agent_results failed {
  "error": "database \"agents\" does not exist",
  "stack": "error: database \"agents\" does not exist\n    at /Users/aliasgarfatepurwala/agent-system/node_modules/pg-pool/index.js:45:11\n    at processTicksAndRejections (node:internal/process/task_queues:104:5)\n    at Database.insert (/Users/aliasgarfatepurwala/agent-system/src/database.ts:169:22)\n    at CorrelationTrader.saveResult (/Users/aliasgarfatepurwala/agent-system/src/base-agent.ts:209:7)\n    at CorrelationTrader.run (/Users/aliasgarfatepurwala/agent-system/src/base-agent.ts:117:7)\n    at Orchestrator.runAgent (/Users/aliasgarfatepurwala/agent-system/src/orchestrator.ts:296:22)\n    at Job.job (/Users/aliasgarfatepurwala/agent-system/src/orchestrator.ts:328:9)"
}
[2026-09-27 09:36:11] [ERROR] [Agent] Failed to save result to database {
  "error": "database \"agents\" does not exist",
  "stack": "error: database \"agents\" does not exist\n    at /Users/aliasgarfatepurwala/agent-system/node_modules/pg-pool/index.js:45:11\n    at processTicksAndRejections (node:internal/process/task_queues:104:5)\n    at Database.insert (/Users/aliasgarfatepurwala/agent-system/src/database.ts:169:22)\n    at CorrelationTrader.saveResult (/Users/aliasgarfatepurwala/agent-system/src/base-agent.ts:209:7)\n    at CorrelationTrader.run (/Users/aliasgarfatepurwala/agent-system/src/base-agent.ts:117:7)\n    at Orchestrator.runAgent (/Users/aliasgarfatepurwala/agent-system/src/orchestrator.ts:296:22)\n    at Job.job (/Users/aliasgarfatepurwala/agent-system/src/orchestrator.ts:328:9)"
}
[2026-09-27 09:36:11] [INFO] [Orchestrator] ✅ correlation-trader completed in 10964ms
[2026-09-27 09:39:00] [INFO] [Orchestrator] ▶️  Running: scalping-bot
[2026-09-27 09:39:00] [INFO] [Agent] 🚀 Starting execution...
[2026-09-27 09:39:00] [INFO] [Agent] ⚡ Scalping Bot: Executing micro-trades...
[2026-09-27 09:39:04] [INFO] [Agent] ✅ Execution completed in 4109ms
[2026-09-27 09:39:04] [ERROR] [Database] Insert into agent_results failed {
  "error": "database \"agents\" does not exist",
  "stack": "error: database \"agents\" does not exist\n    at /Users/aliasgarfatepurwala/agent-system/node_modules/pg-pool/index.js:45:11\n    at processTicksAndRejections (node:internal/process/task_queues:104:5)\n    at Database.insert (/Users/aliasgarfatepurwala/agent-system/src/database.ts:169:22)\n    at ScalpingBot.saveResult (/Users/aliasgarfatepurwala/agent-system/src/base-agent.ts:209:7)\n    at ScalpingBot.run (/Users/aliasgarfatepurwala/agent-system/src/base-agent.ts:117:7)\n    at Orchestrator.runAgent (/Users/aliasgarfatepurwala/agent-system/src/orchestrator.ts:296:22)\n    at Job.job (/Users/aliasgarfatepurwala/agent-system/src/orchestrator.ts:328:9)"
}
[2026-09-27 09:39:04] [ERROR] [Agent] Failed to save result to database {
  "error": "database \"agents\" does not exist",
  "stack": "error: database \"agents\" does not exist\n    at /Users/aliasgarfatepurwala/agent-system/node_modules/pg-pool/index.js:45:11\n    at processTicksAndRejections (node:internal/process/task_queues:104:5)\n    at Database.insert (/Users/aliasgarfatepurwala/agent-system/src/database.ts:169:22)\n    at ScalpingBot.saveResult (/Users/aliasgarfatepurwala/agent-system/src/base-agent.ts:209:7)\n    at ScalpingBot.run (/Users/aliasgarfatepurwala/agent-system/src/base-agent.ts:117:7)\n    at Orchestrator.runAgent (/Users/aliasgarfatepurwala/agent-system/src/orchestrator.ts:296:22)\n    at Job.job (/Users/aliasgarfatepurwala/agent-system/src/orchestrator.ts:328:9)"
}
[2026-09-27 09:39:04] [INFO] [Orchestrator] ✅ scalping-bot completed in 4129ms
[2026-09-27 09:40:00] [INFO] [Orchestrator] ▶️  Running: bitcoin-price-monitor
[2026-09-27 09:40:00] [INFO] [Agent] 🚀 Starting execution...
[2026-09-27 09:40:00] [INFO] [Agent] Fetching Bitcoin price...
[2026-09-27 09:40:00] [INFO] [Orchestrator] ▶️  Running: pump-dump-detector
[2026-09-27 09:40:00] [INFO] [Agent] 🚀 Starting execution...
[2026-09-27 09:40:00] [INFO] [Agent] Scanning 4 coins for pump/dump patterns...
[2026-09-27 09:40:00] [INFO] [Orchestrator] ▶️  Running: momentum-trader
[2026-09-27 09:40:00] [INFO] [Agent] 🚀 Starting execution...
[2026-09-27 09:40:00] [INFO] [Agent] 🚀 Momentum Trader: Scanning for momentum signals...
[2026-09-27 09:40:00] [INFO] [Orchestrator] ▶️  Running: bollinger-bands-bot
[2026-09-27 09:40:00] [INFO] [Agent] 🚀 Starting execution...
[2026-09-27 09:40:00] [INFO] [Agent] Scanning 5 pairs for Bollinger Bands signals...
[2026-09-27 09:40:00] [INFO] [Orchestrator] ▶️  Running: macd-trader
[2026-09-27 09:40:00] [INFO] [Agent] 🚀 Starting execution...
[2026-09-27 09:40:00] [INFO] [Agent] Scanning 5 pairs for MACD signals...
[2026-09-27 09:40:00] [INFO] [Orchestrator] ▶️  Running: rsi-bot
[2026-09-27 09:40:00] [INFO] [Agent] 🚀 Starting execution...
[2026-09-27 09:40:00] [INFO] [Agent] Scanning 5 pairs for RSI signals...
[2026-09-27 09:40:00] [INFO] [Orchestrator] ▶️  Running: volume-profile-bot
[2026-09-27 09:40:00] [INFO] [Agent] 🚀 Starting execution...
[2026-09-27 09:40:00] [INFO] [Agent] Scanning 5 pairs for volume profile signals...
[2026-09-27 09:40:00] [INFO] [Orchestrator] ▶️  Running: volatility-trader
[2026-09-27 09:40:00] [INFO] [Agent] 🚀 Starting execution...
[2026-09-27 09:40:00] [INFO] [Agent] 📈 Volatility Trader: Analyzing price swings...
[2026-09-27 09:40:00] [INFO] [Orchestrator] ▶️  Running: grid-trading-bot
[2026-09-27 09:40:00] [INFO] [Agent] 🚀 Starting execution...
[2026-09-27 09:40:00] [INFO] [Agent] 📊 Grid Trading Bot: Checking grid positions...
[2026-09-27 09:40:00] [INFO] [Agent] 📊 [TESTNET DEMO] Using mock prices for grid trading simulation
[2026-09-27 09:40:00] [INFO] [BinanceAPI] 📤 Placing BUY order: 0.0011627906976744186 BTCUSDT @ 43000
[2026-09-27 09:40:00] [INFO] [Orchestrator] ▶️  Running: mean-reversion-bot
[2026-09-27 09:40:00] [INFO] [Agent] 🚀 Starting execution...
[2026-09-27 09:40:00] [INFO] [Agent] 📊 Mean Reversion Bot: Scanning for reversion opportunities...
[2026-09-27 09:40:00] [INFO] [Orchestrator] ▶️  Running: risk-management
[2026-09-27 09:40:00] [INFO] [Agent] 🚀 Starting execution...
[2026-09-27 09:40:00] [INFO] [Agent] 🎯 Risk Management: Analyzing portfolio risk...
[2026-09-27 09:40:00] [INFO] [Orchestrator] 🎯 [risk-management] Portfolio risk update {
  "totalValue": 0,
  "volatility": 0,
  "maxDrawdown": 0,
  "sharpeRatio": -20,
  "var95": 0,
  "recommendationCount": 0
}
[2026-09-27 09:40:00] [INFO] [Agent] ✅ Risk Management: Analysis complete
[2026-09-27 09:40:00] [INFO] [Agent] ✅ Execution completed in 8ms
[2026-09-27 09:40:00] [ERROR] [Database] Insert into agent_results failed {
  "error": "database \"agents\" does not exist",
  "stack": "error: database \"agents\" does not exist\n    at /Users/aliasgarfatepurwala/agent-system/node_modules/pg-pool/index.js:45:11\n    at processTicksAndRejections (node:internal/process/task_queues:104:5)\n    at Database.insert (/Users/aliasgarfatepurwala/agent-system/src/database.ts:169:22)\n    at RiskManagement.saveResult (/Users/aliasgarfatepurwala/agent-system/src/base-agent.ts:209:7)\n    at RiskManagement.run (/Users/aliasgarfatepurwala/agent-system/src/base-agent.ts:117:7)\n    at Orchestrator.runAgent (/Users/aliasgarfatepurwala/agent-system/src/orchestrator.ts:296:22)\n    at Job.job (/Users/aliasgarfatepurwala/agent-system/src/orchestrator.ts:328:9)"
}
[2026-09-27 09:40:00] [ERROR] [Agent] Failed to save result to database {
  "error": "database \"agents\" does not exist",
  "stack": "error: database \"agents\" does not exist\n    at /Users/aliasgarfatepurwala/agent-system/node_modules/pg-pool/index.js:45:11\n    at processTicksAndRejections (node:internal/process/task_queues:104:5)\n    at Database.insert (/Users/aliasgarfatepurwala/agent-system/src/database.ts:169:22)\n    at RiskManagement.saveResult (/Users/aliasgarfatepurwala/agent-system/src/base-agent.ts:209:7)\n    at RiskManagement.run (/Users/aliasgarfatepurwala/agent-system/src/base-agent.ts:117:7)\n    at Orchestrator.runAgent (/Users/aliasgarfatepurwala/agent-system/src/orchestrator.ts:296:22)\n    at Job.job (/Users/aliasgarfatepurwala/agent-system/src/orchestrator.ts:328:9)"
}
[2026-09-27 09:40:00] [INFO] [Orchestrator] ✅ risk-management completed in 28ms
[2026-09-27 09:40:01] [INFO] [Agent] ✅ Price data collected: [{"symbol":"BTC","price":84556.01,"currency":"USD","timestamp":"2026-09-27T05:40:01.116Z","source":"binance","change24h":0.11,"priceChangeStatus":"stable"}]
[2026-09-27 09:40:01] [INFO] [Agent] ✅ Execution completed in 1063ms
[2026-09-27 09:40:01] [ERROR] [Database] Insert into agent_results failed {
  "error": "database \"agents\" does not exist",
  "stack": "error: database \"agents\" does not exist\n    at /Users/aliasgarfatepurwala/agent-system/node_modules/pg-pool/index.js:45:11\n    at processTicksAndRejections (node:internal/process/task_queues:104:5)\n    at Database.insert (/Users/aliasgarfatepurwala/agent-system/src/database.ts:169:22)\n    at BitcoinPriceMonitor.saveResult (/Users/aliasgarfatepurwala/agent-system/src/base-agent.ts:209:7)\n    at BitcoinPriceMonitor.run (/Users/aliasgarfatepurwala/agent-system/src/base-agent.ts:117:7)\n    at Orchestrator.runAgent (/Users/aliasgarfatepurwala/agent-system/src/orchestrator.ts:296:22)\n    at Job.job (/Users/aliasgarfatepurwala/agent-system/src/orchestrator.ts:328:9)"
}
[2026-09-27 09:40:01] [ERROR] [Agent] Failed to save result to database {
  "error": "database \"agents\" does not exist",
  "stack": "error: database \"agents\" does not exist\n    at /Users/aliasgarfatepurwala/agent-system/node_modules/pg-pool/index.js:45:11\n    at processTicksAndRejections (node:internal/process/task_queues:104:5)\n    at Database.insert (/Users/aliasgarfatepurwala/agent-system/src/database.ts:169:22)\n    at BitcoinPriceMonitor.saveResult (/Users/aliasgarfatepurwala/agent-system/src/base-agent.ts:209:7)\n    at BitcoinPriceMonitor.run (/Users/aliasgarfatepurwala/agent-system/src/base-agent.ts:117:7)\n    at Orchestrator.runAgent (/Users/aliasgarfatepurwala/agent-system/src/orchestrator.ts:296:22)\n    at Job.job (/Users/aliasgarfatepurwala/agent-system/src/orchestrator.ts:328:9)"
}
[2026-09-27 09:40:01] [INFO] [Orchestrator] ✅ bitcoin-price-monitor completed in 1071ms
[2026-09-27 09:40:01] [INFO] [Agent] ✅ Scan complete: Found 0 signals
[2026-09-27 09:40:01] [INFO] [Agent] ✅ Execution completed in 1061ms
[2026-09-27 09:40:01] [ERROR] [Database] Insert into agent_results failed {
  "error": "database \"agents\" does not exist",
  "stack": "error: database \"agents\" does not exist\n    at /Users/aliasgarfatepurwala/agent-system/node_modules/pg-pool/index.js:45:11\n    at processTicksAndRejections (node:internal/process/task_queues:104:5)\n    at Database.insert (/Users/aliasgarfatepurwala/agent-system/src/database.ts:169:22)\n    at PumpDumpDetector.saveResult (/Users/aliasgarfatepurwala/agent-system/src/base-agent.ts:209:7)\n    at PumpDumpDetector.run (/Users/aliasgarfatepurwala/agent-system/src/base-agent.ts:117:7)\n    at Orchestrator.runAgent (/Users/aliasgarfatepurwala/agent-system/src/orchestrator.ts:296:22)\n    at Job.job (/Users/aliasgarfatepurwala/agent-system/src/orchestrator.ts:328:9)"
}
[2026-09-27 09:40:01] [ERROR] [Agent] Failed to save result to database {
  "error": "database \"agents\" does not exist",
  "stack": "error: database \"agents\" does not exist\n    at /Users/aliasgarfatepurwala/agent-system/node_modules/pg-pool/index.js:45:11\n    at processTicksAndRejections (node:internal/process/task_queues:104:5)\n    at Database.insert (/Users/aliasgarfatepurwala/agent-system/src/database.ts:169:22)\n    at PumpDumpDetector.saveResult (/Users/aliasgarfatepurwala/agent-system/src/base-agent.ts:209:7)\n    at PumpDumpDetector.run (/Users/aliasgarfatepurwala/agent-system/src/base-agent.ts:117:7)\n    at Orchestrator.runAgent (/Users/aliasgarfatepurwala/agent-system/src/orchestrator.ts:296:22)\n    at Job.job (/Users/aliasgarfatepurwala/agent-system/src/orchestrator.ts:328:9)"
}
[2026-09-27 09:40:01] [INFO] [Orchestrator] ✅ pump-dump-detector completed in 1065ms
[2026-09-27 09:40:01] [ERROR] [BinanceAPI] ❌ Order placement failed: Invalid API-key, IP, or permissions for action.
[2026-09-27 09:40:01] [ERROR] [Agent] ❌ Failed to place buy order for BTCUSDT
[2026-09-27 09:40:01] [INFO] [BinanceAPI] 📤 Placing BUY order: 0.0011627906976744186 BTCUSDT @ 43000
[2026-09-27 09:40:01] [INFO] [Agent] ✅ Momentum Trader: Scan completed
[2026-09-27 09:40:01] [INFO] [Agent] ✅ Execution completed in 1302ms
[2026-09-27 09:40:01] [ERROR] [Database] Insert into agent_results failed {
  "error": "database \"agents\" does not exist",
  "stack": "error: database \"agents\" does not exist\n    at /Users/aliasgarfatepurwala/agent-system/node_modules/pg-pool/index.js:45:11\n    at processTicksAndRejections (node:internal/process/task_queues:104:5)\n    at Database.insert (/Users/aliasgarfatepurwala/agent-system/src/database.ts:169:22)\n    at MomentumTrader.saveResult (/Users/aliasgarfatepurwala/agent-system/src/base-agent.ts:209:7)\n    at MomentumTrader.run (/Users/aliasgarfatepurwala/agent-system/src/base-agent.ts:117:7)\n    at Orchestrator.runAgent (/Users/aliasgarfatepurwala/agent-system/src/orchestrator.ts:296:22)\n    at Job.job (/Users/aliasgarfatepurwala/agent-system/src/orchestrator.ts:328:9)"
}
[2026-09-27 09:40:01] [ERROR] [Agent] Failed to save result to database {
  "error": "database \"agents\" does not exist",
  "stack": "error: database \"agents\" does not exist\n    at /Users/aliasgarfatepurwala/agent-system/node_modules/pg-pool/index.js:45:11\n    at processTicksAndRejections (node:internal/process/task_queues:104:5)\n    at Database.insert (/Users/aliasgarfatepurwala/agent-system/src/database.ts:169:22)\n    at MomentumTrader.saveResult (/Users/aliasgarfatepurwala/agent-system/src/base-agent.ts:209:7)\n    at MomentumTrader.run (/Users/aliasgarfatepurwala/agent-system/src/base-agent.ts:117:7)\n    at Orchestrator.runAgent (/Users/aliasgarfatepurwala/agent-system/src/orchestrator.ts:296:22)\n    at Job.job (/Users/aliasgarfatepurwala/agent-system/src/orchestrator.ts:328:9)"
}
[2026-09-27 09:40:01] [INFO] [Orchestrator] ✅ momentum-trader completed in 1318ms
[2026-09-27 09:40:01] [INFO] [Agent] ✅ MACD analysis complete: Found 0 signals
[2026-09-27 09:40:01] [INFO] [Agent] ✅ Execution completed in 1349ms
[2026-09-27 09:40:01] [ERROR] [Database] Insert into agent_results failed {
  "error": "database \"agents\" does not exist",
  "stack": "error: database \"agents\" does not exist\n    at /Users/aliasgarfatepurwala/agent-system/node_modules/pg-pool/index.js:45:11\n    at processTicksAndRejections (node:internal/process/task_queues:104:5)\n    at Database.insert (/Users/aliasgarfatepurwala/agent-system/src/database.ts:169:22)\n    at MACDTrader.saveResult (/Users/aliasgarfatepurwala/agent-system/src/base-agent.ts:209:7)\n    at MACDTrader.run (/Users/aliasgarfatepurwala/agent-system/src/base-agent.ts:117:7)\n    at Orchestrator.runAgent (/Users/aliasgarfatepurwala/agent-system/src/orchestrator.ts:296:22)\n    at Job.job (/Users/aliasgarfatepurwala/agent-system/src/orchestrator.ts:328:9)"
}
[2026-09-27 09:40:01] [ERROR] [Agent] Failed to save result to database {
  "error": "database \"agents\" does not exist",
  "stack": "error: database \"agents\" does not exist\n    at /Users/aliasgarfatepurwala/agent-system/node_modules/pg-pool/index.js:45:11\n    at processTicksAndRejections (node:internal/process/task_queues:104:5)\n    at Database.insert (/Users/aliasgarfatepurwala/agent-system/src/database.ts:169:22)\n    at MACDTrader.saveResult (/Users/aliasgarfatepurwala/agent-system/src/base-agent.ts:209:7)\n    at MACDTrader.run (/Users/aliasgarfatepurwala/agent-system/src/base-agent.ts:117:7)\n    at Orchestrator.runAgent (/Users/aliasgarfatepurwala/agent-system/src/orchestrator.ts:296:22)\n    at Job.job (/Users/aliasgarfatepurwala/agent-system/src/orchestrator.ts:328:9)"
}
[2026-09-27 09:40:01] [INFO] [Orchestrator] ✅ macd-trader completed in 1357ms
[2026-09-27 09:40:01] [INFO] [Agent] ✅ RSI analysis complete: Found 0 signals
[2026-09-27 09:40:01] [INFO] [Agent] ✅ Execution completed in 1460ms
[2026-09-27 09:40:01] [INFO] [Agent] ✅ Analysis complete: Found 0 signals
[2026-09-27 09:40:01] [INFO] [Agent] ✅ Execution completed in 1476ms
[2026-09-27 09:40:01] [INFO] [Agent] 💥 VOLATILITY BTC: Infinity%
[2026-09-27 09:40:01] [INFO] [Agent] ✅ Execution completed in 1439ms
[2026-09-27 09:40:01] [WARN] [Agent] 📊 POC-RESISTANCE: BTCUSDT approaching resistance at POC $84133.23
[2026-09-27 09:40:01] [ERROR] [Database] Insert into agent_results failed {
  "error": "database \"agents\" does not exist",
  "stack": "error: database \"agents\" does not exist\n    at /Users/aliasgarfatepurwala/agent-system/node_modules/pg-pool/index.js:45:11\n    at processTicksAndRejections (node:internal/process/task_queues:104:5)\n    at Database.insert (/Users/aliasgarfatepurwala/agent-system/src/database.ts:169:22)\n    at RSIBot.saveResult (/Users/aliasgarfatepurwala/agent-system/src/base-agent.ts:209:7)\n    at RSIBot.run (/Users/aliasgarfatepurwala/agent-system/src/base-agent.ts:117:7)\n    at Orchestrator.runAgent (/Users/aliasgarfatepurwala/agent-system/src/orchestrator.ts:296:22)\n    at Job.job (/Users/aliasgarfatepurwala/agent-system/src/orchestrator.ts:328:9)"
}
[2026-09-27 09:40:01] [ERROR] [Agent] Failed to save result to database {
  "error": "database \"agents\" does not exist",
  "stack": "error: database \"agents\" does not exist\n    at /Users/aliasgarfatepurwala/agent-system/node_modules/pg-pool/index.js:45:11\n    at processTicksAndRejections (node:internal/process/task_queues:104:5)\n    at Database.insert (/Users/aliasgarfatepurwala/agent-system/src/database.ts:169:22)\n    at RSIBot.saveResult (/Users/aliasgarfatepurwala/agent-system/src/base-agent.ts:209:7)\n    at RSIBot.run (/Users/aliasgarfatepurwala/agent-system/src/base-agent.ts:117:7)\n    at Orchestrator.runAgent (/Users/aliasgarfatepurwala/agent-system/src/orchestrator.ts:296:22)\n    at Job.job (/Users/aliasgarfatepurwala/agent-system/src/orchestrator.ts:328:9)"
}
[2026-09-27 09:40:01] [INFO] [Orchestrator] ✅ rsi-bot completed in 1469ms
[2026-09-27 09:40:01] [ERROR] [Database] Insert into agent_results failed {
  "error": "database \"agents\" does not exist",
  "stack": "error: database \"agents\" does not exist\n    at /Users/aliasgarfatepurwala/agent-system/node_modules/pg-pool/index.js:45:11\n    at processTicksAndRejections (node:internal/process/task_queues:104:5)\n    at Database.insert (/Users/aliasgarfatepurwala/agent-system/src/database.ts:169:22)\n    at BollingerBandsBot.saveResult (/Users/aliasgarfatepurwala/agent-system/src/base-agent.ts:209:7)\n    at BollingerBandsBot.run (/Users/aliasgarfatepurwala/agent-system/src/base-agent.ts:117:7)\n    at Orchestrator.runAgent (/Users/aliasgarfatepurwala/agent-system/src/orchestrator.ts:296:22)\n    at Job.job (/Users/aliasgarfatepurwala/agent-system/src/orchestrator.ts:328:9)"
}
[2026-09-27 09:40:01] [ERROR] [Agent] Failed to save result to database {
  "error": "database \"agents\" does not exist",
  "stack": "error: database \"agents\" does not exist\n    at /Users/aliasgarfatepurwala/agent-system/node_modules/pg-pool/index.js:45:11\n    at processTicksAndRejections (node:internal/process/task_queues:104:5)\n    at Database.insert (/Users/aliasgarfatepurwala/agent-system/src/database.ts:169:22)\n    at BollingerBandsBot.saveResult (/Users/aliasgarfatepurwala/agent-system/src/base-agent.ts:209:7)\n    at BollingerBandsBot.run (/Users/aliasgarfatepurwala/agent-system/src/base-agent.ts:117:7)\n    at Orchestrator.runAgent (/Users/aliasgarfatepurwala/agent-system/src/orchestrator.ts:296:22)\n    at Job.job (/Users/aliasgarfatepurwala/agent-system/src/orchestrator.ts:328:9)"
}
[2026-09-27 09:40:01] [INFO] [Orchestrator] ✅ bollinger-bands-bot completed in 1487ms
[2026-09-27 09:40:01] [ERROR] [Database] Insert into agent_results failed {
  "error": "database \"agents\" does not exist",
  "stack": "error: database \"agents\" does not exist\n    at /Users/aliasgarfatepurwala/agent-system/node_modules/pg-pool/index.js:45:11\n    at processTicksAndRejections (node:internal/process/task_queues:104:5)\n    at Database.insert (/Users/aliasgarfatepurwala/agent-system/src/database.ts:169:22)\n    at VolatilityTrader.saveResult (/Users/aliasgarfatepurwala/agent-system/src/base-agent.ts:209:7)\n    at VolatilityTrader.run (/Users/aliasgarfatepurwala/agent-system/src/base-agent.ts:117:7)\n    at Orchestrator.runAgent (/Users/aliasgarfatepurwala/agent-system/src/orchestrator.ts:296:22)\n    at Job.job (/Users/aliasgarfatepurwala/agent-system/src/orchestrator.ts:328:9)"
}
[2026-09-27 09:40:01] [ERROR] [Agent] Failed to save result to database {
  "error": "database \"agents\" does not exist",
  "stack": "error: database \"agents\" does not exist\n    at /Users/aliasgarfatepurwala/agent-system/node_modules/pg-pool/index.js:45:11\n    at processTicksAndRejections (node:internal/process/task_queues:104:5)\n    at Database.insert (/Users/aliasgarfatepurwala/agent-system/src/database.ts:169:22)\n    at VolatilityTrader.saveResult (/Users/aliasgarfatepurwala/agent-system/src/base-agent.ts:209:7)\n    at VolatilityTrader.run (/Users/aliasgarfatepurwala/agent-system/src/base-agent.ts:117:7)\n    at Orchestrator.runAgent (/Users/aliasgarfatepurwala/agent-system/src/orchestrator.ts:296:22)\n    at Job.job (/Users/aliasgarfatepurwala/agent-system/src/orchestrator.ts:328:9)"
}
[2026-09-27 09:40:01] [INFO] [Orchestrator] ✅ volatility-trader completed in 1453ms
[2026-09-27 09:40:01] [ERROR] [Database] Insert into events failed {
  "error": "database \"agents\" does not exist",
  "stack": "error: database \"agents\" does not exist\n    at /Users/aliasgarfatepurwala/agent-system/node_modules/pg-pool/index.js:45:11\n    at processTicksAndRejections (node:internal/process/task_queues:104:5)\n    at Database.insert (/Users/aliasgarfatepurwala/agent-system/src/database.ts:169:22)\n    at Database.publishEvent (/Users/aliasgarfatepurwala/agent-system/src/database.ts:198:7)\n    at VolumeProfileBot.publishEvent (/Users/aliasgarfatepurwala/agent-system/src/base-agent.ts:181:7)\n    at VolumeProfileBot.execute (/Users/aliasgarfatepurwala/agent-system/src/agents/volume-profile-bot.ts:51:11)\n    at VolumeProfileBot.run (/Users/aliasgarfatepurwala/agent-system/src/base-agent.ts:98:20)\n    at Orchestrator.runAgent (/Users/aliasgarfatepurwala/agent-system/src/orchestrator.ts:296:22)\n    at Job.job (/Users/aliasgarfatepurwala/agent-system/src/orchestrator.ts:328:9)"
}
[2026-09-27 09:40:01] [ERROR] [Database] Publish event failed {
  "error": "database \"agents\" does not exist",
  "stack": "error: database \"agents\" does not exist\n    at /Users/aliasgarfatepurwala/agent-system/node_modules/pg-pool/index.js:45:11\n    at processTicksAndRejections (node:internal/process/task_queues:104:5)\n    at Database.insert (/Users/aliasgarfatepurwala/agent-system/src/database.ts:169:22)\n    at Database.publishEvent (/Users/aliasgarfatepurwala/agent-system/src/database.ts:198:7)\n    at VolumeProfileBot.publishEvent (/Users/aliasgarfatepurwala/agent-system/src/base-agent.ts:181:7)\n    at VolumeProfileBot.execute (/Users/aliasgarfatepurwala/agent-system/src/agents/volume-profile-bot.ts:51:11)\n    at VolumeProfileBot.run (/Users/aliasgarfatepurwala/agent-system/src/base-agent.ts:98:20)\n    at Orchestrator.runAgent (/Users/aliasgarfatepurwala/agent-system/src/orchestrator.ts:296:22)\n    at Job.job (/Users/aliasgarfatepurwala/agent-system/src/orchestrator.ts:328:9)"
}
[2026-09-27 09:40:01] [WARN] [Agent] 📊 POC-RESISTANCE: ETHUSDT approaching resistance at POC $2693.42
[2026-09-27 09:40:01] [ERROR] [Database] Insert into events failed {
  "error": "database \"agents\" does not exist",
  "stack": "error: database \"agents\" does not exist\n    at /Users/aliasgarfatepurwala/agent-system/node_modules/pg-pool/index.js:45:11\n    at processTicksAndRejections (node:internal/process/task_queues:104:5)\n    at Database.insert (/Users/aliasgarfatepurwala/agent-system/src/database.ts:169:22)\n    at Database.publishEvent (/Users/aliasgarfatepurwala/agent-system/src/database.ts:198:7)\n    at VolumeProfileBot.publishEvent (/Users/aliasgarfatepurwala/agent-system/src/base-agent.ts:181:7)\n    at VolumeProfileBot.execute (/Users/aliasgarfatepurwala/agent-system/src/agents/volume-profile-bot.ts:51:11)\n    at VolumeProfileBot.run (/Users/aliasgarfatepurwala/agent-system/src/base-agent.ts:98:20)\n    at Orchestrator.runAgent (/Users/aliasgarfatepurwala/agent-system/src/orchestrator.ts:296:22)\n    at Job.job (/Users/aliasgarfatepurwala/agent-system/src/orchestrator.ts:328:9)"
}
[2026-09-27 09:40:01] [ERROR] [Database] Publish event failed {
  "error": "database \"agents\" does not exist",
  "stack": "error: database \"agents\" does not exist\n    at /Users/aliasgarfatepurwala/agent-system/node_modules/pg-pool/index.js:45:11\n    at processTicksAndRejections (node:internal/process/task_queues:104:5)\n    at Database.insert (/Users/aliasgarfatepurwala/agent-system/src/database.ts:169:22)\n    at Database.publishEvent (/Users/aliasgarfatepurwala/agent-system/src/database.ts:198:7)\n    at VolumeProfileBot.publishEvent (/Users/aliasgarfatepurwala/agent-system/src/base-agent.ts:181:7)\n    at VolumeProfileBot.execute (/Users/aliasgarfatepurwala/agent-system/src/agents/volume-profile-bot.ts:51:11)\n    at VolumeProfileBot.run (/Users/aliasgarfatepurwala/agent-system/src/base-agent.ts:98:20)\n    at Orchestrator.runAgent (/Users/aliasgarfatepurwala/agent-system/src/orchestrator.ts:296:22)\n    at Job.job (/Users/aliasgarfatepurwala/agent-system/src/orchestrator.ts:328:9)"
}
[2026-09-27 09:40:01] [WARN] [Agent] 📊 POC-RESISTANCE: ADAUSDT approaching resistance at POC $0.25
[2026-09-27 09:40:01] [ERROR] [Database] Insert into events failed {
  "error": "database \"agents\" does not exist",
  "stack": "error: database \"agents\" does not exist\n    at /Users/aliasgarfatepurwala/agent-system/node_modules/pg-pool/index.js:45:11\n    at processTicksAndRejections (node:internal/process/task_queues:104:5)\n    at Database.insert (/Users/aliasgarfatepurwala/agent-system/src/database.ts:169:22)\n    at Database.publishEvent (/Users/aliasgarfatepurwala/agent-system/src/database.ts:198:7)\n    at VolumeProfileBot.publishEvent (/Users/aliasgarfatepurwala/agent-system/src/base-agent.ts:181:7)\n    at VolumeProfileBot.execute (/Users/aliasgarfatepurwala/agent-system/src/agents/volume-profile-bot.ts:51:11)\n    at VolumeProfileBot.run (/Users/aliasgarfatepurwala/agent-system/src/base-agent.ts:98:20)\n    at Orchestrator.runAgent (/Users/aliasgarfatepurwala/agent-system/src/orchestrator.ts:296:22)\n    at Job.job (/Users/aliasgarfatepurwala/agent-system/src/orchestrator.ts:328:9)"
}
[2026-09-27 09:40:01] [ERROR] [Database] Publish event failed {
  "error": "database \"agents\" does not exist",
  "stack": "error: database \"agents\" does not exist\n    at /Users/aliasgarfatepurwala/agent-system/node_modules/pg-pool/index.js:45:11\n    at processTicksAndRejections (node:internal/process/task_queues:104:5)\n    at Database.insert (/Users/aliasgarfatepurwala/agent-system/src/database.ts:169:22)\n    at Database.publishEvent (/Users/aliasgarfatepurwala/agent-system/src/database.ts:198:7)\n    at VolumeProfileBot.publishEvent (/Users/aliasgarfatepurwala/agent-system/src/base-agent.ts:181:7)\n    at VolumeProfileBot.execute (/Users/aliasgarfatepurwala/agent-system/src/agents/volume-profile-bot.ts:51:11)\n    at VolumeProfileBot.run (/Users/aliasgarfatepurwala/agent-system/src/base-agent.ts:98:20)\n    at Orchestrator.runAgent (/Users/aliasgarfatepurwala/agent-system/src/orchestrator.ts:296:22)\n    at Job.job (/Users/aliasgarfatepurwala/agent-system/src/orchestrator.ts:328:9)"
}
[2026-09-27 09:40:01] [WARN] [Agent] 📊 POC-RESISTANCE: SOLUSDT approaching resistance at POC $120.57
[2026-09-27 09:40:01] [ERROR] [Database] Insert into events failed {
  "error": "database \"agents\" does not exist",
  "stack": "error: database \"agents\" does not exist\n    at /Users/aliasgarfatepurwala/agent-system/node_modules/pg-pool/index.js:45:11\n    at processTicksAndRejections (node:internal/process/task_queues:104:5)\n    at Database.insert (/Users/aliasgarfatepurwala/agent-system/src/database.ts:169:22)\n    at Database.publishEvent (/Users/aliasgarfatepurwala/agent-system/src/database.ts:198:7)\n    at VolumeProfileBot.publishEvent (/Users/aliasgarfatepurwala/agent-system/src/base-agent.ts:181:7)\n    at VolumeProfileBot.execute (/Users/aliasgarfatepurwala/agent-system/src/agents/volume-profile-bot.ts:51:11)\n    at VolumeProfileBot.run (/Users/aliasgarfatepurwala/agent-system/src/base-agent.ts:98:20)\n    at Orchestrator.runAgent (/Users/aliasgarfatepurwala/agent-system/src/orchestrator.ts:296:22)\n    at Job.job (/Users/aliasgarfatepurwala/agent-system/src/orchestrator.ts:328:9)"
}
[2026-09-27 09:40:01] [ERROR] [Database] Publish event failed {
  "error": "database \"agents\" does not exist",
  "stack": "error: database \"agents\" does not exist\n    at /Users/aliasgarfatepurwala/agent-system/node_modules/pg-pool/index.js:45:11\n    at processTicksAndRejections (node:internal/process/task_queues:104:5)\n    at Database.insert (/Users/aliasgarfatepurwala/agent-system/src/database.ts:169:22)\n    at Database.publishEvent (/Users/aliasgarfatepurwala/agent-system/src/database.ts:198:7)\n    at VolumeProfileBot.publishEvent (/Users/aliasgarfatepurwala/agent-system/src/base-agent.ts:181:7)\n    at VolumeProfileBot.execute (/Users/aliasgarfatepurwala/agent-system/src/agents/volume-profile-bot.ts:51:11)\n    at VolumeProfileBot.run (/Users/aliasgarfatepurwala/agent-system/src/base-agent.ts:98:20)\n    at Orchestrator.runAgent (/Users/aliasgarfatepurwala/agent-system/src/orchestrator.ts:296:22)\n    at Job.job (/Users/aliasgarfatepurwala/agent-system/src/orchestrator.ts:328:9)"
}
[2026-09-27 09:40:01] [WARN] [Agent] 📊 POC-RESISTANCE: XRPUSDT approaching resistance at POC $1.51
[2026-09-27 09:40:01] [ERROR] [Database] Insert into events failed {
  "error": "database \"agents\" does not exist",
  "stack": "error: database \"agents\" does not exist\n    at /Users/aliasgarfatepurwala/agent-system/node_modules/pg-pool/index.js:45:11\n    at processTicksAndRejections (node:internal/process/task_queues:104:5)\n    at Database.insert (/Users/aliasgarfatepurwala/agent-system/src/database.ts:169:22)\n    at Database.publishEvent (/Users/aliasgarfatepurwala/agent-system/src/database.ts:198:7)\n    at VolumeProfileBot.publishEvent (/Users/aliasgarfatepurwala/agent-system/src/base-agent.ts:181:7)\n    at VolumeProfileBot.execute (/Users/aliasgarfatepurwala/agent-system/src/agents/volume-profile-bot.ts:51:11)\n    at VolumeProfileBot.run (/Users/aliasgarfatepurwala/agent-system/src/base-agent.ts:98:20)\n    at Orchestrator.runAgent (/Users/aliasgarfatepurwala/agent-system/src/orchestrator.ts:296:22)\n    at Job.job (/Users/aliasgarfatepurwala/agent-system/src/orchestrator.ts:328:9)"
}
[2026-09-27 09:40:01] [ERROR] [Database] Publish event failed {
  "error": "database \"agents\" does not exist",
  "stack": "error: database \"agents\" does not exist\n    at /Users/aliasgarfatepurwala/agent-system/node_modules/pg-pool/index.js:45:11\n    at processTicksAndRejections (node:internal/process/task_queues:104:5)\n    at Database.insert (/Users/aliasgarfatepurwala/agent-system/src/database.ts:169:22)\n    at Database.publishEvent (/Users/aliasgarfatepurwala/agent-system/src/database.ts:198:7)\n    at VolumeProfileBot.publishEvent (/Users/aliasgarfatepurwala/agent-system/src/base-agent.ts:181:7)\n    at VolumeProfileBot.execute (/Users/aliasgarfatepurwala/agent-system/src/agents/volume-profile-bot.ts:51:11)\n    at VolumeProfileBot.run (/Users/aliasgarfatepurwala/agent-system/src/base-agent.ts:98:20)\n    at Orchestrator.runAgent (/Users/aliasgarfatepurwala/agent-system/src/orchestrator.ts:296:22)\n    at Job.job (/Users/aliasgarfatepurwala/agent-system/src/orchestrator.ts:328:9)"
}
[2026-09-27 09:40:01] [INFO] [Agent] ✅ Volume analysis complete: Found 5 signals
[2026-09-27 09:40:01] [INFO] [Agent] ✅ Execution completed in 1484ms
[2026-09-27 09:40:01] [ERROR] [Database] Insert into agent_results failed {
  "error": "database \"agents\" does not exist",
  "stack": "error: database \"agents\" does not exist\n    at /Users/aliasgarfatepurwala/agent-system/node_modules/pg-pool/index.js:45:11\n    at processTicksAndRejections (node:internal/process/task_queues:104:5)\n    at Database.insert (/Users/aliasgarfatepurwala/agent-system/src/database.ts:169:22)\n    at VolumeProfileBot.saveResult (/Users/aliasgarfatepurwala/agent-system/src/base-agent.ts:209:7)\n    at VolumeProfileBot.run (/Users/aliasgarfatepurwala/agent-system/src/base-agent.ts:117:7)\n    at Orchestrator.runAgent (/Users/aliasgarfatepurwala/agent-system/src/orchestrator.ts:296:22)\n    at Job.job (/Users/aliasgarfatepurwala/agent-system/src/orchestrator.ts:328:9)"
}
[2026-09-27 09:40:01] [ERROR] [Agent] Failed to save result to database {
  "error": "database \"agents\" does not exist",
  "stack": "error: database \"agents\" does not exist\n    at /Users/aliasgarfatepurwala/agent-system/node_modules/pg-pool/index.js:45:11\n    at processTicksAndRejections (node:internal/process/task_queues:104:5)\n    at Database.insert (/Users/aliasgarfatepurwala/agent-system/src/database.ts:169:22)\n    at VolumeProfileBot.saveResult (/Users/aliasgarfatepurwala/agent-system/src/base-agent.ts:209:7)\n    at VolumeProfileBot.run (/Users/aliasgarfatepurwala/agent-system/src/base-agent.ts:117:7)\n    at Orchestrator.runAgent (/Users/aliasgarfatepurwala/agent-system/src/orchestrator.ts:296:22)\n    at Job.job (/Users/aliasgarfatepurwala/agent-system/src/orchestrator.ts:328:9)"
}
[2026-09-27 09:40:01] [INFO] [Orchestrator] ✅ volume-profile-bot completed in 1486ms
[2026-09-27 09:40:01] [INFO] [Agent] ✅ Mean Reversion Bot: Scan completed
[2026-09-27 09:40:01] [INFO] [Agent] ✅ Execution completed in 1618ms
[2026-09-27 09:40:01] [ERROR] [Database] Insert into agent_results failed {
  "error": "database \"agents\" does not exist",
  "stack": "error: database \"agents\" does not exist\n    at /Users/aliasgarfatepurwala/agent-system/node_modules/pg-pool/index.js:45:11\n    at processTicksAndRejections (node:internal/process/task_queues:104:5)\n    at Database.insert (/Users/aliasgarfatepurwala/agent-system/src/database.ts:169:22)\n    at MeanReversionBot.saveResult (/Users/aliasgarfatepurwala/agent-system/src/base-agent.ts:209:7)\n    at MeanReversionBot.run (/Users/aliasgarfatepurwala/agent-system/src/base-agent.ts:117:7)\n    at Orchestrator.runAgent (/Users/aliasgarfatepurwala/agent-system/src/orchestrator.ts:296:22)\n    at Job.job (/Users/aliasgarfatepurwala/agent-system/src/orchestrator.ts:328:9)"
}
[2026-09-27 09:40:01] [ERROR] [Agent] Failed to save result to database {
  "error": "database \"agents\" does not exist",
  "stack": "error: database \"agents\" does not exist\n    at /Users/aliasgarfatepurwala/agent-system/node_modules/pg-pool/index.js:45:11\n    at processTicksAndRejections (node:internal/process/task_queues:104:5)\n    at Database.insert (/Users/aliasgarfatepurwala/agent-system/src/database.ts:169:22)\n    at MeanReversionBot.saveResult (/Users/aliasgarfatepurwala/agent-system/src/base-agent.ts:209:7)\n    at MeanReversionBot.run (/Users/aliasgarfatepurwala/agent-system/src/base-agent.ts:117:7)\n    at Orchestrator.runAgent (/Users/aliasgarfatepurwala/agent-system/src/orchestrator.ts:296:22)\n    at Job.job (/Users/aliasgarfatepurwala/agent-system/src/orchestrator.ts:328:9)"
}
[2026-09-27 09:40:01] [INFO] [Orchestrator] ✅ mean-reversion-bot completed in 1625ms
[2026-09-27 09:40:01] [ERROR] [BinanceAPI] ❌ Order placement failed: Invalid API-key, IP, or permissions for action.
[2026-09-27 09:40:01] [ERROR] [Agent] ❌ Failed to place buy order for BTCUSDT
[2026-09-27 09:40:01] [INFO] [BinanceAPI] 📤 Placing BUY order: 0.0011627906976744186 BTCUSDT @ 43000
[2026-09-27 09:40:02] [ERROR] [BinanceAPI] ❌ Order placement failed: Invalid API-key, IP, or permissions for action.
[2026-09-27 09:40:02] [ERROR] [Agent] ❌ Failed to place buy order for BTCUSDT
[2026-09-27 09:40:02] [INFO] [BinanceAPI] 📤 Placing BUY order: 0.0011627906976744186 BTCUSDT @ 43000
[2026-09-27 09:40:02] [ERROR] [BinanceAPI] ❌ Order placement failed: Invalid API-key, IP, or permissions for action.
[2026-09-27 09:40:02] [ERROR] [Agent] ❌ Failed to place buy order for BTCUSDT
[2026-09-27 09:40:02] [INFO] [BinanceAPI] 📤 Placing BUY order: 0.0011627906976744186 BTCUSDT @ 43000
[2026-09-27 09:40:02] [ERROR] [BinanceAPI] ❌ Order placement failed: Invalid API-key, IP, or permissions for action.
[2026-09-27 09:40:02] [ERROR] [Agent] ❌ Failed to place buy order for BTCUSDT
[2026-09-27 09:40:02] [INFO] [BinanceAPI] 📤 Placing BUY order: 0.013043478260869565 ETHUSDT @ 2300
[2026-09-27 09:40:03] [ERROR] [BinanceAPI] ❌ Order placement failed: Invalid API-key, IP, or permissions for action.
[2026-09-27 09:40:03] [ERROR] [Agent] ❌ Failed to place buy order for ETHUSDT
[2026-09-27 09:40:03] [INFO] [BinanceAPI] 📤 Placing BUY order: 0.013043478260869565 ETHUSDT @ 2300
[2026-09-27 09:40:03] [ERROR] [BinanceAPI] ❌ Order placement failed: Invalid API-key, IP, or permissions for action.
[2026-09-27 09:40:03] [ERROR] [Agent] ❌ Failed to place buy order for ETHUSDT
[2026-09-27 09:40:03] [INFO] [Agent] ✅ Grid Trading Bot: Check completed
[2026-09-27 09:40:03] [INFO] [Agent] ✅ Execution completed in 3553ms
[2026-09-27 09:40:03] [ERROR] [Database] Insert into agent_results failed {
  "error": "database \"agents\" does not exist",
  "stack": "error: database \"agents\" does not exist\n    at /Users/aliasgarfatepurwala/agent-system/node_modules/pg-pool/index.js:45:11\n    at processTicksAndRejections (node:internal/process/task_queues:104:5)\n    at Database.insert (/Users/aliasgarfatepurwala/agent-system/src/database.ts:169:22)\n    at GridTradingBot.saveResult (/Users/aliasgarfatepurwala/agent-system/src/base-agent.ts:209:7)\n    at GridTradingBot.run (/Users/aliasgarfatepurwala/agent-system/src/base-agent.ts:117:7)\n    at Orchestrator.runAgent (/Users/aliasgarfatepurwala/agent-system/src/orchestrator.ts:296:22)\n    at Job.job (/Users/aliasgarfatepurwala/agent-system/src/orchestrator.ts:328:9)"
}
[2026-09-27 09:40:03] [ERROR] [Agent] Failed to save result to database {
  "error": "database \"agents\" does not exist",
  "stack": "error: database \"agents\" does not exist\n    at /Users/aliasgarfatepurwala/agent-system/node_modules/pg-pool/index.js:45:11\n    at processTicksAndRejections (node:internal/process/task_queues:104:5)\n    at Database.insert (/Users/aliasgarfatepurwala/agent-system/src/database.ts:169:22)\n    at GridTradingBot.saveResult (/Users/aliasgarfatepurwala/agent-system/src/base-agent.ts:209:7)\n    at GridTradingBot.run (/Users/aliasgarfatepurwala/agent-system/src/base-agent.ts:117:7)\n    at Orchestrator.runAgent (/Users/aliasgarfatepurwala/agent-system/src/orchestrator.ts:296:22)\n    at Job.job (/Users/aliasgarfatepurwala/agent-system/src/orchestrator.ts:328:9)"
}
[2026-09-27 09:40:03] [INFO] [Orchestrator] ✅ grid-trading-bot completed in 3560ms
[2026-09-27 09:42:00] [INFO] [Orchestrator] ▶️  Running: scalping-bot
[2026-09-27 09:42:00] [INFO] [Agent] 🚀 Starting execution...
[2026-09-27 09:42:00] [INFO] [Agent] ⚡ Scalping Bot: Executing micro-trades...
[2026-09-27 09:42:00] [INFO] [Orchestrator] ▶️  Running: arbitrage-bot
[2026-09-27 09:42:00] [INFO] [Agent] 🚀 Starting execution...
[2026-09-27 09:42:00] [INFO] [Agent] 🔄 Arbitrage Bot: Scanning for price discrepancies...
[2026-09-27 09:42:00] [INFO] [Agent] 🚀 SCALP BTC @ $84513.67 | Profit: +0.05%
[2026-09-27 09:42:00] [INFO] [Agent] 🚀 SCALP ETH @ $2704.25 | Profit: +0.05%
[2026-09-27 09:42:00] [INFO] [Agent] ✅ Execution completed in 528ms
[2026-09-27 09:42:00] [ERROR] [Database] Insert into agent_results failed {
  "error": "database \"agents\" does not exist",
  "stack": "error: database \"agents\" does not exist\n    at /Users/aliasgarfatepurwala/agent-system/node_modules/pg-pool/index.js:45:11\n    at processTicksAndRejections (node:internal/process/task_queues:104:5)\n    at Database.insert (/Users/aliasgarfatepurwala/agent-system/src/database.ts:169:22)\n    at ScalpingBot.saveResult (/Users/aliasgarfatepurwala/agent-system/src/base-agent.ts:209:7)\n    at ScalpingBot.run (/Users/aliasgarfatepurwala/agent-system/src/base-agent.ts:117:7)\n    at Orchestrator.runAgent (/Users/aliasgarfatepurwala/agent-system/src/orchestrator.ts:296:22)\n    at Job.job (/Users/aliasgarfatepurwala/agent-system/src/orchestrator.ts:328:9)"
}
[2026-09-27 09:42:00] [ERROR] [Agent] Failed to save result to database {
  "error": "database \"agents\" does not exist",
  "stack": "error: database \"agents\" does not exist\n    at /Users/aliasgarfatepurwala/agent-system/node_modules/pg-pool/index.js:45:11\n    at processTicksAndRejections (node:internal/process/task_queues:104:5)\n    at Database.insert (/Users/aliasgarfatepurwala/agent-system/src/database.ts:169:22)\n    at ScalpingBot.saveResult (/Users/aliasgarfatepurwala/agent-system/src/base-agent.ts:209:7)\n    at ScalpingBot.run (/Users/aliasgarfatepurwala/agent-system/src/base-agent.ts:117:7)\n    at Orchestrator.runAgent (/Users/aliasgarfatepurwala/agent-system/src/orchestrator.ts:296:22)\n    at Job.job (/Users/aliasgarfatepurwala/agent-system/src/orchestrator.ts:328:9)"
}
[2026-09-27 09:42:00] [INFO] [Orchestrator] ✅ scalping-bot completed in 552ms
[2026-09-27 09:42:00] [INFO] [Agent] 💰 ARBITRAGE: Buy BTC @ $84513.67, Sell ADA @ $0.25 | Profit: 33391314.46%
[2026-09-27 09:42:00] [INFO] [Agent] 💰 ARBITRAGE: Buy BTC @ $84513.67, Sell XRP @ $1.52 | Profit: 5563303.99%
[2026-09-27 09:42:00] [INFO] [Agent] 💰 ARBITRAGE: Buy ETH @ $2704.25, Sell ADA @ $0.25 | Profit: 1068351.21%
[2026-09-27 09:42:00] [INFO] [Agent] 💰 ARBITRAGE: Buy ETH @ $2704.25, Sell XRP @ $1.52 | Profit: 177916.59%
[2026-09-27 09:42:00] [INFO] [Agent] 💰 ARBITRAGE: Buy BTC @ $84513.67, Sell SOL @ $121.15 | Profit: 69659.53%
[2026-09-27 09:42:00] [INFO] [Agent] 💰 ARBITRAGE: Buy ADA @ $0.25, Sell SOL @ $121.15 | Profit: 47766.46%
[2026-09-27 09:42:00] [INFO] [Agent] 💰 ARBITRAGE: Buy SOL @ $121.15, Sell XRP @ $1.52 | Profit: 7875.12%
[2026-09-27 09:42:00] [INFO] [Agent] 💰 ARBITRAGE: Buy BTC @ $84513.67, Sell ETH @ $2704.25 | Profit: 3025.22%
[2026-09-27 09:42:00] [INFO] [Agent] 💰 ARBITRAGE: Buy ETH @ $2704.25, Sell SOL @ $121.15 | Profit: 2132.15%
[2026-09-27 09:42:00] [INFO] [Agent] 💰 ARBITRAGE: Buy ADA @ $0.25, Sell XRP @ $1.52 | Profit: 500.20%
[2026-09-27 09:42:00] [INFO] [Agent] ✅ Arbitrage Bot: Scan completed
[2026-09-27 09:42:00] [INFO] [Agent] ✅ Execution completed in 606ms
[2026-09-27 09:42:00] [ERROR] [Database] Insert into agent_results failed {
  "error": "database \"agents\" does not exist",
  "stack": "error: database \"agents\" does not exist\n    at /Users/aliasgarfatepurwala/agent-system/node_modules/pg-pool/index.js:45:11\n    at processTicksAndRejections (node:internal/process/task_queues:104:5)\n    at Database.insert (/Users/aliasgarfatepurwala/agent-system/src/database.ts:169:22)\n    at ArbitrageBot.saveResult (/Users/aliasgarfatepurwala/agent-system/src/base-agent.ts:209:7)\n    at ArbitrageBot.run (/Users/aliasgarfatepurwala/agent-system/src/base-agent.ts:117:7)\n    at Orchestrator.runAgent (/Users/aliasgarfatepurwala/agent-system/src/orchestrator.ts:296:22)\n    at Job.job (/Users/aliasgarfatepurwala/agent-system/src/orchestrator.ts:328:9)"
}
[2026-09-27 09:42:00] [ERROR] [Agent] Failed to save result to database {
  "error": "database \"agents\" does not exist",
  "stack": "error: database \"agents\" does not exist\n    at /Users/aliasgarfatepurwala/agent-system/node_modules/pg-pool/index.js:45:11\n    at processTicksAndRejections (node:internal/process/task_queues:104:5)\n    at Database.insert (/Users/aliasgarfatepurwala/agent-system/src/database.ts:169:22)\n    at ArbitrageBot.saveResult (/Users/aliasgarfatepurwala/agent-system/src/base-agent.ts:209:7)\n    at ArbitrageBot.run (/Users/aliasgarfatepurwala/agent-system/src/base-agent.ts:117:7)\n    at Orchestrator.runAgent (/Users/aliasgarfatepurwala/agent-system/src/orchestrator.ts:296:22)\n    at Job.job (/Users/aliasgarfatepurwala/agent-system/src/orchestrator.ts:328:9)"
}
[2026-09-27 09:42:00] [INFO] [Orchestrator] ✅ arbitrage-bot completed in 614ms
[2026-09-27 09:45:03] [INFO] [Orchestrator] ▶️  Running: scalping-bot
[2026-09-27 09:45:03] [INFO] [Agent] 🚀 Starting execution...
[2026-09-27 09:45:03] [INFO] [Agent] ⚡ Scalping Bot: Executing micro-trades...
[2026-09-27 09:45:05] [INFO] [Orchestrator] ▶️  Running: volume-profile-bot
[2026-09-27 09:45:05] [INFO] [Agent] 🚀 Starting execution...
[2026-09-27 09:45:05] [INFO] [Agent] Scanning 5 pairs for volume profile signals...
[2026-09-27 09:45:05] [INFO] [Orchestrator] ▶️  Running: rsi-bot
[2026-09-27 09:45:05] [INFO] [Agent] 🚀 Starting execution...
[2026-09-27 09:45:05] [INFO] [Agent] Scanning 5 pairs for RSI signals...
[2026-09-27 09:45:06] [INFO] [Orchestrator] ▶️  Running: macd-trader
[2026-09-27 09:45:06] [INFO] [Agent] 🚀 Starting execution...
[2026-09-27 09:45:06] [INFO] [Agent] Scanning 5 pairs for MACD signals...
[2026-09-27 09:45:06] [INFO] [Orchestrator] ▶️  Running: bollinger-bands-bot
[2026-09-27 09:45:06] [INFO] [Agent] 🚀 Starting execution...
[2026-09-27 09:45:06] [INFO] [Agent] Scanning 5 pairs for Bollinger Bands signals...
[2026-09-27 09:45:06] [INFO] [Orchestrator] ▶️  Running: momentum-trader
[2026-09-27 09:45:06] [INFO] [Agent] 🚀 Starting execution...
[2026-09-27 09:45:06] [INFO] [Agent] 🚀 Momentum Trader: Scanning for momentum signals...
[2026-09-27 09:45:06] [INFO] [Orchestrator] ▶️  Running: pump-dump-detector
[2026-09-27 09:45:06] [INFO] [Agent] 🚀 Starting execution...
[2026-09-27 09:45:06] [INFO] [Agent] Scanning 4 coins for pump/dump patterns...
[2026-09-27 09:45:06] [WARN] [Agent] 📊 POC-RESISTANCE: BTCUSDT approaching resistance at POC $84133.23
[2026-09-27 09:45:06] [INFO] [Agent] ✅ Execution completed in 3351ms
[2026-09-27 09:45:06] [INFO] [Orchestrator] ▶️  Running: bitcoin-price-monitor
[2026-09-27 09:45:06] [INFO] [Agent] 🚀 Starting execution...
[2026-09-27 09:45:06] [INFO] [Agent] Fetching Bitcoin price...
[2026-09-27 09:45:07] [INFO] [Agent] ✅ RSI analysis complete: Found 0 signals
[2026-09-27 09:45:07] [INFO] [Agent] ✅ Execution completed in 1442ms
[2026-09-27 09:45:07] [INFO] [Orchestrator] ▶️  Running: portfolio-tracker
[2026-09-27 09:45:07] [INFO] [Agent] 🚀 Starting execution...
[2026-09-27 09:45:07] [INFO] [Agent] Tracking portfolio with 3 holdings...
[2026-09-27 09:45:07] [INFO] [Agent] ✅ Price data collected: [{"symbol":"BTC","price":84548.01,"currency":"USD","timestamp":"2026-09-27T05:45:07.292Z","source":"binance","change24h":-0.01,"priceChangeStatus":"stable"}]
[2026-09-27 09:45:07] [INFO] [Agent] ✅ Execution completed in 345ms
[2026-09-27 09:45:07] [INFO] [Orchestrator] ▶️  Running: technical-analysis
[2026-09-27 09:45:07] [INFO] [Agent] 🚀 Starting execution...
[2026-09-27 09:45:07] [INFO] [Agent] 📈 Technical Analysis: Analyzing price movements...
[2026-09-27 09:45:07] [INFO] [Orchestrator] ▶️  Running: support-resistance-bot
[2026-09-27 09:45:07] [INFO] [Agent] 🚀 Starting execution...
[2026-09-27 09:45:07] [INFO] [Agent] 📊 Support/Resistance Bot: Analyzing technical levels...
[2026-09-27 09:45:07] [INFO] [Orchestrator] ▶️  Running: sentiment-analyzer
[2026-09-27 09:45:07] [INFO] [Agent] 🚀 Starting execution...
[2026-09-27 09:45:07] [INFO] [Agent] Analyzing sentiment for 5 cryptocurrencies...
[2026-09-27 09:45:07] [WARN] [Agent] 📈 BULLISH: BTC: BULLISH sentiment (36% confidence, 2 bullish, 0 bearish)
[2026-09-27 09:45:07] [INFO] [Agent] ✅ MACD analysis complete: Found 0 signals
[2026-09-27 09:45:07] [INFO] [Agent] ✅ Execution completed in 1340ms
[2026-09-27 09:45:07] [INFO] [Agent] ✅ Momentum Trader: Scan completed
[2026-09-27 09:45:07] [INFO] [Agent] ✅ Execution completed in 992ms
[2026-09-27 09:45:07] [INFO] [Agent] 📊 BTC: Price $84548.01 | MA20: 84548.01 | RSI: 50.00 | Signal: NEUTRAL (weak)
[2026-09-27 09:45:07] [INFO] [Agent] 📊 ETH: Price $2705.19 | MA20: 2705.19 | RSI: 50.00 | Signal: NEUTRAL (weak)
[2026-09-27 09:45:07] [INFO] [Agent] 📊 ADA: Price $0.25 | MA20: 0.25 | RSI: 50.00 | Signal: NEUTRAL (weak)
[2026-09-27 09:45:07] [INFO] [Agent] ✅ Technical Analysis: Complete
[2026-09-27 09:45:07] [INFO] [Agent] ✅ Execution completed in 533ms
[2026-09-27 09:45:07] [INFO] [Agent] ✅ Analysis complete: Found 0 signals
[2026-09-27 09:45:07] [INFO] [Agent] ✅ Execution completed in 1522ms
[2026-09-27 09:45:07] [INFO] [Agent] ✅ Scan complete: Found 0 signals
[2026-09-27 09:45:07] [INFO] [Agent] ✅ Execution completed in 1318ms
[2026-09-27 09:45:08] [INFO] [Agent] ✅ Execution completed in 655ms
[2026-09-27 09:45:09] [ERROR] [Database] Insert into agent_results failed {
  "error": "database \"agents\" does not exist",
  "stack": "error: database \"agents\" does not exist\n    at /Users/aliasgarfatepurwala/agent-system/node_modules/pg-pool/index.js:45:11\n    at processTicksAndRejections (node:internal/process/task_queues:104:5)\n    at Database.insert (/Users/aliasgarfatepurwala/agent-system/src/database.ts:169:22)\n    at MomentumTrader.saveResult (/Users/aliasgarfatepurwala/agent-system/src/base-agent.ts:209:7)\n    at MomentumTrader.run (/Users/aliasgarfatepurwala/agent-system/src/base-agent.ts:117:7)\n    at Orchestrator.runAgent (/Users/aliasgarfatepurwala/agent-system/src/orchestrator.ts:296:22)\n    at Job.job (/Users/aliasgarfatepurwala/agent-system/src/orchestrator.ts:328:9)"
}
[2026-09-27 09:45:10] [ERROR] [Agent] Failed to save result to database {
  "error": "database \"agents\" does not exist",
  "stack": "error: database \"agents\" does not exist\n    at /Users/aliasgarfatepurwala/agent-system/node_modules/pg-pool/index.js:45:11\n    at processTicksAndRejections (node:internal/process/task_queues:104:5)\n    at Database.insert (/Users/aliasgarfatepurwala/agent-system/src/database.ts:169:22)\n    at MomentumTrader.saveResult (/Users/aliasgarfatepurwala/agent-system/src/base-agent.ts:209:7)\n    at MomentumTrader.run (/Users/aliasgarfatepurwala/agent-system/src/base-agent.ts:117:7)\n    at Orchestrator.runAgent (/Users/aliasgarfatepurwala/agent-system/src/orchestrator.ts:296:22)\n    at Job.job (/Users/aliasgarfatepurwala/agent-system/src/orchestrator.ts:328:9)"
}
[2026-09-27 09:45:10] [INFO] [Orchestrator] ✅ momentum-trader completed in 3599ms
[2026-09-27 09:45:10] [ERROR] [Database] Insert into agent_results failed {
  "error": "database \"agents\" does not exist",
  "stack": "error: database \"agents\" does not exist\n    at /Users/aliasgarfatepurwala/agent-system/node_modules/pg-pool/index.js:45:11\n    at processTicksAndRejections (node:internal/process/task_queues:104:5)\n    at Database.insert (/Users/aliasgarfatepurwala/agent-system/src/database.ts:169:22)\n    at PumpDumpDetector.saveResult (/Users/aliasgarfatepurwala/agent-system/src/base-agent.ts:209:7)\n    at PumpDumpDetector.run (/Users/aliasgarfatepurwala/agent-system/src/base-agent.ts:117:7)\n    at Orchestrator.runAgent (/Users/aliasgarfatepurwala/agent-system/src/orchestrator.ts:296:22)\n    at Job.job (/Users/aliasgarfatepurwala/agent-system/src/orchestrator.ts:328:9)"
}
[2026-09-27 09:45:10] [ERROR] [Agent] Failed to save result to database {
  "error": "database \"agents\" does not exist",
  "stack": "error: database \"agents\" does not exist\n    at /Users/aliasgarfatepurwala/agent-system/node_modules/pg-pool/index.js:45:11\n    at processTicksAndRejections (node:internal/process/task_queues:104:5)\n    at Database.insert (/Users/aliasgarfatepurwala/agent-system/src/database.ts:169:22)\n    at PumpDumpDetector.saveResult (/Users/aliasgarfatepurwala/agent-system/src/base-agent.ts:209:7)\n    at PumpDumpDetector.run (/Users/aliasgarfatepurwala/agent-system/src/base-agent.ts:117:7)\n    at Orchestrator.runAgent (/Users/aliasgarfatepurwala/agent-system/src/orchestrator.ts:296:22)\n    at Job.job (/Users/aliasgarfatepurwala/agent-system/src/orchestrator.ts:328:9)"
}
[2026-09-27 09:45:10] [INFO] [Orchestrator] ✅ pump-dump-detector completed in 3514ms
[2026-09-27 09:45:10] [ERROR] [Database] Insert into agent_results failed {
  "error": "database \"agents\" does not exist",
  "stack": "error: database \"agents\" does not exist\n    at /Users/aliasgarfatepurwala/agent-system/node_modules/pg-pool/index.js:45:11\n    at processTicksAndRejections (node:internal/process/task_queues:104:5)\n    at Database.insert (/Users/aliasgarfatepurwala/agent-system/src/database.ts:169:22)\n    at SupportResistanceBot.saveResult (/Users/aliasgarfatepurwala/agent-system/src/base-agent.ts:209:7)\n    at SupportResistanceBot.run (/Users/aliasgarfatepurwala/agent-system/src/base-agent.ts:117:7)\n    at Orchestrator.runAgent (/Users/aliasgarfatepurwala/agent-system/src/orchestrator.ts:296:22)\n    at Job.job (/Users/aliasgarfatepurwala/agent-system/src/orchestrator.ts:328:9)"
}
[2026-09-27 09:45:10] [ERROR] [Agent] Failed to save result to database {
  "error": "database \"agents\" does not exist",
  "stack": "error: database \"agents\" does not exist\n    at /Users/aliasgarfatepurwala/agent-system/node_modules/pg-pool/index.js:45:11\n    at processTicksAndRejections (node:internal/process/task_queues:104:5)\n    at Database.insert (/Users/aliasgarfatepurwala/agent-system/src/database.ts:169:22)\n    at SupportResistanceBot.saveResult (/Users/aliasgarfatepurwala/agent-system/src/base-agent.ts:209:7)\n    at SupportResistanceBot.run (/Users/aliasgarfatepurwala/agent-system/src/base-agent.ts:117:7)\n    at Orchestrator.runAgent (/Users/aliasgarfatepurwala/agent-system/src/orchestrator.ts:296:22)\n    at Job.job (/Users/aliasgarfatepurwala/agent-system/src/orchestrator.ts:328:9)"
}
[2026-09-27 09:45:10] [INFO] [Orchestrator] ✅ support-resistance-bot completed in 2814ms
[2026-09-27 09:45:10] [ERROR] [Database] Insert into agent_results failed {
  "error": "database \"agents\" does not exist",
  "stack": "error: database \"agents\" does not exist\n    at /Users/aliasgarfatepurwala/agent-system/node_modules/pg-pool/index.js:45:11\n    at processTicksAndRejections (node:internal/process/task_queues:104:5)\n    at Database.insert (/Users/aliasgarfatepurwala/agent-system/src/database.ts:169:22)\n    at TechnicalAnalysis.saveResult (/Users/aliasgarfatepurwala/agent-system/src/base-agent.ts:209:7)\n    at TechnicalAnalysis.run (/Users/aliasgarfatepurwala/agent-system/src/base-agent.ts:117:7)\n    at Orchestrator.runAgent (/Users/aliasgarfatepurwala/agent-system/src/orchestrator.ts:296:22)\n    at Job.job (/Users/aliasgarfatepurwala/agent-system/src/orchestrator.ts:328:9)"
}
[2026-09-27 09:45:10] [ERROR] [Agent] Failed to save result to database {
  "error": "database \"agents\" does not exist",
  "stack": "error: database \"agents\" does not exist\n    at /Users/aliasgarfatepurwala/agent-system/node_modules/pg-pool/index.js:45:11\n    at processTicksAndRejections (node:internal/process/task_queues:104:5)\n    at Database.insert (/Users/aliasgarfatepurwala/agent-system/src/database.ts:169:22)\n    at TechnicalAnalysis.saveResult (/Users/aliasgarfatepurwala/agent-system/src/base-agent.ts:209:7)\n    at TechnicalAnalysis.run (/Users/aliasgarfatepurwala/agent-system/src/base-agent.ts:117:7)\n    at Orchestrator.runAgent (/Users/aliasgarfatepurwala/agent-system/src/orchestrator.ts:296:22)\n    at Job.job (/Users/aliasgarfatepurwala/agent-system/src/orchestrator.ts:328:9)"
}
[2026-09-27 09:45:10] [INFO] [Orchestrator] ✅ technical-analysis completed in 2853ms
[2026-09-27 09:45:10] [ERROR] [Database] Insert into agent_results failed {
  "error": "database \"agents\" does not exist",
  "stack": "error: database \"agents\" does not exist\n    at /Users/aliasgarfatepurwala/agent-system/node_modules/pg-pool/index.js:45:11\n    at processTicksAndRejections (node:internal/process/task_queues:104:5)\n    at Database.insert (/Users/aliasgarfatepurwala/agent-system/src/database.ts:169:22)\n    at BollingerBandsBot.saveResult (/Users/aliasgarfatepurwala/agent-system/src/base-agent.ts:209:7)\n    at BollingerBandsBot.run (/Users/aliasgarfatepurwala/agent-system/src/base-agent.ts:117:7)\n    at Orchestrator.runAgent (/Users/aliasgarfatepurwala/agent-system/src/orchestrator.ts:296:22)\n    at Job.job (/Users/aliasgarfatepurwala/agent-system/src/orchestrator.ts:328:9)"
}
[2026-09-27 09:45:10] [ERROR] [Agent] Failed to save result to database {
  "error": "database \"agents\" does not exist",
  "stack": "error: database \"agents\" does not exist\n    at /Users/aliasgarfatepurwala/agent-system/node_modules/pg-pool/index.js:45:11\n    at processTicksAndRejections (node:internal/process/task_queues:104:5)\n    at Database.insert (/Users/aliasgarfatepurwala/agent-system/src/database.ts:169:22)\n    at BollingerBandsBot.saveResult (/Users/aliasgarfatepurwala/agent-system/src/base-agent.ts:209:7)\n    at BollingerBandsBot.run (/Users/aliasgarfatepurwala/agent-system/src/base-agent.ts:117:7)\n    at Orchestrator.runAgent (/Users/aliasgarfatepurwala/agent-system/src/orchestrator.ts:296:22)\n    at Job.job (/Users/aliasgarfatepurwala/agent-system/src/orchestrator.ts:328:9)"
}
[2026-09-27 09:45:10] [INFO] [Orchestrator] ✅ bollinger-bands-bot completed in 3764ms
[2026-09-27 09:45:10] [ERROR] [Database] Insert into events failed {
  "error": "Connection terminated due to connection timeout",
  "stack": "Error: Connection terminated due to connection timeout\n    at /Users/aliasgarfatepurwala/agent-system/node_modules/pg-pool/index.js:45:11\n    at processTicksAndRejections (node:internal/process/task_queues:104:5)\n    at Database.insert (/Users/aliasgarfatepurwala/agent-system/src/database.ts:169:22)\n    at Database.publishEvent (/Users/aliasgarfatepurwala/agent-system/src/database.ts:198:7)\n    at PortfolioTracker.publishEvent (/Users/aliasgarfatepurwala/agent-system/src/base-agent.ts:181:7)\n    at PortfolioTracker.publishPortfolioUpdate (/Users/aliasgarfatepurwala/agent-system/src/agents/portfolio-tracker.ts:214:5)\n    at PortfolioTracker.execute (/Users/aliasgarfatepurwala/agent-system/src/agents/portfolio-tracker.ts:79:7)\n    at PortfolioTracker.run (/Users/aliasgarfatepurwala/agent-system/src/base-agent.ts:98:20)\n    at Orchestrator.runAgent (/Users/aliasgarfatepurwala/agent-system/src/orchestrator.ts:296:22)\n    at Job.job (/Users/aliasgarfatepurwala/agent-system/src/orchestrator.ts:328:9)"
}
[2026-09-27 09:45:10] [ERROR] [Database] Publish event failed {
  "error": "Connection terminated due to connection timeout",
  "stack": "Error: Connection terminated due to connection timeout\n    at /Users/aliasgarfatepurwala/agent-system/node_modules/pg-pool/index.js:45:11\n    at processTicksAndRejections (node:internal/process/task_queues:104:5)\n    at Database.insert (/Users/aliasgarfatepurwala/agent-system/src/database.ts:169:22)\n    at Database.publishEvent (/Users/aliasgarfatepurwala/agent-system/src/database.ts:198:7)\n    at PortfolioTracker.publishEvent (/Users/aliasgarfatepurwala/agent-system/src/base-agent.ts:181:7)\n    at PortfolioTracker.publishPortfolioUpdate (/Users/aliasgarfatepurwala/agent-system/src/agents/portfolio-tracker.ts:214:5)\n    at PortfolioTracker.execute (/Users/aliasgarfatepurwala/agent-system/src/agents/portfolio-tracker.ts:79:7)\n    at PortfolioTracker.run (/Users/aliasgarfatepurwala/agent-system/src/base-agent.ts:98:20)\n    at Orchestrator.runAgent (/Users/aliasgarfatepurwala/agent-system/src/orchestrator.ts:296:22)\n    at Job.job (/Users/aliasgarfatepurwala/agent-system/src/orchestrator.ts:328:9)"
}
[2026-09-27 09:45:10] [ERROR] [Database] Insert into agent_results failed {
  "error": "Connection terminated due to connection timeout",
  "stack": "Error: Connection terminated due to connection timeout\n    at /Users/aliasgarfatepurwala/agent-system/node_modules/pg-pool/index.js:45:11\n    at processTicksAndRejections (node:internal/process/task_queues:104:5)\n    at Database.insert (/Users/aliasgarfatepurwala/agent-system/src/database.ts:169:22)\n    at MACDTrader.saveResult (/Users/aliasgarfatepurwala/agent-system/src/base-agent.ts:209:7)\n    at MACDTrader.run (/Users/aliasgarfatepurwala/agent-system/src/base-agent.ts:117:7)\n    at Orchestrator.runAgent (/Users/aliasgarfatepurwala/agent-system/src/orchestrator.ts:296:22)\n    at Job.job (/Users/aliasgarfatepurwala/agent-system/src/orchestrator.ts:328:9)"
}
[2026-09-27 09:45:10] [ERROR] [Agent] Failed to save result to database {
  "error": "Connection terminated due to connection timeout",
  "stack": "Error: Connection terminated due to connection timeout\n    at /Users/aliasgarfatepurwala/agent-system/node_modules/pg-pool/index.js:45:11\n    at processTicksAndRejections (node:internal/process/task_queues:104:5)\n    at Database.insert (/Users/aliasgarfatepurwala/agent-system/src/database.ts:169:22)\n    at MACDTrader.saveResult (/Users/aliasgarfatepurwala/agent-system/src/base-agent.ts:209:7)\n    at MACDTrader.run (/Users/aliasgarfatepurwala/agent-system/src/base-agent.ts:117:7)\n    at Orchestrator.runAgent (/Users/aliasgarfatepurwala/agent-system/src/orchestrator.ts:296:22)\n    at Job.job (/Users/aliasgarfatepurwala/agent-system/src/orchestrator.ts:328:9)"
}
[2026-09-27 09:45:10] [INFO] [Orchestrator] ✅ macd-trader completed in 4257ms
[2026-09-27 09:45:10] [ERROR] [Database] Insert into events failed {
  "error": "Connection terminated due to connection timeout",
  "stack": "Error: Connection terminated due to connection timeout\n    at /Users/aliasgarfatepurwala/agent-system/node_modules/pg-pool/index.js:45:11\n    at processTicksAndRejections (node:internal/process/task_queues:104:5)\n    at Database.insert (/Users/aliasgarfatepurwala/agent-system/src/database.ts:169:22)\n    at Database.publishEvent (/Users/aliasgarfatepurwala/agent-system/src/database.ts:198:7)\n    at SentimentAnalyzer.publishEvent (/Users/aliasgarfatepurwala/agent-system/src/base-agent.ts:181:7)\n    at SentimentAnalyzer.execute (/Users/aliasgarfatepurwala/agent-system/src/agents/sentiment-analyzer.ts:73:11)\n    at SentimentAnalyzer.run (/Users/aliasgarfatepurwala/agent-system/src/base-agent.ts:98:20)\n    at Orchestrator.runAgent (/Users/aliasgarfatepurwala/agent-system/src/orchestrator.ts:296:22)\n    at Job.job (/Users/aliasgarfatepurwala/agent-system/src/orchestrator.ts:328:9)"
}
[2026-09-27 09:45:10] [ERROR] [Database] Publish event failed {
  "error": "Connection terminated due to connection timeout",
  "stack": "Error: Connection terminated due to connection timeout\n    at /Users/aliasgarfatepurwala/agent-system/node_modules/pg-pool/index.js:45:11\n    at processTicksAndRejections (node:internal/process/task_queues:104:5)\n    at Database.insert (/Users/aliasgarfatepurwala/agent-system/src/database.ts:169:22)\n    at Database.publishEvent (/Users/aliasgarfatepurwala/agent-system/src/database.ts:198:7)\n    at SentimentAnalyzer.publishEvent (/Users/aliasgarfatepurwala/agent-system/src/base-agent.ts:181:7)\n    at SentimentAnalyzer.execute (/Users/aliasgarfatepurwala/agent-system/src/agents/sentiment-analyzer.ts:73:11)\n    at SentimentAnalyzer.run (/Users/aliasgarfatepurwala/agent-system/src/base-agent.ts:98:20)\n    at Orchestrator.runAgent (/Users/aliasgarfatepurwala/agent-system/src/orchestrator.ts:296:22)\n    at Job.job (/Users/aliasgarfatepurwala/agent-system/src/orchestrator.ts:328:9)"
}
[2026-09-27 09:45:10] [INFO] [Agent] ✅ Sentiment analysis complete: Analyzed 1 symbols
[2026-09-27 09:45:10] [INFO] [Agent] ✅ Execution completed in 2937ms
[2026-09-27 09:45:10] [ERROR] [Database] Insert into agent_results failed {
  "error": "Connection terminated due to connection timeout",
  "stack": "Error: Connection terminated due to connection timeout\n    at /Users/aliasgarfatepurwala/agent-system/node_modules/pg-pool/index.js:45:11\n    at processTicksAndRejections (node:internal/process/task_queues:104:5)\n    at Database.insert (/Users/aliasgarfatepurwala/agent-system/src/database.ts:169:22)\n    at BitcoinPriceMonitor.saveResult (/Users/aliasgarfatepurwala/agent-system/src/base-agent.ts:209:7)\n    at BitcoinPriceMonitor.run (/Users/aliasgarfatepurwala/agent-system/src/base-agent.ts:117:7)\n    at Orchestrator.runAgent (/Users/aliasgarfatepurwala/agent-system/src/orchestrator.ts:296:22)\n    at Job.job (/Users/aliasgarfatepurwala/agent-system/src/orchestrator.ts:328:9)"
}
[2026-09-27 09:45:10] [ERROR] [Agent] Failed to save result to database {
  "error": "Connection terminated due to connection timeout",
  "stack": "Error: Connection terminated due to connection timeout\n    at /Users/aliasgarfatepurwala/agent-system/node_modules/pg-pool/index.js:45:11\n    at processTicksAndRejections (node:internal/process/task_queues:104:5)\n    at Database.insert (/Users/aliasgarfatepurwala/agent-system/src/database.ts:169:22)\n    at BitcoinPriceMonitor.saveResult (/Users/aliasgarfatepurwala/agent-system/src/base-agent.ts:209:7)\n    at BitcoinPriceMonitor.run (/Users/aliasgarfatepurwala/agent-system/src/base-agent.ts:117:7)\n    at Orchestrator.runAgent (/Users/aliasgarfatepurwala/agent-system/src/orchestrator.ts:296:22)\n    at Job.job (/Users/aliasgarfatepurwala/agent-system/src/orchestrator.ts:328:9)"
}
[2026-09-27 09:45:10] [INFO] [Orchestrator] ✅ bitcoin-price-monitor completed in 3452ms
[2026-09-27 09:45:10] [ERROR] [Database] Insert into agent_results failed {
  "error": "Connection terminated due to connection timeout",
  "stack": "Error: Connection terminated due to connection timeout\n    at /Users/aliasgarfatepurwala/agent-system/node_modules/pg-pool/index.js:45:11\n    at processTicksAndRejections (node:internal/process/task_queues:104:5)\n    at Database.insert (/Users/aliasgarfatepurwala/agent-system/src/database.ts:169:22)\n    at RSIBot.saveResult (/Users/aliasgarfatepurwala/agent-system/src/base-agent.ts:209:7)\n    at RSIBot.run (/Users/aliasgarfatepurwala/agent-system/src/base-agent.ts:117:7)\n    at Orchestrator.runAgent (/Users/aliasgarfatepurwala/agent-system/src/orchestrator.ts:296:22)\n    at Job.job (/Users/aliasgarfatepurwala/agent-system/src/orchestrator.ts:328:9)"
}
[2026-09-27 09:45:10] [ERROR] [Agent] Failed to save result to database {
  "error": "Connection terminated due to connection timeout",
  "stack": "Error: Connection terminated due to connection timeout\n    at /Users/aliasgarfatepurwala/agent-system/node_modules/pg-pool/index.js:45:11\n    at processTicksAndRejections (node:internal/process/task_queues:104:5)\n    at Database.insert (/Users/aliasgarfatepurwala/agent-system/src/database.ts:169:22)\n    at RSIBot.saveResult (/Users/aliasgarfatepurwala/agent-system/src/base-agent.ts:209:7)\n    at RSIBot.run (/Users/aliasgarfatepurwala/agent-system/src/base-agent.ts:117:7)\n    at Orchestrator.runAgent (/Users/aliasgarfatepurwala/agent-system/src/orchestrator.ts:296:22)\n    at Job.job (/Users/aliasgarfatepurwala/agent-system/src/orchestrator.ts:328:9)"
}
[2026-09-27 09:45:10] [INFO] [Orchestrator] ✅ rsi-bot completed in 4651ms
[2026-09-27 09:45:10] [ERROR] [Database] Insert into agent_results failed {
  "error": "Connection terminated due to connection timeout",
  "stack": "Error: Connection terminated due to connection timeout\n    at /Users/aliasgarfatepurwala/agent-system/node_modules/pg-pool/index.js:45:11\n    at processTicksAndRejections (node:internal/process/task_queues:104:5)\n    at Database.insert (/Users/aliasgarfatepurwala/agent-system/src/database.ts:169:22)\n    at ScalpingBot.saveResult (/Users/aliasgarfatepurwala/agent-system/src/base-agent.ts:209:7)\n    at ScalpingBot.run (/Users/aliasgarfatepurwala/agent-system/src/base-agent.ts:117:7)\n    at Orchestrator.runAgent (/Users/aliasgarfatepurwala/agent-system/src/orchestrator.ts:296:22)\n    at Job.job (/Users/aliasgarfatepurwala/agent-system/src/orchestrator.ts:328:9)"
}
[2026-09-27 09:45:10] [ERROR] [Agent] Failed to save result to database {
  "error": "Connection terminated due to connection timeout",
  "stack": "Error: Connection terminated due to connection timeout\n    at /Users/aliasgarfatepurwala/agent-system/node_modules/pg-pool/index.js:45:11\n    at processTicksAndRejections (node:internal/process/task_queues:104:5)\n    at Database.insert (/Users/aliasgarfatepurwala/agent-system/src/database.ts:169:22)\n    at ScalpingBot.saveResult (/Users/aliasgarfatepurwala/agent-system/src/base-agent.ts:209:7)\n    at ScalpingBot.run (/Users/aliasgarfatepurwala/agent-system/src/base-agent.ts:117:7)\n    at Orchestrator.runAgent (/Users/aliasgarfatepurwala/agent-system/src/orchestrator.ts:296:22)\n    at Job.job (/Users/aliasgarfatepurwala/agent-system/src/orchestrator.ts:328:9)"
}
[2026-09-27 09:45:10] [INFO] [Orchestrator] ✅ scalping-bot completed in 6911ms
[2026-09-27 09:45:10] [ERROR] [Database] Insert into events failed {
  "error": "Connection terminated due to connection timeout",
  "stack": "Error: Connection terminated due to connection timeout\n    at /Users/aliasgarfatepurwala/agent-system/node_modules/pg-pool/index.js:45:11\n    at processTicksAndRejections (node:internal/process/task_queues:104:5)\n    at Database.insert (/Users/aliasgarfatepurwala/agent-system/src/database.ts:169:22)\n    at Database.publishEvent (/Users/aliasgarfatepurwala/agent-system/src/database.ts:198:7)\n    at VolumeProfileBot.publishEvent (/Users/aliasgarfatepurwala/agent-system/src/base-agent.ts:181:7)\n    at VolumeProfileBot.execute (/Users/aliasgarfatepurwala/agent-system/src/agents/volume-profile-bot.ts:51:11)\n    at VolumeProfileBot.run (/Users/aliasgarfatepurwala/agent-system/src/base-agent.ts:98:20)\n    at Orchestrator.runAgent (/Users/aliasgarfatepurwala/agent-system/src/orchestrator.ts:296:22)\n    at Job.job (/Users/aliasgarfatepurwala/agent-system/src/orchestrator.ts:328:9)"
}
[2026-09-27 09:45:10] [ERROR] [Database] Publish event failed {
  "error": "Connection terminated due to connection timeout",
  "stack": "Error: Connection terminated due to connection timeout\n    at /Users/aliasgarfatepurwala/agent-system/node_modules/pg-pool/index.js:45:11\n    at processTicksAndRejections (node:internal/process/task_queues:104:5)\n    at Database.insert (/Users/aliasgarfatepurwala/agent-system/src/database.ts:169:22)\n    at Database.publishEvent (/Users/aliasgarfatepurwala/agent-system/src/database.ts:198:7)\n    at VolumeProfileBot.publishEvent (/Users/aliasgarfatepurwala/agent-system/src/base-agent.ts:181:7)\n    at VolumeProfileBot.execute (/Users/aliasgarfatepurwala/agent-system/src/agents/volume-profile-bot.ts:51:11)\n    at VolumeProfileBot.run (/Users/aliasgarfatepurwala/agent-system/src/base-agent.ts:98:20)\n    at Orchestrator.runAgent (/Users/aliasgarfatepurwala/agent-system/src/orchestrator.ts:296:22)\n    at Job.job (/Users/aliasgarfatepurwala/agent-system/src/orchestrator.ts:328:9)"
}
[2026-09-27 09:45:10] [WARN] [Agent] 📊 POC-RESISTANCE: ETHUSDT approaching resistance at POC $2693.42
[2026-09-27 09:45:11] [ERROR] [Database] Insert into events failed {
  "error": "database \"agents\" does not exist",
  "stack": "error: database \"agents\" does not exist\n    at /Users/aliasgarfatepurwala/agent-system/node_modules/pg-pool/index.js:45:11\n    at processTicksAndRejections (node:internal/process/task_queues:104:5)\n    at Database.insert (/Users/aliasgarfatepurwala/agent-system/src/database.ts:169:22)\n    at Database.publishEvent (/Users/aliasgarfatepurwala/agent-system/src/database.ts:198:7)\n    at VolumeProfileBot.publishEvent (/Users/aliasgarfatepurwala/agent-system/src/base-agent.ts:181:7)\n    at VolumeProfileBot.execute (/Users/aliasgarfatepurwala/agent-system/src/agents/volume-profile-bot.ts:51:11)\n    at VolumeProfileBot.run (/Users/aliasgarfatepurwala/agent-system/src/base-agent.ts:98:20)\n    at Orchestrator.runAgent (/Users/aliasgarfatepurwala/agent-system/src/orchestrator.ts:296:22)\n    at Job.job (/Users/aliasgarfatepurwala/agent-system/src/orchestrator.ts:328:9)"
}
[2026-09-27 09:45:11] [ERROR] [Database] Publish event failed {
  "error": "database \"agents\" does not exist",
  "stack": "error: database \"agents\" does not exist\n    at /Users/aliasgarfatepurwala/agent-system/node_modules/pg-pool/index.js:45:11\n    at processTicksAndRejections (node:internal/process/task_queues:104:5)\n    at Database.insert (/Users/aliasgarfatepurwala/agent-system/src/database.ts:169:22)\n    at Database.publishEvent (/Users/aliasgarfatepurwala/agent-system/src/database.ts:198:7)\n    at VolumeProfileBot.publishEvent (/Users/aliasgarfatepurwala/agent-system/src/base-agent.ts:181:7)\n    at VolumeProfileBot.execute (/Users/aliasgarfatepurwala/agent-system/src/agents/volume-profile-bot.ts:51:11)\n    at VolumeProfileBot.run (/Users/aliasgarfatepurwala/agent-system/src/base-agent.ts:98:20)\n    at Orchestrator.runAgent (/Users/aliasgarfatepurwala/agent-system/src/orchestrator.ts:296:22)\n    at Job.job (/Users/aliasgarfatepurwala/agent-system/src/orchestrator.ts:328:9)"
}
[2026-09-27 09:45:11] [WARN] [Agent] 📊 VOLUME-SPIKE: ADAUSDT volume spike (1.5x) at $0.25
[2026-09-27 09:45:11] [ERROR] [Database] Insert into agent_results failed {
  "error": "database \"agents\" does not exist",
  "stack": "error: database \"agents\" does not exist\n    at /Users/aliasgarfatepurwala/agent-system/node_modules/pg-pool/index.js:45:11\n    at processTicksAndRejections (node:internal/process/task_queues:104:5)\n    at Database.insert (/Users/aliasgarfatepurwala/agent-system/src/database.ts:169:22)\n    at SentimentAnalyzer.saveResult (/Users/aliasgarfatepurwala/agent-system/src/base-agent.ts:209:7)\n    at SentimentAnalyzer.run (/Users/aliasgarfatepurwala/agent-system/src/base-agent.ts:117:7)\n    at Orchestrator.runAgent (/Users/aliasgarfatepurwala/agent-system/src/orchestrator.ts:296:22)\n    at Job.job (/Users/aliasgarfatepurwala/agent-system/src/orchestrator.ts:328:9)"
}
[2026-09-27 09:45:11] [ERROR] [Agent] Failed to save result to database {
  "error": "database \"agents\" does not exist",
  "stack": "error: database \"agents\" does not exist\n    at /Users/aliasgarfatepurwala/agent-system/node_modules/pg-pool/index.js:45:11\n    at processTicksAndRejections (node:internal/process/task_queues:104:5)\n    at Database.insert (/Users/aliasgarfatepurwala/agent-system/src/database.ts:169:22)\n    at SentimentAnalyzer.saveResult (/Users/aliasgarfatepurwala/agent-system/src/base-agent.ts:209:7)\n    at SentimentAnalyzer.run (/Users/aliasgarfatepurwala/agent-system/src/base-agent.ts:117:7)\n    at Orchestrator.runAgent (/Users/aliasgarfatepurwala/agent-system/src/orchestrator.ts:296:22)\n    at Job.job (/Users/aliasgarfatepurwala/agent-system/src/orchestrator.ts:328:9)"
}
[2026-09-27 09:45:11] [INFO] [Orchestrator] ✅ sentiment-analyzer completed in 4172ms
[2026-09-27 09:45:11] [ERROR] [Database] Insert into events failed {
  "error": "database \"agents\" does not exist",
  "stack": "error: database \"agents\" does not exist\n    at /Users/aliasgarfatepurwala/agent-system/node_modules/pg-pool/index.js:45:11\n    at processTicksAndRejections (node:internal/process/task_queues:104:5)\n    at Database.insert (/Users/aliasgarfatepurwala/agent-system/src/database.ts:169:22)\n    at Database.publishEvent (/Users/aliasgarfatepurwala/agent-system/src/database.ts:198:7)\n    at PortfolioTracker.publishEvent (/Users/aliasgarfatepurwala/agent-system/src/base-agent.ts:181:7)\n    at PortfolioTracker.execute (/Users/aliasgarfatepurwala/agent-system/src/agents/portfolio-tracker.ts:84:11)\n    at PortfolioTracker.run (/Users/aliasgarfatepurwala/agent-system/src/base-agent.ts:98:20)\n    at Orchestrator.runAgent (/Users/aliasgarfatepurwala/agent-system/src/orchestrator.ts:296:22)\n    at Job.job (/Users/aliasgarfatepurwala/agent-system/src/orchestrator.ts:328:9)"
}
[2026-09-27 09:45:11] [ERROR] [Database] Publish event failed {
  "error": "database \"agents\" does not exist",
  "stack": "error: database \"agents\" does not exist\n    at /Users/aliasgarfatepurwala/agent-system/node_modules/pg-pool/index.js:45:11\n    at processTicksAndRejections (node:internal/process/task_queues:104:5)\n    at Database.insert (/Users/aliasgarfatepurwala/agent-system/src/database.ts:169:22)\n    at Database.publishEvent (/Users/aliasgarfatepurwala/agent-system/src/database.ts:198:7)\n    at PortfolioTracker.publishEvent (/Users/aliasgarfatepurwala/agent-system/src/base-agent.ts:181:7)\n    at PortfolioTracker.execute (/Users/aliasgarfatepurwala/agent-system/src/agents/portfolio-tracker.ts:84:11)\n    at PortfolioTracker.run (/Users/aliasgarfatepurwala/agent-system/src/base-agent.ts:98:20)\n    at Orchestrator.runAgent (/Users/aliasgarfatepurwala/agent-system/src/orchestrator.ts:296:22)\n    at Job.job (/Users/aliasgarfatepurwala/agent-system/src/orchestrator.ts:328:9)"
}
[2026-09-27 09:45:11] [INFO] [Agent] ✅ Portfolio tracked: Total value $55825.27
[2026-09-27 09:45:11] [INFO] [Agent] ✅ Execution completed in 4514ms
[2026-09-27 09:45:12] [ERROR] [Database] Insert into events failed {
  "error": "database \"agents\" does not exist",
  "stack": "error: database \"agents\" does not exist\n    at /Users/aliasgarfatepurwala/agent-system/node_modules/pg-pool/index.js:45:11\n    at processTicksAndRejections (node:internal/process/task_queues:104:5)\n    at Database.insert (/Users/aliasgarfatepurwala/agent-system/src/database.ts:169:22)\n    at Database.publishEvent (/Users/aliasgarfatepurwala/agent-system/src/database.ts:198:7)\n    at VolumeProfileBot.publishEvent (/Users/aliasgarfatepurwala/agent-system/src/base-agent.ts:181:7)\n    at VolumeProfileBot.execute (/Users/aliasgarfatepurwala/agent-system/src/agents/volume-profile-bot.ts:51:11)\n    at VolumeProfileBot.run (/Users/aliasgarfatepurwala/agent-system/src/base-agent.ts:98:20)\n    at Orchestrator.runAgent (/Users/aliasgarfatepurwala/agent-system/src/orchestrator.ts:296:22)\n    at Job.job (/Users/aliasgarfatepurwala/agent-system/src/orchestrator.ts:328:9)"
}
[2026-09-27 09:45:12] [ERROR] [Database] Publish event failed {
  "error": "database \"agents\" does not exist",
  "stack": "error: database \"agents\" does not exist\n    at /Users/aliasgarfatepurwala/agent-system/node_modules/pg-pool/index.js:45:11\n    at processTicksAndRejections (node:internal/process/task_queues:104:5)\n    at Database.insert (/Users/aliasgarfatepurwala/agent-system/src/database.ts:169:22)\n    at Database.publishEvent (/Users/aliasgarfatepurwala/agent-system/src/database.ts:198:7)\n    at VolumeProfileBot.publishEvent (/Users/aliasgarfatepurwala/agent-system/src/base-agent.ts:181:7)\n    at VolumeProfileBot.execute (/Users/aliasgarfatepurwala/agent-system/src/agents/volume-profile-bot.ts:51:11)\n    at VolumeProfileBot.run (/Users/aliasgarfatepurwala/agent-system/src/base-agent.ts:98:20)\n    at Orchestrator.runAgent (/Users/aliasgarfatepurwala/agent-system/src/orchestrator.ts:296:22)\n    at Job.job (/Users/aliasgarfatepurwala/agent-system/src/orchestrator.ts:328:9)"
}
[2026-09-27 09:45:12] [WARN] [Agent] 📊 POC-RESISTANCE: SOLUSDT approaching resistance at POC $120.52
[2026-09-27 09:45:12] [ERROR] [Database] Insert into agent_results failed {
  "error": "database \"agents\" does not exist",
  "stack": "error: database \"agents\" does not exist\n    at /Users/aliasgarfatepurwala/agent-system/node_modules/pg-pool/index.js:45:11\n    at processTicksAndRejections (node:internal/process/task_queues:104:5)\n    at Database.insert (/Users/aliasgarfatepurwala/agent-system/src/database.ts:169:22)\n    at PortfolioTracker.saveResult (/Users/aliasgarfatepurwala/agent-system/src/base-agent.ts:209:7)\n    at PortfolioTracker.run (/Users/aliasgarfatepurwala/agent-system/src/base-agent.ts:117:7)\n    at Orchestrator.runAgent (/Users/aliasgarfatepurwala/agent-system/src/orchestrator.ts:296:22)\n    at Job.job (/Users/aliasgarfatepurwala/agent-system/src/orchestrator.ts:328:9)"
}
[2026-09-27 09:45:12] [ERROR] [Agent] Failed to save result to database {
  "error": "database \"agents\" does not exist",
  "stack": "error: database \"agents\" does not exist\n    at /Users/aliasgarfatepurwala/agent-system/node_modules/pg-pool/index.js:45:11\n    at processTicksAndRejections (node:internal/process/task_queues:104:5)\n    at Database.insert (/Users/aliasgarfatepurwala/agent-system/src/database.ts:169:22)\n    at PortfolioTracker.saveResult (/Users/aliasgarfatepurwala/agent-system/src/base-agent.ts:209:7)\n    at PortfolioTracker.run (/Users/aliasgarfatepurwala/agent-system/src/base-agent.ts:117:7)\n    at Orchestrator.runAgent (/Users/aliasgarfatepurwala/agent-system/src/orchestrator.ts:296:22)\n    at Job.job (/Users/aliasgarfatepurwala/agent-system/src/orchestrator.ts:328:9)"
}
[2026-09-27 09:45:12] [INFO] [Orchestrator] ✅ portfolio-tracker completed in 5431ms
[2026-09-27 09:45:13] [ERROR] [Database] Insert into events failed {
  "error": "database \"agents\" does not exist",
  "stack": "error: database \"agents\" does not exist\n    at /Users/aliasgarfatepurwala/agent-system/node_modules/pg-pool/index.js:45:11\n    at processTicksAndRejections (node:internal/process/task_queues:104:5)\n    at Database.insert (/Users/aliasgarfatepurwala/agent-system/src/database.ts:169:22)\n    at Database.publishEvent (/Users/aliasgarfatepurwala/agent-system/src/database.ts:198:7)\n    at VolumeProfileBot.publishEvent (/Users/aliasgarfatepurwala/agent-system/src/base-agent.ts:181:7)\n    at VolumeProfileBot.execute (/Users/aliasgarfatepurwala/agent-system/src/agents/volume-profile-bot.ts:51:11)\n    at VolumeProfileBot.run (/Users/aliasgarfatepurwala/agent-system/src/base-agent.ts:98:20)\n    at Orchestrator.runAgent (/Users/aliasgarfatepurwala/agent-system/src/orchestrator.ts:296:22)\n    at Job.job (/Users/aliasgarfatepurwala/agent-system/src/orchestrator.ts:328:9)"
}
[2026-09-27 09:45:13] [ERROR] [Database] Publish event failed {
  "error": "database \"agents\" does not exist",
  "stack": "error: database \"agents\" does not exist\n    at /Users/aliasgarfatepurwala/agent-system/node_modules/pg-pool/index.js:45:11\n    at processTicksAndRejections (node:internal/process/task_queues:104:5)\n    at Database.insert (/Users/aliasgarfatepurwala/agent-system/src/database.ts:169:22)\n    at Database.publishEvent (/Users/aliasgarfatepurwala/agent-system/src/database.ts:198:7)\n    at VolumeProfileBot.publishEvent (/Users/aliasgarfatepurwala/agent-system/src/base-agent.ts:181:7)\n    at VolumeProfileBot.execute (/Users/aliasgarfatepurwala/agent-system/src/agents/volume-profile-bot.ts:51:11)\n    at VolumeProfileBot.run (/Users/aliasgarfatepurwala/agent-system/src/base-agent.ts:98:20)\n    at Orchestrator.runAgent (/Users/aliasgarfatepurwala/agent-system/src/orchestrator.ts:296:22)\n    at Job.job (/Users/aliasgarfatepurwala/agent-system/src/orchestrator.ts:328:9)"
}
[2026-09-27 09:45:13] [WARN] [Agent] 📊 VOLUME-SPIKE: XRPUSDT volume spike (1.6x) at $1.52
[2026-09-27 09:45:15] [ERROR] [Database] Insert into events failed {
  "error": "database \"agents\" does not exist",
  "stack": "error: database \"agents\" does not exist\n    at /Users/aliasgarfatepurwala/agent-system/node_modules/pg-pool/index.js:45:11\n    at processTicksAndRejections (node:internal/process/task_queues:104:5)\n    at Database.insert (/Users/aliasgarfatepurwala/agent-system/src/database.ts:169:22)\n    at Database.publishEvent (/Users/aliasgarfatepurwala/agent-system/src/database.ts:198:7)\n    at VolumeProfileBot.publishEvent (/Users/aliasgarfatepurwala/agent-system/src/base-agent.ts:181:7)\n    at VolumeProfileBot.execute (/Users/aliasgarfatepurwala/agent-system/src/agents/volume-profile-bot.ts:51:11)\n    at VolumeProfileBot.run (/Users/aliasgarfatepurwala/agent-system/src/base-agent.ts:98:20)\n    at Orchestrator.runAgent (/Users/aliasgarfatepurwala/agent-system/src/orchestrator.ts:296:22)\n    at Job.job (/Users/aliasgarfatepurwala/agent-system/src/orchestrator.ts:328:9)"
}
[2026-09-27 09:45:15] [ERROR] [Database] Publish event failed {
  "error": "database \"agents\" does not exist",
  "stack": "error: database \"agents\" does not exist\n    at /Users/aliasgarfatepurwala/agent-system/node_modules/pg-pool/index.js:45:11\n    at processTicksAndRejections (node:internal/process/task_queues:104:5)\n    at Database.insert (/Users/aliasgarfatepurwala/agent-system/src/database.ts:169:22)\n    at Database.publishEvent (/Users/aliasgarfatepurwala/agent-system/src/database.ts:198:7)\n    at VolumeProfileBot.publishEvent (/Users/aliasgarfatepurwala/agent-system/src/base-agent.ts:181:7)\n    at VolumeProfileBot.execute (/Users/aliasgarfatepurwala/agent-system/src/agents/volume-profile-bot.ts:51:11)\n    at VolumeProfileBot.run (/Users/aliasgarfatepurwala/agent-system/src/base-agent.ts:98:20)\n    at Orchestrator.runAgent (/Users/aliasgarfatepurwala/agent-system/src/orchestrator.ts:296:22)\n    at Job.job (/Users/aliasgarfatepurwala/agent-system/src/orchestrator.ts:328:9)"
}
[2026-09-27 09:45:15] [INFO] [Agent] ✅ Volume analysis complete: Found 5 signals
[2026-09-27 09:45:15] [INFO] [Agent] ✅ Execution completed in 10461ms
[2026-09-27 09:45:17] [ERROR] [Database] Insert into agent_results failed {
  "error": "database \"agents\" does not exist",
  "stack": "error: database \"agents\" does not exist\n    at /Users/aliasgarfatepurwala/agent-system/node_modules/pg-pool/index.js:45:11\n    at processTicksAndRejections (node:internal/process/task_queues:104:5)\n    at Database.insert (/Users/aliasgarfatepurwala/agent-system/src/database.ts:169:22)\n    at VolumeProfileBot.saveResult (/Users/aliasgarfatepurwala/agent-system/src/base-agent.ts:209:7)\n    at VolumeProfileBot.run (/Users/aliasgarfatepurwala/agent-system/src/base-agent.ts:117:7)\n    at Orchestrator.runAgent (/Users/aliasgarfatepurwala/agent-system/src/orchestrator.ts:296:22)\n    at Job.job (/Users/aliasgarfatepurwala/agent-system/src/orchestrator.ts:328:9)"
}
[2026-09-27 09:45:17] [ERROR] [Agent] Failed to save result to database {
  "error": "database \"agents\" does not exist",
  "stack": "error: database \"agents\" does not exist\n    at /Users/aliasgarfatepurwala/agent-system/node_modules/pg-pool/index.js:45:11\n    at processTicksAndRejections (node:internal/process/task_queues:104:5)\n    at Database.insert (/Users/aliasgarfatepurwala/agent-system/src/database.ts:169:22)\n    at VolumeProfileBot.saveResult (/Users/aliasgarfatepurwala/agent-system/src/base-agent.ts:209:7)\n    at VolumeProfileBot.run (/Users/aliasgarfatepurwala/agent-system/src/base-agent.ts:117:7)\n    at Orchestrator.runAgent (/Users/aliasgarfatepurwala/agent-system/src/orchestrator.ts:296:22)\n    at Job.job (/Users/aliasgarfatepurwala/agent-system/src/orchestrator.ts:328:9)"
}
[2026-09-27 09:45:18] [INFO] [Orchestrator] ✅ volume-profile-bot completed in 12769ms
[2026-09-27 09:48:03] [INFO] [Orchestrator] ▶️  Running: scalping-bot
[2026-09-27 09:48:03] [INFO] [Agent] 🚀 Starting execution...
[2026-09-27 09:48:03] [INFO] [Agent] ⚡ Scalping Bot: Executing micro-trades...
[2026-09-27 09:48:15] [INFO] [Orchestrator] ▶️  Running: volatility-trader
[2026-09-27 09:48:15] [INFO] [Agent] 🚀 Starting execution...
[2026-09-27 09:48:15] [INFO] [Agent] 📈 Volatility Trader: Analyzing price swings...
[2026-09-27 09:48:21] [INFO] [Orchestrator] ▶️  Running: correlation-trader
[2026-09-27 09:48:21] [INFO] [Agent] 🚀 Starting execution...
[2026-09-27 09:48:21] [INFO] [Agent] 🔗 Correlation Trader: Analyzing asset correlations...
[2026-09-27 09:48:57] [INFO] [Agent] ✅ Execution completed in 53417ms
[2026-09-27 09:49:03] [INFO] [Orchestrator] ▶️  Running: arbitrage-bot
[2026-09-27 09:49:03] [INFO] [Agent] 🚀 Starting execution...
[2026-09-27 09:49:03] [INFO] [Agent] 🔄 Arbitrage Bot: Scanning for price discrepancies...
[2026-09-27 09:49:29] [ERROR] [Database] Insert into agent_results failed {
  "error": "Connection terminated due to connection timeout",
  "stack": "Error: Connection terminated due to connection timeout\n    at /Users/aliasgarfatepurwala/agent-system/node_modules/pg-pool/index.js:45:11\n    at processTicksAndRejections (node:internal/process/task_queues:104:5)\n    at Database.insert (/Users/aliasgarfatepurwala/agent-system/src/database.ts:169:22)\n    at ScalpingBot.saveResult (/Users/aliasgarfatepurwala/agent-system/src/base-agent.ts:209:7)\n    at ScalpingBot.run (/Users/aliasgarfatepurwala/agent-system/src/base-agent.ts:117:7)\n    at Orchestrator.runAgent (/Users/aliasgarfatepurwala/agent-system/src/orchestrator.ts:296:22)\n    at Job.job (/Users/aliasgarfatepurwala/agent-system/src/orchestrator.ts:328:9)"
}
[2026-09-27 09:49:29] [ERROR] [Agent] Failed to save result to database {
  "error": "Connection terminated due to connection timeout",
  "stack": "Error: Connection terminated due to connection timeout\n    at /Users/aliasgarfatepurwala/agent-system/node_modules/pg-pool/index.js:45:11\n    at processTicksAndRejections (node:internal/process/task_queues:104:5)\n    at Database.insert (/Users/aliasgarfatepurwala/agent-system/src/database.ts:169:22)\n    at ScalpingBot.saveResult (/Users/aliasgarfatepurwala/agent-system/src/base-agent.ts:209:7)\n    at ScalpingBot.run (/Users/aliasgarfatepurwala/agent-system/src/base-agent.ts:117:7)\n    at Orchestrator.runAgent (/Users/aliasgarfatepurwala/agent-system/src/orchestrator.ts:296:22)\n    at Job.job (/Users/aliasgarfatepurwala/agent-system/src/orchestrator.ts:328:9)"
}
[2026-09-27 09:49:29] [INFO] [Orchestrator] ✅ scalping-bot completed in 86037ms
[2026-09-27 09:49:33] [INFO] [Agent] 💥 VOLATILITY BTC: Infinity%
[2026-09-27 09:49:36] [INFO] [Agent] ✅ Execution completed in 80472ms
[2026-09-27 09:49:57] [INFO] [Agent] 🔗 HIGH CORRELATION BTC/ETH: 78.2%
[2026-09-27 09:50:01] [INFO] [Agent] 🔗 HIGH CORRELATION BTC/XRP: 96.1%
[2026-09-27 09:50:04] [INFO] [Agent] 🔗 HIGH CORRELATION ETH/ADA: -72.6%
[2026-09-27 09:50:04] [INFO] [Agent] ✅ Execution completed in 103351ms
[2026-09-27 09:50:17] [INFO] [Orchestrator] ▶️  Running: bitcoin-price-monitor
[2026-09-27 09:50:18] [INFO] [Agent] 🚀 Starting execution...
[2026-09-27 09:50:18] [INFO] [Agent] Fetching Bitcoin price...
[2026-09-27 09:50:23] [ERROR] [Database] Insert into agent_results failed {
  "error": "Connection terminated due to connection timeout",
  "stack": "Error: Connection terminated due to connection timeout\n    at /Users/aliasgarfatepurwala/agent-system/node_modules/pg-pool/index.js:45:11\n    at processTicksAndRejections (node:internal/process/task_queues:104:5)\n    at Database.insert (/Users/aliasgarfatepurwala/agent-system/src/database.ts:169:22)\n    at CorrelationTrader.saveResult (/Users/aliasgarfatepurwala/agent-system/src/base-agent.ts:209:7)\n    at CorrelationTrader.run (/Users/aliasgarfatepurwala/agent-system/src/base-agent.ts:117:7)\n    at Orchestrator.runAgent (/Users/aliasgarfatepurwala/agent-system/src/orchestrator.ts:296:22)\n    at Job.job (/Users/aliasgarfatepurwala/agent-system/src/orchestrator.ts:328:9)"
}
[2026-09-27 09:50:23] [ERROR] [Agent] Failed to save result to database {
  "error": "Connection terminated due to connection timeout",
  "stack": "Error: Connection terminated due to connection timeout\n    at /Users/aliasgarfatepurwala/agent-system/node_modules/pg-pool/index.js:45:11\n    at processTicksAndRejections (node:internal/process/task_queues:104:5)\n    at Database.insert (/Users/aliasgarfatepurwala/agent-system/src/database.ts:169:22)\n    at CorrelationTrader.saveResult (/Users/aliasgarfatepurwala/agent-system/src/base-agent.ts:209:7)\n    at CorrelationTrader.run (/Users/aliasgarfatepurwala/agent-system/src/base-agent.ts:117:7)\n    at Orchestrator.runAgent (/Users/aliasgarfatepurwala/agent-system/src/orchestrator.ts:296:22)\n    at Job.job (/Users/aliasgarfatepurwala/agent-system/src/orchestrator.ts:328:9)"
}
[2026-09-27 09:50:23] [INFO] [Orchestrator] ✅ correlation-trader completed in 122230ms
[2026-09-27 09:50:24] [ERROR] [Database] Insert into agent_results failed {
  "error": "Connection terminated due to connection timeout",
  "stack": "Error: Connection terminated due to connection timeout\n    at /Users/aliasgarfatepurwala/agent-system/node_modules/pg-pool/index.js:45:11\n    at processTicksAndRejections (node:internal/process/task_queues:104:5)\n    at Database.insert (/Users/aliasgarfatepurwala/agent-system/src/database.ts:169:22)\n    at VolatilityTrader.saveResult (/Users/aliasgarfatepurwala/agent-system/src/base-agent.ts:209:7)\n    at VolatilityTrader.run (/Users/aliasgarfatepurwala/agent-system/src/base-agent.ts:117:7)\n    at Orchestrator.runAgent (/Users/aliasgarfatepurwala/agent-system/src/orchestrator.ts:296:22)\n    at Job.job (/Users/aliasgarfatepurwala/agent-system/src/orchestrator.ts:328:9)"
}
[2026-09-27 09:50:24] [ERROR] [Agent] Failed to save result to database {
  "error": "Connection terminated due to connection timeout",
  "stack": "Error: Connection terminated due to connection timeout\n    at /Users/aliasgarfatepurwala/agent-system/node_modules/pg-pool/index.js:45:11\n    at processTicksAndRejections (node:internal/process/task_queues:104:5)\n    at Database.insert (/Users/aliasgarfatepurwala/agent-system/src/database.ts:169:22)\n    at VolatilityTrader.saveResult (/Users/aliasgarfatepurwala/agent-system/src/base-agent.ts:209:7)\n    at VolatilityTrader.run (/Users/aliasgarfatepurwala/agent-system/src/base-agent.ts:117:7)\n    at Orchestrator.runAgent (/Users/aliasgarfatepurwala/agent-system/src/orchestrator.ts:296:22)\n    at Job.job (/Users/aliasgarfatepurwala/agent-system/src/orchestrator.ts:328:9)"
}
[2026-09-27 09:50:24] [INFO] [Orchestrator] ✅ volatility-trader completed in 128396ms
[2026-09-27 09:50:27] [INFO] [Orchestrator] ▶️  Running: pump-dump-detector
[2026-09-27 09:50:27] [INFO] [Agent] 🚀 Starting execution...
[2026-09-27 09:50:27] [INFO] [Agent] Scanning 4 coins for pump/dump patterns...
[2026-09-27 09:50:37] [INFO] [Orchestrator] ▶️  Running: momentum-trader
[2026-09-27 09:50:38] [INFO] [Agent] 🚀 Starting execution...
[2026-09-27 09:50:39] [INFO] [Agent] 🚀 Momentum Trader: Scanning for momentum signals...
[2026-09-27 09:51:42] [INFO] [Agent] ✅ Price data collected: []
[2026-09-27 09:51:42] [INFO] [Agent] ✅ Execution completed in 84306ms
[2026-09-27 09:51:52] [INFO] [Agent] ✅ Scan complete: Found 0 signals
[2026-09-27 09:51:53] [INFO] [Agent] ✅ Execution completed in 86012ms
[2026-09-27 09:51:55] [INFO] [Agent] 💰 ARBITRAGE: Buy BTC @ $0.00, Sell XRP @ $1.52 | Profit: Infinity%
[2026-09-27 09:51:55] [INFO] [Agent] 💰 ARBITRAGE: Buy ETH @ $0.00, Sell XRP @ $1.52 | Profit: Infinity%
[2026-09-27 09:51:55] [INFO] [Agent] 💰 ARBITRAGE: Buy ADA @ $0.00, Sell XRP @ $1.52 | Profit: Infinity%
[2026-09-27 09:51:55] [INFO] [Agent] 💰 ARBITRAGE: Buy SOL @ $0.00, Sell XRP @ $1.52 | Profit: Infinity%
[2026-09-27 09:51:55] [INFO] [Agent] ✅ Arbitrage Bot: Scan completed
[2026-09-27 09:51:55] [INFO] [Agent] ✅ Execution completed in 172041ms
[2026-09-27 09:52:35] [INFO] [Agent] ✅ Momentum Trader: Scan completed
[2026-09-27 09:52:36] [INFO] [Agent] ✅ Execution completed in 117612ms
[2026-09-27 09:52:42] [INFO] [Orchestrator] ▶️  Running: bollinger-bands-bot
[2026-09-27 09:52:42] [INFO] [Agent] 🚀 Starting execution...
[2026-09-27 09:52:42] [INFO] [Agent] Scanning 5 pairs for Bollinger Bands signals...
[2026-09-27 09:53:19] [INFO] [Agent] ✅ Analysis complete: Found 0 signals
[2026-09-27 09:53:20] [INFO] [Agent] ✅ Execution completed in 37704ms
[2026-09-27 09:53:22] [ERROR] [Database] Insert into agent_results failed {
  "error": "Connection terminated due to connection timeout",
  "stack": "Error: Connection terminated due to connection timeout\n    at /Users/aliasgarfatepurwala/agent-system/node_modules/pg-pool/index.js:45:11\n    at processTicksAndRejections (node:internal/process/task_queues:104:5)\n    at Database.insert (/Users/aliasgarfatepurwala/agent-system/src/database.ts:169:22)\n    at MomentumTrader.saveResult (/Users/aliasgarfatepurwala/agent-system/src/base-agent.ts:209:7)\n    at MomentumTrader.run (/Users/aliasgarfatepurwala/agent-system/src/base-agent.ts:117:7)\n    at Orchestrator.runAgent (/Users/aliasgarfatepurwala/agent-system/src/orchestrator.ts:296:22)\n    at Job.job (/Users/aliasgarfatepurwala/agent-system/src/orchestrator.ts:328:9)"
}
[2026-09-27 09:53:22] [ERROR] [Agent] Failed to save result to database {
  "error": "Connection terminated due to connection timeout",
  "stack": "Error: Connection terminated due to connection timeout\n    at /Users/aliasgarfatepurwala/agent-system/node_modules/pg-pool/index.js:45:11\n    at processTicksAndRejections (node:internal/process/task_queues:104:5)\n    at Database.insert (/Users/aliasgarfatepurwala/agent-system/src/database.ts:169:22)\n    at MomentumTrader.saveResult (/Users/aliasgarfatepurwala/agent-system/src/base-agent.ts:209:7)\n    at MomentumTrader.run (/Users/aliasgarfatepurwala/agent-system/src/base-agent.ts:117:7)\n    at Orchestrator.runAgent (/Users/aliasgarfatepurwala/agent-system/src/orchestrator.ts:296:22)\n    at Job.job (/Users/aliasgarfatepurwala/agent-system/src/orchestrator.ts:328:9)"
}
[2026-09-27 09:53:22] [INFO] [Orchestrator] ✅ momentum-trader completed in 165203ms
[2026-09-27 09:53:22] [ERROR] [Database] Insert into agent_results failed {
  "error": "Connection terminated due to connection timeout",
  "stack": "Error: Connection terminated due to connection timeout\n    at /Users/aliasgarfatepurwala/agent-system/node_modules/pg-pool/index.js:45:11\n    at processTicksAndRejections (node:internal/process/task_queues:104:5)\n    at Database.insert (/Users/aliasgarfatepurwala/agent-system/src/database.ts:169:22)\n    at ArbitrageBot.saveResult (/Users/aliasgarfatepurwala/agent-system/src/base-agent.ts:209:7)\n    at ArbitrageBot.run (/Users/aliasgarfatepurwala/agent-system/src/base-agent.ts:117:7)\n    at Orchestrator.runAgent (/Users/aliasgarfatepurwala/agent-system/src/orchestrator.ts:296:22)\n    at Job.job (/Users/aliasgarfatepurwala/agent-system/src/orchestrator.ts:328:9)"
}
[2026-09-27 09:53:22] [ERROR] [Agent] Failed to save result to database {
  "error": "Connection terminated due to connection timeout",
  "stack": "Error: Connection terminated due to connection timeout\n    at /Users/aliasgarfatepurwala/agent-system/node_modules/pg-pool/index.js:45:11\n    at processTicksAndRejections (node:internal/process/task_queues:104:5)\n    at Database.insert (/Users/aliasgarfatepurwala/agent-system/src/database.ts:169:22)\n    at ArbitrageBot.saveResult (/Users/aliasgarfatepurwala/agent-system/src/base-agent.ts:209:7)\n    at ArbitrageBot.run (/Users/aliasgarfatepurwala/agent-system/src/base-agent.ts:117:7)\n    at Orchestrator.runAgent (/Users/aliasgarfatepurwala/agent-system/src/orchestrator.ts:296:22)\n    at Job.job (/Users/aliasgarfatepurwala/agent-system/src/orchestrator.ts:328:9)"
}
[2026-09-27 09:53:22] [INFO] [Orchestrator] ✅ arbitrage-bot completed in 259245ms
[2026-09-27 09:53:22] [ERROR] [Database] Insert into agent_results failed {
  "error": "Connection terminated due to connection timeout",
  "stack": "Error: Connection terminated due to connection timeout\n    at /Users/aliasgarfatepurwala/agent-system/node_modules/pg-pool/index.js:45:11\n    at processTicksAndRejections (node:internal/process/task_queues:104:5)\n    at Database.insert (/Users/aliasgarfatepurwala/agent-system/src/database.ts:169:22)\n    at PumpDumpDetector.saveResult (/Users/aliasgarfatepurwala/agent-system/src/base-agent.ts:209:7)\n    at PumpDumpDetector.run (/Users/aliasgarfatepurwala/agent-system/src/base-agent.ts:117:7)\n    at Orchestrator.runAgent (/Users/aliasgarfatepurwala/agent-system/src/orchestrator.ts:296:22)\n    at Job.job (/Users/aliasgarfatepurwala/agent-system/src/orchestrator.ts:328:9)"
}
[2026-09-27 09:53:22] [ERROR] [Agent] Failed to save result to database {
  "error": "Connection terminated due to connection timeout",
  "stack": "Error: Connection terminated due to connection timeout\n    at /Users/aliasgarfatepurwala/agent-system/node_modules/pg-pool/index.js:45:11\n    at processTicksAndRejections (node:internal/process/task_queues:104:5)\n    at Database.insert (/Users/aliasgarfatepurwala/agent-system/src/database.ts:169:22)\n    at PumpDumpDetector.saveResult (/Users/aliasgarfatepurwala/agent-system/src/base-agent.ts:209:7)\n    at PumpDumpDetector.run (/Users/aliasgarfatepurwala/agent-system/src/base-agent.ts:117:7)\n    at Orchestrator.runAgent (/Users/aliasgarfatepurwala/agent-system/src/orchestrator.ts:296:22)\n    at Job.job (/Users/aliasgarfatepurwala/agent-system/src/orchestrator.ts:328:9)"
}
[2026-09-27 09:53:22] [INFO] [Orchestrator] ✅ pump-dump-detector completed in 175509ms
[2026-09-27 09:53:22] [ERROR] [Database] Insert into agent_results failed {
  "error": "Connection terminated due to connection timeout",
  "stack": "Error: Connection terminated due to connection timeout\n    at /Users/aliasgarfatepurwala/agent-system/node_modules/pg-pool/index.js:45:11\n    at processTicksAndRejections (node:internal/process/task_queues:104:5)\n    at Database.insert (/Users/aliasgarfatepurwala/agent-system/src/database.ts:169:22)\n    at BitcoinPriceMonitor.saveResult (/Users/aliasgarfatepurwala/agent-system/src/base-agent.ts:209:7)\n    at BitcoinPriceMonitor.run (/Users/aliasgarfatepurwala/agent-system/src/base-agent.ts:117:7)\n    at Orchestrator.runAgent (/Users/aliasgarfatepurwala/agent-system/src/orchestrator.ts:296:22)\n    at Job.job (/Users/aliasgarfatepurwala/agent-system/src/orchestrator.ts:328:9)"
}
[2026-09-27 09:53:22] [ERROR] [Agent] Failed to save result to database {
  "error": "Connection terminated due to connection timeout",
  "stack": "Error: Connection terminated due to connection timeout\n    at /Users/aliasgarfatepurwala/agent-system/node_modules/pg-pool/index.js:45:11\n    at processTicksAndRejections (node:internal/process/task_queues:104:5)\n    at Database.insert (/Users/aliasgarfatepurwala/agent-system/src/database.ts:169:22)\n    at BitcoinPriceMonitor.saveResult (/Users/aliasgarfatepurwala/agent-system/src/base-agent.ts:209:7)\n    at BitcoinPriceMonitor.run (/Users/aliasgarfatepurwala/agent-system/src/base-agent.ts:117:7)\n    at Orchestrator.runAgent (/Users/aliasgarfatepurwala/agent-system/src/orchestrator.ts:296:22)\n    at Job.job (/Users/aliasgarfatepurwala/agent-system/src/orchestrator.ts:328:9)"
}
[2026-09-27 09:53:22] [INFO] [Orchestrator] ✅ bitcoin-price-monitor completed in 184418ms
[2026-09-27 09:53:23] [INFO] [Orchestrator] ▶️  Running: macd-trader
[2026-09-27 09:53:23] [INFO] [Agent] 🚀 Starting execution...
[2026-09-27 09:53:23] [INFO] [Agent] Scanning 5 pairs for MACD signals...
[2026-09-27 09:53:31] [INFO] [Agent] ✅ MACD analysis complete: Found 0 signals
[2026-09-27 09:53:31] [INFO] [Agent] ✅ Execution completed in 7893ms
[2026-09-27 09:53:32] [ERROR] [Database] Insert into agent_results failed {
  "error": "Connection terminated due to connection timeout",
  "stack": "Error: Connection terminated due to connection timeout\n    at /Users/aliasgarfatepurwala/agent-system/node_modules/pg-pool/index.js:45:11\n    at processTicksAndRejections (node:internal/process/task_queues:104:5)\n    at Database.insert (/Users/aliasgarfatepurwala/agent-system/src/database.ts:169:22)\n    at BollingerBandsBot.saveResult (/Users/aliasgarfatepurwala/agent-system/src/base-agent.ts:209:7)\n    at BollingerBandsBot.run (/Users/aliasgarfatepurwala/agent-system/src/base-agent.ts:117:7)\n    at Orchestrator.runAgent (/Users/aliasgarfatepurwala/agent-system/src/orchestrator.ts:296:22)\n    at Job.job (/Users/aliasgarfatepurwala/agent-system/src/orchestrator.ts:328:9)"
}
[2026-09-27 09:53:32] [ERROR] [Agent] Failed to save result to database {
  "error": "Connection terminated due to connection timeout",
  "stack": "Error: Connection terminated due to connection timeout\n    at /Users/aliasgarfatepurwala/agent-system/node_modules/pg-pool/index.js:45:11\n    at processTicksAndRejections (node:internal/process/task_queues:104:5)\n    at Database.insert (/Users/aliasgarfatepurwala/agent-system/src/database.ts:169:22)\n    at BollingerBandsBot.saveResult (/Users/aliasgarfatepurwala/agent-system/src/base-agent.ts:209:7)\n    at BollingerBandsBot.run (/Users/aliasgarfatepurwala/agent-system/src/base-agent.ts:117:7)\n    at Orchestrator.runAgent (/Users/aliasgarfatepurwala/agent-system/src/orchestrator.ts:296:22)\n    at Job.job (/Users/aliasgarfatepurwala/agent-system/src/orchestrator.ts:328:9)"
}
[2026-09-27 09:53:32] [INFO] [Orchestrator] ✅ bollinger-bands-bot completed in 50544ms
[2026-09-27 09:53:33] [INFO] [Orchestrator] ▶️  Running: rsi-bot
[2026-09-27 09:53:33] [INFO] [Agent] 🚀 Starting execution...
[2026-09-27 09:53:33] [INFO] [Agent] Scanning 5 pairs for RSI signals...
[2026-09-27 09:53:36] [INFO] [Agent] ✅ RSI analysis complete: Found 0 signals
[2026-09-27 09:53:37] [INFO] [Agent] ✅ Execution completed in 3755ms
[2026-09-27 09:53:38] [INFO] [Orchestrator] ▶️  Running: volume-profile-bot
[2026-09-27 09:53:38] [INFO] [Agent] 🚀 Starting execution...
[2026-09-27 09:53:38] [INFO] [Agent] Scanning 5 pairs for volume profile signals...
[2026-09-27 09:53:40] [INFO] [Agent] ✅ Volume analysis complete: Found 0 signals
[2026-09-27 09:53:40] [INFO] [Agent] ✅ Execution completed in 2506ms
[2026-09-27 09:53:42] [ERROR] [Database] Insert into agent_results failed {
  "error": "Connection terminated due to connection timeout",
  "stack": "Error: Connection terminated due to connection timeout\n    at /Users/aliasgarfatepurwala/agent-system/node_modules/pg-pool/index.js:45:11\n    at processTicksAndRejections (node:internal/process/task_queues:104:5)\n    at Database.insert (/Users/aliasgarfatepurwala/agent-system/src/database.ts:169:22)\n    at MACDTrader.saveResult (/Users/aliasgarfatepurwala/agent-system/src/base-agent.ts:209:7)\n    at MACDTrader.run (/Users/aliasgarfatepurwala/agent-system/src/base-agent.ts:117:7)\n    at Orchestrator.runAgent (/Users/aliasgarfatepurwala/agent-system/src/orchestrator.ts:296:22)\n    at Job.job (/Users/aliasgarfatepurwala/agent-system/src/orchestrator.ts:328:9)"
}
[2026-09-27 09:53:42] [ERROR] [Agent] Failed to save result to database {
  "error": "Connection terminated due to connection timeout",
  "stack": "Error: Connection terminated due to connection timeout\n    at /Users/aliasgarfatepurwala/agent-system/node_modules/pg-pool/index.js:45:11\n    at processTicksAndRejections (node:internal/process/task_queues:104:5)\n    at Database.insert (/Users/aliasgarfatepurwala/agent-system/src/database.ts:169:22)\n    at MACDTrader.saveResult (/Users/aliasgarfatepurwala/agent-system/src/base-agent.ts:209:7)\n    at MACDTrader.run (/Users/aliasgarfatepurwala/agent-system/src/base-agent.ts:117:7)\n    at Orchestrator.runAgent (/Users/aliasgarfatepurwala/agent-system/src/orchestrator.ts:296:22)\n    at Job.job (/Users/aliasgarfatepurwala/agent-system/src/orchestrator.ts:328:9)"
}
[2026-09-27 09:53:42] [INFO] [Orchestrator] ✅ macd-trader completed in 19256ms
[2026-09-27 09:53:43] [INFO] [Orchestrator] ▶️  Running: mean-reversion-bot
[2026-09-27 09:53:43] [INFO] [Agent] 🚀 Starting execution...
[2026-09-27 09:53:43] [INFO] [Agent] 📊 Mean Reversion Bot: Scanning for reversion opportunities...
[2026-09-27 09:53:46] [ERROR] [Database] Insert into agent_results failed {
  "error": "Connection terminated due to connection timeout",
  "stack": "Error: Connection terminated due to connection timeout\n    at /Users/aliasgarfatepurwala/agent-system/node_modules/pg-pool/index.js:45:11\n    at processTicksAndRejections (node:internal/process/task_queues:104:5)\n    at Database.insert (/Users/aliasgarfatepurwala/agent-system/src/database.ts:169:22)\n    at RSIBot.saveResult (/Users/aliasgarfatepurwala/agent-system/src/base-agent.ts:209:7)\n    at RSIBot.run (/Users/aliasgarfatepurwala/agent-system/src/base-agent.ts:117:7)\n    at Orchestrator.runAgent (/Users/aliasgarfatepurwala/agent-system/src/orchestrator.ts:296:22)\n    at Job.job (/Users/aliasgarfatepurwala/agent-system/src/orchestrator.ts:328:9)"
}
[2026-09-27 09:53:46] [ERROR] [Agent] Failed to save result to database {
  "error": "Connection terminated due to connection timeout",
  "stack": "Error: Connection terminated due to connection timeout\n    at /Users/aliasgarfatepurwala/agent-system/node_modules/pg-pool/index.js:45:11\n    at processTicksAndRejections (node:internal/process/task_queues:104:5)\n    at Database.insert (/Users/aliasgarfatepurwala/agent-system/src/database.ts:169:22)\n    at RSIBot.saveResult (/Users/aliasgarfatepurwala/agent-system/src/base-agent.ts:209:7)\n    at RSIBot.run (/Users/aliasgarfatepurwala/agent-system/src/base-agent.ts:117:7)\n    at Orchestrator.runAgent (/Users/aliasgarfatepurwala/agent-system/src/orchestrator.ts:296:22)\n    at Job.job (/Users/aliasgarfatepurwala/agent-system/src/orchestrator.ts:328:9)"
}
[2026-09-27 09:53:46] [INFO] [Orchestrator] ✅ rsi-bot completed in 13512ms
[2026-09-27 09:53:47] [INFO] [Orchestrator] ▶️  Running: grid-trading-bot
[2026-09-27 09:53:47] [INFO] [Agent] 🚀 Starting execution...
[2026-09-27 09:53:47] [INFO] [Agent] 📊 Grid Trading Bot: Checking grid positions...
[2026-09-27 09:53:47] [INFO] [Agent] 📊 [TESTNET DEMO] Using mock prices for grid trading simulation
[2026-09-27 09:53:47] [INFO] [BinanceAPI] 📤 Placing BUY order: 0.0011627906976744186 BTCUSDT @ 43000
[2026-09-27 09:53:48] [INFO] [Agent] ✅ Mean Reversion Bot: Scan completed
[2026-09-27 09:53:48] [INFO] [Agent] ✅ Execution completed in 5672ms
[2026-09-27 09:53:49] [ERROR] [Database] Insert into agent_results failed {
  "error": "Connection terminated due to connection timeout",
  "stack": "Error: Connection terminated due to connection timeout\n    at /Users/aliasgarfatepurwala/agent-system/node_modules/pg-pool/index.js:45:11\n    at processTicksAndRejections (node:internal/process/task_queues:104:5)\n    at Database.insert (/Users/aliasgarfatepurwala/agent-system/src/database.ts:169:22)\n    at VolumeProfileBot.saveResult (/Users/aliasgarfatepurwala/agent-system/src/base-agent.ts:209:7)\n    at VolumeProfileBot.run (/Users/aliasgarfatepurwala/agent-system/src/base-agent.ts:117:7)\n    at Orchestrator.runAgent (/Users/aliasgarfatepurwala/agent-system/src/orchestrator.ts:296:22)\n    at Job.job (/Users/aliasgarfatepurwala/agent-system/src/orchestrator.ts:328:9)"
}
[2026-09-27 09:53:49] [ERROR] [Agent] Failed to save result to database {
  "error": "Connection terminated due to connection timeout",
  "stack": "Error: Connection terminated due to connection timeout\n    at /Users/aliasgarfatepurwala/agent-system/node_modules/pg-pool/index.js:45:11\n    at processTicksAndRejections (node:internal/process/task_queues:104:5)\n    at Database.insert (/Users/aliasgarfatepurwala/agent-system/src/database.ts:169:22)\n    at VolumeProfileBot.saveResult (/Users/aliasgarfatepurwala/agent-system/src/base-agent.ts:209:7)\n    at VolumeProfileBot.run (/Users/aliasgarfatepurwala/agent-system/src/base-agent.ts:117:7)\n    at Orchestrator.runAgent (/Users/aliasgarfatepurwala/agent-system/src/orchestrator.ts:296:22)\n    at Job.job (/Users/aliasgarfatepurwala/agent-system/src/orchestrator.ts:328:9)"
}
[2026-09-27 09:53:49] [INFO] [Orchestrator] ✅ volume-profile-bot completed in 11212ms
[2026-09-27 09:53:50] [INFO] [Orchestrator] ▶️  Running: scalping-bot
[2026-09-27 09:53:50] [INFO] [Agent] 🚀 Starting execution...
[2026-09-27 09:53:50] [INFO] [Agent] ⚡ Scalping Bot: Executing micro-trades...
[2026-09-27 09:53:55] [ERROR] [BinanceAPI] ❌ Order placement failed: getaddrinfo ENOTFOUND testnet.binance.vision
[2026-09-27 09:53:55] [ERROR] [Agent] ❌ Failed to place buy order for BTCUSDT
[2026-09-27 09:53:56] [INFO] [BinanceAPI] 📤 Placing BUY order: 0.0011627906976744186 BTCUSDT @ 43000
[2026-09-27 09:53:58] [INFO] [Agent] ✅ Execution completed in 8240ms
[2026-09-27 09:54:00] [ERROR] [BinanceAPI] ❌ Order placement failed: getaddrinfo ENOTFOUND testnet.binance.vision
[2026-09-27 09:54:00] [ERROR] [Agent] ❌ Failed to place buy order for BTCUSDT
[2026-09-27 09:54:01] [INFO] [BinanceAPI] 📤 Placing BUY order: 0.0011627906976744186 BTCUSDT @ 43000
[2026-09-27 09:54:20] [ERROR] [Database] Insert into agent_results failed {
  "error": "Connection terminated due to connection timeout",
  "stack": "Error: Connection terminated due to connection timeout\n    at /Users/aliasgarfatepurwala/agent-system/node_modules/pg-pool/index.js:45:11\n    at processTicksAndRejections (node:internal/process/task_queues:104:5)\n    at Database.insert (/Users/aliasgarfatepurwala/agent-system/src/database.ts:169:22)\n    at MeanReversionBot.saveResult (/Users/aliasgarfatepurwala/agent-system/src/base-agent.ts:209:7)\n    at MeanReversionBot.run (/Users/aliasgarfatepurwala/agent-system/src/base-agent.ts:117:7)\n    at Orchestrator.runAgent (/Users/aliasgarfatepurwala/agent-system/src/orchestrator.ts:296:22)\n    at Job.job (/Users/aliasgarfatepurwala/agent-system/src/orchestrator.ts:328:9)"
}
[2026-09-27 09:54:21] [ERROR] [Agent] Failed to save result to database {
  "error": "Connection terminated due to connection timeout",
  "stack": "Error: Connection terminated due to connection timeout\n    at /Users/aliasgarfatepurwala/agent-system/node_modules/pg-pool/index.js:45:11\n    at processTicksAndRejections (node:internal/process/task_queues:104:5)\n    at Database.insert (/Users/aliasgarfatepurwala/agent-system/src/database.ts:169:22)\n    at MeanReversionBot.saveResult (/Users/aliasgarfatepurwala/agent-system/src/base-agent.ts:209:7)\n    at MeanReversionBot.run (/Users/aliasgarfatepurwala/agent-system/src/base-agent.ts:117:7)\n    at Orchestrator.runAgent (/Users/aliasgarfatepurwala/agent-system/src/orchestrator.ts:296:22)\n    at Job.job (/Users/aliasgarfatepurwala/agent-system/src/orchestrator.ts:328:9)"
}
[2026-09-27 09:54:22] [INFO] [Orchestrator] ✅ mean-reversion-bot completed in 38913ms
[2026-09-27 09:54:29] [ERROR] [Database] Insert into agent_results failed {
  "error": "Connection terminated due to connection timeout",
  "stack": "Error: Connection terminated due to connection timeout\n    at /Users/aliasgarfatepurwala/agent-system/node_modules/pg-pool/index.js:45:11\n    at processTicksAndRejections (node:internal/process/task_queues:104:5)\n    at Database.insert (/Users/aliasgarfatepurwala/agent-system/src/database.ts:169:22)\n    at ScalpingBot.saveResult (/Users/aliasgarfatepurwala/agent-system/src/base-agent.ts:209:7)\n    at ScalpingBot.run (/Users/aliasgarfatepurwala/agent-system/src/base-agent.ts:117:7)\n    at Orchestrator.runAgent (/Users/aliasgarfatepurwala/agent-system/src/orchestrator.ts:296:22)\n    at Job.job (/Users/aliasgarfatepurwala/agent-system/src/orchestrator.ts:328:9)"
}
[2026-09-27 09:54:32] [ERROR] [Agent] Failed to save result to database {
  "error": "Connection terminated due to connection timeout",
  "stack": "Error: Connection terminated due to connection timeout\n    at /Users/aliasgarfatepurwala/agent-system/node_modules/pg-pool/index.js:45:11\n    at processTicksAndRejections (node:internal/process/task_queues:104:5)\n    at Database.insert (/Users/aliasgarfatepurwala/agent-system/src/database.ts:169:22)\n    at ScalpingBot.saveResult (/Users/aliasgarfatepurwala/agent-system/src/base-agent.ts:209:7)\n    at ScalpingBot.run (/Users/aliasgarfatepurwala/agent-system/src/base-agent.ts:117:7)\n    at Orchestrator.runAgent (/Users/aliasgarfatepurwala/agent-system/src/orchestrator.ts:296:22)\n    at Job.job (/Users/aliasgarfatepurwala/agent-system/src/orchestrator.ts:328:9)"
}
[2026-09-27 09:54:36] [INFO] [Orchestrator] ✅ scalping-bot completed in 45918ms
[2026-09-27 09:54:42] [ERROR] [BinanceAPI] ❌ Order placement failed: Timestamp for this request is outside of the recvWindow.
[2026-09-27 09:54:43] [ERROR] [Agent] ❌ Failed to place buy order for BTCUSDT
[2026-09-27 09:54:43] [INFO] [BinanceAPI] 📤 Placing BUY order: 0.0011627906976744186 BTCUSDT @ 43000
[2026-09-27 09:54:46] [ERROR] [BinanceAPI] ❌ Order placement failed: Invalid API-key, IP, or permissions for action.
[2026-09-27 09:54:46] [ERROR] [Agent] ❌ Failed to place buy order for BTCUSDT
[2026-09-27 09:54:46] [INFO] [BinanceAPI] 📤 Placing BUY order: 0.0011627906976744186 BTCUSDT @ 43000
[2026-09-27 09:54:47] [ERROR] [BinanceAPI] ❌ Order placement failed: Invalid API-key, IP, or permissions for action.
[2026-09-27 09:54:47] [ERROR] [Agent] ❌ Failed to place buy order for BTCUSDT
[2026-09-27 09:54:47] [INFO] [BinanceAPI] 📤 Placing BUY order: 0.013043478260869565 ETHUSDT @ 2300
[2026-09-27 09:54:48] [ERROR] [BinanceAPI] ❌ Order placement failed: Invalid API-key, IP, or permissions for action.
[2026-09-27 09:54:48] [ERROR] [Agent] ❌ Failed to place buy order for ETHUSDT
[2026-09-27 09:54:48] [INFO] [BinanceAPI] 📤 Placing BUY order: 0.013043478260869565 ETHUSDT @ 2300
[2026-09-27 09:54:50] [ERROR] [BinanceAPI] ❌ Order placement failed: Invalid API-key, IP, or permissions for action.
[2026-09-27 09:54:50] [ERROR] [Agent] ❌ Failed to place buy order for ETHUSDT
[2026-09-27 09:54:50] [INFO] [Agent] ✅ Grid Trading Bot: Check completed
[2026-09-27 09:54:50] [INFO] [Agent] ✅ Execution completed in 63248ms
[2026-09-27 09:54:58] [ERROR] [Database] Insert into agent_results failed {
  "error": "Connection terminated due to connection timeout",
  "stack": "Error: Connection terminated due to connection timeout\n    at /Users/aliasgarfatepurwala/agent-system/node_modules/pg-pool/index.js:45:11\n    at processTicksAndRejections (node:internal/process/task_queues:104:5)\n    at Database.insert (/Users/aliasgarfatepurwala/agent-system/src/database.ts:169:22)\n    at GridTradingBot.saveResult (/Users/aliasgarfatepurwala/agent-system/src/base-agent.ts:209:7)\n    at GridTradingBot.run (/Users/aliasgarfatepurwala/agent-system/src/base-agent.ts:117:7)\n    at Orchestrator.runAgent (/Users/aliasgarfatepurwala/agent-system/src/orchestrator.ts:296:22)\n    at Job.job (/Users/aliasgarfatepurwala/agent-system/src/orchestrator.ts:328:9)"
}
[2026-09-27 09:55:01] [ERROR] [Agent] Failed to save result to database {
  "error": "Connection terminated due to connection timeout",
  "stack": "Error: Connection terminated due to connection timeout\n    at /Users/aliasgarfatepurwala/agent-system/node_modules/pg-pool/index.js:45:11\n    at processTicksAndRejections (node:internal/process/task_queues:104:5)\n    at Database.insert (/Users/aliasgarfatepurwala/agent-system/src/database.ts:169:22)\n    at GridTradingBot.saveResult (/Users/aliasgarfatepurwala/agent-system/src/base-agent.ts:209:7)\n    at GridTradingBot.run (/Users/aliasgarfatepurwala/agent-system/src/base-agent.ts:117:7)\n    at Orchestrator.runAgent (/Users/aliasgarfatepurwala/agent-system/src/orchestrator.ts:296:22)\n    at Job.job (/Users/aliasgarfatepurwala/agent-system/src/orchestrator.ts:328:9)"
}
[2026-09-27 09:55:04] [INFO] [Orchestrator] ✅ grid-trading-bot completed in 77068ms
[2026-09-27 09:55:08] [INFO] [Orchestrator] ▶️  Running: volume-profile-bot
[2026-09-27 09:55:09] [INFO] [Agent] 🚀 Starting execution...
[2026-09-27 09:55:09] [INFO] [Agent] Scanning 5 pairs for volume profile signals...
[2026-09-27 09:55:39] [INFO] [Orchestrator] ▶️  Running: rsi-bot
[2026-09-27 09:55:40] [INFO] [Agent] 🚀 Starting execution...
[2026-09-27 09:55:40] [INFO] [Agent] Scanning 5 pairs for RSI signals...
[2026-09-27 09:55:48] [INFO] [Orchestrator] ▶️  Running: macd-trader
[2026-09-27 09:55:48] [INFO] [Agent] 🚀 Starting execution...
[2026-09-27 09:55:49] [INFO] [Agent] Scanning 5 pairs for MACD signals...
[2026-09-27 09:55:58] [INFO] [Orchestrator] ▶️  Running: bollinger-bands-bot
[2026-09-27 09:55:59] [INFO] [Agent] 🚀 Starting execution...
[2026-09-27 09:55:59] [INFO] [Agent] Scanning 5 pairs for Bollinger Bands signals...
[2026-09-27 09:56:02] [INFO] [Orchestrator] ▶️  Running: momentum-trader
[2026-09-27 09:56:02] [INFO] [Agent] 🚀 Starting execution...
[2026-09-27 09:56:02] [INFO] [Agent] 🚀 Momentum Trader: Scanning for momentum signals...
[2026-09-27 09:56:04] [INFO] [Agent] ✅ RSI analysis complete: Found 0 signals
[2026-09-27 09:56:04] [INFO] [Agent] ✅ Execution completed in 24820ms
[2026-09-27 09:56:06] [INFO] [Orchestrator] ▶️  Running: pump-dump-detector
[2026-09-27 09:56:06] [INFO] [Agent] 🚀 Starting execution...
[2026-09-27 09:56:06] [INFO] [Agent] Scanning 4 coins for pump/dump patterns...
[2026-09-27 09:56:19] [INFO] [Agent] ✅ Scan complete: Found 0 signals
[2026-09-27 09:56:20] [INFO] [Agent] ✅ Execution completed in 13312ms
[2026-09-27 09:56:26] [WARN] [Agent] 📊 POC-RESISTANCE: BTCUSDT approaching resistance at POC $84133.23
[2026-09-27 09:56:42] [INFO] [Agent] ✅ MACD analysis complete: Found 0 signals
[2026-09-27 09:56:43] [INFO] [Agent] ✅ Execution completed in 54098ms
[2026-09-27 09:56:50] [INFO] [Agent] ✅ Analysis complete: Found 0 signals
[2026-09-27 09:56:51] [INFO] [Agent] ✅ Execution completed in 52039ms
[2026-09-27 09:56:54] [INFO] [Orchestrator] ▶️  Running: bitcoin-price-monitor
[2026-09-27 09:56:54] [INFO] [Agent] 🚀 Starting execution...
[2026-09-27 09:56:54] [INFO] [Agent] Fetching Bitcoin price...
[2026-09-27 09:56:56] [INFO] [Agent] ✅ Price data collected: []
[2026-09-27 09:56:56] [INFO] [Agent] ✅ Execution completed in 2150ms
[2026-09-27 09:57:00] [ERROR] [Database] Insert into agent_results failed {
  "error": "Connection terminated due to connection timeout",
  "stack": "Error: Connection terminated due to connection timeout\n    at /Users/aliasgarfatepurwala/agent-system/node_modules/pg-pool/index.js:45:11\n    at processTicksAndRejections (node:internal/process/task_queues:104:5)\n    at Database.insert (/Users/aliasgarfatepurwala/agent-system/src/database.ts:169:22)\n    at BollingerBandsBot.saveResult (/Users/aliasgarfatepurwala/agent-system/src/base-agent.ts:209:7)\n    at BollingerBandsBot.run (/Users/aliasgarfatepurwala/agent-system/src/base-agent.ts:117:7)\n    at Orchestrator.runAgent (/Users/aliasgarfatepurwala/agent-system/src/orchestrator.ts:296:22)\n    at Job.job (/Users/aliasgarfatepurwala/agent-system/src/orchestrator.ts:328:9)"
}
[2026-09-27 09:57:00] [ERROR] [Agent] Failed to save result to database {
  "error": "Connection terminated due to connection timeout",
  "stack": "Error: Connection terminated due to connection timeout\n    at /Users/aliasgarfatepurwala/agent-system/node_modules/pg-pool/index.js:45:11\n    at processTicksAndRejections (node:internal/process/task_queues:104:5)\n    at Database.insert (/Users/aliasgarfatepurwala/agent-system/src/database.ts:169:22)\n    at BollingerBandsBot.saveResult (/Users/aliasgarfatepurwala/agent-system/src/base-agent.ts:209:7)\n    at BollingerBandsBot.run (/Users/aliasgarfatepurwala/agent-system/src/base-agent.ts:117:7)\n    at Orchestrator.runAgent (/Users/aliasgarfatepurwala/agent-system/src/orchestrator.ts:296:22)\n    at Job.job (/Users/aliasgarfatepurwala/agent-system/src/orchestrator.ts:328:9)"
}
[2026-09-27 09:57:00] [INFO] [Orchestrator] ✅ bollinger-bands-bot completed in 61918ms
[2026-09-27 09:57:01] [ERROR] [Database] Insert into agent_results failed {
  "error": "Connection terminated due to connection timeout",
  "stack": "Error: Connection terminated due to connection timeout\n    at /Users/aliasgarfatepurwala/agent-system/node_modules/pg-pool/index.js:45:11\n    at processTicksAndRejections (node:internal/process/task_queues:104:5)\n    at Database.insert (/Users/aliasgarfatepurwala/agent-system/src/database.ts:169:22)\n    at MACDTrader.saveResult (/Users/aliasgarfatepurwala/agent-system/src/base-agent.ts:209:7)\n    at MACDTrader.run (/Users/aliasgarfatepurwala/agent-system/src/base-agent.ts:117:7)\n    at Orchestrator.runAgent (/Users/aliasgarfatepurwala/agent-system/src/orchestrator.ts:296:22)\n    at Job.job (/Users/aliasgarfatepurwala/agent-system/src/orchestrator.ts:328:9)"
}
[2026-09-27 09:57:01] [ERROR] [Agent] Failed to save result to database {
  "error": "Connection terminated due to connection timeout",
  "stack": "Error: Connection terminated due to connection timeout\n    at /Users/aliasgarfatepurwala/agent-system/node_modules/pg-pool/index.js:45:11\n    at processTicksAndRejections (node:internal/process/task_queues:104:5)\n    at Database.insert (/Users/aliasgarfatepurwala/agent-system/src/database.ts:169:22)\n    at MACDTrader.saveResult (/Users/aliasgarfatepurwala/agent-system/src/base-agent.ts:209:7)\n    at MACDTrader.run (/Users/aliasgarfatepurwala/agent-system/src/base-agent.ts:117:7)\n    at Orchestrator.runAgent (/Users/aliasgarfatepurwala/agent-system/src/orchestrator.ts:296:22)\n    at Job.job (/Users/aliasgarfatepurwala/agent-system/src/orchestrator.ts:328:9)"
}
[2026-09-27 09:57:01] [INFO] [Orchestrator] ✅ macd-trader completed in 72345ms
[2026-09-27 09:57:01] [ERROR] [Database] Insert into events failed {
  "error": "Connection terminated due to connection timeout",
  "stack": "Error: Connection terminated due to connection timeout\n    at /Users/aliasgarfatepurwala/agent-system/node_modules/pg-pool/index.js:45:11\n    at processTicksAndRejections (node:internal/process/task_queues:104:5)\n    at Database.insert (/Users/aliasgarfatepurwala/agent-system/src/database.ts:169:22)\n    at Database.publishEvent (/Users/aliasgarfatepurwala/agent-system/src/database.ts:198:7)\n    at VolumeProfileBot.publishEvent (/Users/aliasgarfatepurwala/agent-system/src/base-agent.ts:181:7)\n    at VolumeProfileBot.execute (/Users/aliasgarfatepurwala/agent-system/src/agents/volume-profile-bot.ts:51:11)\n    at VolumeProfileBot.run (/Users/aliasgarfatepurwala/agent-system/src/base-agent.ts:98:20)\n    at Orchestrator.runAgent (/Users/aliasgarfatepurwala/agent-system/src/orchestrator.ts:296:22)\n    at Job.job (/Users/aliasgarfatepurwala/agent-system/src/orchestrator.ts:328:9)"
}
[2026-09-27 09:57:01] [ERROR] [Database] Publish event failed {
  "error": "Connection terminated due to connection timeout",
  "stack": "Error: Connection terminated due to connection timeout\n    at /Users/aliasgarfatepurwala/agent-system/node_modules/pg-pool/index.js:45:11\n    at processTicksAndRejections (node:internal/process/task_queues:104:5)\n    at Database.insert (/Users/aliasgarfatepurwala/agent-system/src/database.ts:169:22)\n    at Database.publishEvent (/Users/aliasgarfatepurwala/agent-system/src/database.ts:198:7)\n    at VolumeProfileBot.publishEvent (/Users/aliasgarfatepurwala/agent-system/src/base-agent.ts:181:7)\n    at VolumeProfileBot.execute (/Users/aliasgarfatepurwala/agent-system/src/agents/volume-profile-bot.ts:51:11)\n    at VolumeProfileBot.run (/Users/aliasgarfatepurwala/agent-system/src/base-agent.ts:98:20)\n    at Orchestrator.runAgent (/Users/aliasgarfatepurwala/agent-system/src/orchestrator.ts:296:22)\n    at Job.job (/Users/aliasgarfatepurwala/agent-system/src/orchestrator.ts:328:9)"
}
[2026-09-27 09:57:01] [WARN] [Agent] 📊 POC-RESISTANCE: ETHUSDT approaching resistance at POC $2693.42
[2026-09-27 09:57:01] [ERROR] [Database] Insert into agent_results failed {
  "error": "Connection terminated due to connection timeout",
  "stack": "Error: Connection terminated due to connection timeout\n    at /Users/aliasgarfatepurwala/agent-system/node_modules/pg-pool/index.js:45:11\n    at processTicksAndRejections (node:internal/process/task_queues:104:5)\n    at Database.insert (/Users/aliasgarfatepurwala/agent-system/src/database.ts:169:22)\n    at PumpDumpDetector.saveResult (/Users/aliasgarfatepurwala/agent-system/src/base-agent.ts:209:7)\n    at PumpDumpDetector.run (/Users/aliasgarfatepurwala/agent-system/src/base-agent.ts:117:7)\n    at Orchestrator.runAgent (/Users/aliasgarfatepurwala/agent-system/src/orchestrator.ts:296:22)\n    at Job.job (/Users/aliasgarfatepurwala/agent-system/src/orchestrator.ts:328:9)"
}
[2026-09-27 09:57:01] [ERROR] [Agent] Failed to save result to database {
  "error": "Connection terminated due to connection timeout",
  "stack": "Error: Connection terminated due to connection timeout\n    at /Users/aliasgarfatepurwala/agent-system/node_modules/pg-pool/index.js:45:11\n    at processTicksAndRejections (node:internal/process/task_queues:104:5)\n    at Database.insert (/Users/aliasgarfatepurwala/agent-system/src/database.ts:169:22)\n    at PumpDumpDetector.saveResult (/Users/aliasgarfatepurwala/agent-system/src/base-agent.ts:209:7)\n    at PumpDumpDetector.run (/Users/aliasgarfatepurwala/agent-system/src/base-agent.ts:117:7)\n    at Orchestrator.runAgent (/Users/aliasgarfatepurwala/agent-system/src/orchestrator.ts:296:22)\n    at Job.job (/Users/aliasgarfatepurwala/agent-system/src/orchestrator.ts:328:9)"
}
[2026-09-27 09:57:01] [INFO] [Orchestrator] ✅ pump-dump-detector completed in 54735ms
[2026-09-27 09:57:01] [ERROR] [Database] Insert into agent_results failed {
  "error": "Connection terminated due to connection timeout",
  "stack": "Error: Connection terminated due to connection timeout\n    at /Users/aliasgarfatepurwala/agent-system/node_modules/pg-pool/index.js:45:11\n    at processTicksAndRejections (node:internal/process/task_queues:104:5)\n    at Database.insert (/Users/aliasgarfatepurwala/agent-system/src/database.ts:169:22)\n    at RSIBot.saveResult (/Users/aliasgarfatepurwala/agent-system/src/base-agent.ts:209:7)\n    at RSIBot.run (/Users/aliasgarfatepurwala/agent-system/src/base-agent.ts:117:7)\n    at Orchestrator.runAgent (/Users/aliasgarfatepurwala/agent-system/src/orchestrator.ts:296:22)\n    at Job.job (/Users/aliasgarfatepurwala/agent-system/src/orchestrator.ts:328:9)"
}
[2026-09-27 09:57:01] [ERROR] [Agent] Failed to save result to database {
  "error": "Connection terminated due to connection timeout",
  "stack": "Error: Connection terminated due to connection timeout\n    at /Users/aliasgarfatepurwala/agent-system/node_modules/pg-pool/index.js:45:11\n    at processTicksAndRejections (node:internal/process/task_queues:104:5)\n    at Database.insert (/Users/aliasgarfatepurwala/agent-system/src/database.ts:169:22)\n    at RSIBot.saveResult (/Users/aliasgarfatepurwala/agent-system/src/base-agent.ts:209:7)\n    at RSIBot.run (/Users/aliasgarfatepurwala/agent-system/src/base-agent.ts:117:7)\n    at Orchestrator.runAgent (/Users/aliasgarfatepurwala/agent-system/src/orchestrator.ts:296:22)\n    at Job.job (/Users/aliasgarfatepurwala/agent-system/src/orchestrator.ts:328:9)"
}
[2026-09-27 09:57:01] [INFO] [Orchestrator] ✅ rsi-bot completed in 81611ms
[2026-09-27 09:57:02] [INFO] [Orchestrator] ▶️  Running: arbitrage-bot
[2026-09-27 09:57:02] [INFO] [Agent] 🚀 Starting execution...
[2026-09-27 09:57:02] [INFO] [Agent] 🔄 Arbitrage Bot: Scanning for price discrepancies...
[2026-09-27 09:57:04] [ERROR] [Database] Insert into agent_results failed {
  "error": "Connection terminated due to connection timeout",
  "stack": "Error: Connection terminated due to connection timeout\n    at /Users/aliasgarfatepurwala/agent-system/node_modules/pg-pool/index.js:45:11\n    at processTicksAndRejections (node:internal/process/task_queues:104:5)\n    at Database.insert (/Users/aliasgarfatepurwala/agent-system/src/database.ts:169:22)\n    at BitcoinPriceMonitor.saveResult (/Users/aliasgarfatepurwala/agent-system/src/base-agent.ts:209:7)\n    at BitcoinPriceMonitor.run (/Users/aliasgarfatepurwala/agent-system/src/base-agent.ts:117:7)\n    at Orchestrator.runAgent (/Users/aliasgarfatepurwala/agent-system/src/orchestrator.ts:296:22)\n    at Job.job (/Users/aliasgarfatepurwala/agent-system/src/orchestrator.ts:328:9)"
}
[2026-09-27 09:57:04] [ERROR] [Agent] Failed to save result to database {
  "error": "Connection terminated due to connection timeout",
  "stack": "Error: Connection terminated due to connection timeout\n    at /Users/aliasgarfatepurwala/agent-system/node_modules/pg-pool/index.js:45:11\n    at processTicksAndRejections (node:internal/process/task_queues:104:5)\n    at Database.insert (/Users/aliasgarfatepurwala/agent-system/src/database.ts:169:22)\n    at BitcoinPriceMonitor.saveResult (/Users/aliasgarfatepurwala/agent-system/src/base-agent.ts:209:7)\n    at BitcoinPriceMonitor.run (/Users/aliasgarfatepurwala/agent-system/src/base-agent.ts:117:7)\n    at Orchestrator.runAgent (/Users/aliasgarfatepurwala/agent-system/src/orchestrator.ts:296:22)\n    at Job.job (/Users/aliasgarfatepurwala/agent-system/src/orchestrator.ts:328:9)"
}
[2026-09-27 09:57:04] [INFO] [Orchestrator] ✅ bitcoin-price-monitor completed in 10366ms
[2026-09-27 09:57:05] [INFO] [Orchestrator] ▶️  Running: volatility-trader
[2026-09-27 09:57:05] [INFO] [Agent] 🚀 Starting execution...
[2026-09-27 09:57:05] [INFO] [Agent] 📈 Volatility Trader: Analyzing price swings...
[2026-09-27 09:57:18] [INFO] [Agent] 🚀 ENTER BTC @ $84480.79 | Momentum: Infinity% | Strength: EXTREME | Confidence: 90%
[2026-09-27 09:57:19] [INFO] [Orchestrator] 🚀 [momentum-trader] Momentum entry: {
  "symbol": "BTC",
  "entryPrice": 84480.79,
  "momentum": null,
  "strength": "extreme",
  "confidence": 0.9,
  "targetProfit": 5,
  "stopLoss": 2
}
[2026-09-27 09:57:20] [INFO] [Agent] 🚀 ENTER ETH @ $2705.03 | Momentum: Infinity% | Strength: EXTREME | Confidence: 90%
[2026-09-27 09:57:20] [INFO] [Orchestrator] 🚀 [momentum-trader] Momentum entry: {
  "symbol": "ETH",
  "entryPrice": 2705.03,
  "momentum": null,
  "strength": "extreme",
  "confidence": 0.9,
  "targetProfit": 5,
  "stopLoss": 2
}
[2026-09-27 09:57:21] [INFO] [Agent] 🚀 ENTER ADA @ $0.25 | Momentum: Infinity% | Strength: EXTREME | Confidence: 90%
[2026-09-27 09:57:21] [INFO] [Orchestrator] 🚀 [momentum-trader] Momentum entry: {
  "symbol": "ADA",
  "entryPrice": 0.2534,
  "momentum": null,
  "strength": "extreme",
  "confidence": 0.9,
  "targetProfit": 5,
  "stopLoss": 2
}
[2026-09-27 09:57:21] [INFO] [Agent] 🚀 ENTER XRP @ $1.52 | Momentum: Infinity% | Strength: EXTREME | Confidence: 90%
[2026-09-27 09:57:21] [INFO] [Orchestrator] 🚀 [momentum-trader] Momentum entry: {
  "symbol": "XRP",
  "entryPrice": 1.5205,
  "momentum": null,
  "strength": "extreme",
  "confidence": 0.9,
  "targetProfit": 5,
  "stopLoss": 2
}
[2026-09-27 09:57:21] [INFO] [Agent] ✅ Momentum Trader: Scan completed
[2026-09-27 09:57:21] [INFO] [Agent] ✅ Execution completed in 78782ms
[2026-09-27 09:57:25] [ERROR] [Database] Insert into events failed {
  "error": "Connection terminated due to connection timeout",
  "stack": "Error: Connection terminated due to connection timeout\n    at /Users/aliasgarfatepurwala/agent-system/node_modules/pg-pool/index.js:45:11\n    at processTicksAndRejections (node:internal/process/task_queues:104:5)\n    at Database.insert (/Users/aliasgarfatepurwala/agent-system/src/database.ts:169:22)\n    at Database.publishEvent (/Users/aliasgarfatepurwala/agent-system/src/database.ts:198:7)\n    at VolumeProfileBot.publishEvent (/Users/aliasgarfatepurwala/agent-system/src/base-agent.ts:181:7)\n    at VolumeProfileBot.execute (/Users/aliasgarfatepurwala/agent-system/src/agents/volume-profile-bot.ts:51:11)\n    at VolumeProfileBot.run (/Users/aliasgarfatepurwala/agent-system/src/base-agent.ts:98:20)\n    at Orchestrator.runAgent (/Users/aliasgarfatepurwala/agent-system/src/orchestrator.ts:296:22)\n    at Job.job (/Users/aliasgarfatepurwala/agent-system/src/orchestrator.ts:328:9)"
}
[2026-09-27 09:57:26] [ERROR] [Database] Publish event failed {
  "error": "Connection terminated due to connection timeout",
  "stack": "Error: Connection terminated due to connection timeout\n    at /Users/aliasgarfatepurwala/agent-system/node_modules/pg-pool/index.js:45:11\n    at processTicksAndRejections (node:internal/process/task_queues:104:5)\n    at Database.insert (/Users/aliasgarfatepurwala/agent-system/src/database.ts:169:22)\n    at Database.publishEvent (/Users/aliasgarfatepurwala/agent-system/src/database.ts:198:7)\n    at VolumeProfileBot.publishEvent (/Users/aliasgarfatepurwala/agent-system/src/base-agent.ts:181:7)\n    at VolumeProfileBot.execute (/Users/aliasgarfatepurwala/agent-system/src/agents/volume-profile-bot.ts:51:11)\n    at VolumeProfileBot.run (/Users/aliasgarfatepurwala/agent-system/src/base-agent.ts:98:20)\n    at Orchestrator.runAgent (/Users/aliasgarfatepurwala/agent-system/src/orchestrator.ts:296:22)\n    at Job.job (/Users/aliasgarfatepurwala/agent-system/src/orchestrator.ts:328:9)"
}
[2026-09-27 09:57:26] [WARN] [Agent] 📊 POC-RESISTANCE: ADAUSDT approaching resistance at POC $0.25
[2026-09-27 09:57:27] [INFO] [Orchestrator] ▶️  Running: scalping-bot
[2026-09-27 09:57:27] [INFO] [Agent] 🚀 Starting execution...
[2026-09-27 09:57:27] [INFO] [Agent] ⚡ Scalping Bot: Executing micro-trades...
[2026-09-27 09:57:34] [ERROR] [Database] Insert into agent_results failed {
  "error": "Connection terminated due to connection timeout",
  "stack": "Error: Connection terminated due to connection timeout\n    at /Users/aliasgarfatepurwala/agent-system/node_modules/pg-pool/index.js:45:11\n    at processTicksAndRejections (node:internal/process/task_queues:104:5)\n    at Database.insert (/Users/aliasgarfatepurwala/agent-system/src/database.ts:169:22)\n    at MomentumTrader.saveResult (/Users/aliasgarfatepurwala/agent-system/src/base-agent.ts:209:7)\n    at MomentumTrader.run (/Users/aliasgarfatepurwala/agent-system/src/base-agent.ts:117:7)\n    at Orchestrator.runAgent (/Users/aliasgarfatepurwala/agent-system/src/orchestrator.ts:296:22)\n    at Job.job (/Users/aliasgarfatepurwala/agent-system/src/orchestrator.ts:328:9)"
}
[2026-09-27 09:57:35] [ERROR] [Agent] Failed to save result to database {
  "error": "Connection terminated due to connection timeout",
  "stack": "Error: Connection terminated due to connection timeout\n    at /Users/aliasgarfatepurwala/agent-system/node_modules/pg-pool/index.js:45:11\n    at processTicksAndRejections (node:internal/process/task_queues:104:5)\n    at Database.insert (/Users/aliasgarfatepurwala/agent-system/src/database.ts:169:22)\n    at MomentumTrader.saveResult (/Users/aliasgarfatepurwala/agent-system/src/base-agent.ts:209:7)\n    at MomentumTrader.run (/Users/aliasgarfatepurwala/agent-system/src/base-agent.ts:117:7)\n    at Orchestrator.runAgent (/Users/aliasgarfatepurwala/agent-system/src/orchestrator.ts:296:22)\n    at Job.job (/Users/aliasgarfatepurwala/agent-system/src/orchestrator.ts:328:9)"
}
[2026-09-27 09:57:35] [INFO] [Orchestrator] ✅ momentum-trader completed in 93455ms
[2026-09-27 09:57:40] [ERROR] [Database] Insert into events failed {
  "error": "Connection terminated due to connection timeout",
  "stack": "Error: Connection terminated due to connection timeout\n    at /Users/aliasgarfatepurwala/agent-system/node_modules/pg-pool/index.js:45:11\n    at processTicksAndRejections (node:internal/process/task_queues:104:5)\n    at Database.insert (/Users/aliasgarfatepurwala/agent-system/src/database.ts:169:22)\n    at Database.publishEvent (/Users/aliasgarfatepurwala/agent-system/src/database.ts:198:7)\n    at VolumeProfileBot.publishEvent (/Users/aliasgarfatepurwala/agent-system/src/base-agent.ts:181:7)\n    at VolumeProfileBot.execute (/Users/aliasgarfatepurwala/agent-system/src/agents/volume-profile-bot.ts:51:11)\n    at VolumeProfileBot.run (/Users/aliasgarfatepurwala/agent-system/src/base-agent.ts:98:20)\n    at Orchestrator.runAgent (/Users/aliasgarfatepurwala/agent-system/src/orchestrator.ts:296:22)\n    at Job.job (/Users/aliasgarfatepurwala/agent-system/src/orchestrator.ts:328:9)"
}
[2026-09-27 09:57:40] [ERROR] [Database] Publish event failed {
  "error": "Connection terminated due to connection timeout",
  "stack": "Error: Connection terminated due to connection timeout\n    at /Users/aliasgarfatepurwala/agent-system/node_modules/pg-pool/index.js:45:11\n    at processTicksAndRejections (node:internal/process/task_queues:104:5)\n    at Database.insert (/Users/aliasgarfatepurwala/agent-system/src/database.ts:169:22)\n    at Database.publishEvent (/Users/aliasgarfatepurwala/agent-system/src/database.ts:198:7)\n    at VolumeProfileBot.publishEvent (/Users/aliasgarfatepurwala/agent-system/src/base-agent.ts:181:7)\n    at VolumeProfileBot.execute (/Users/aliasgarfatepurwala/agent-system/src/agents/volume-profile-bot.ts:51:11)\n    at VolumeProfileBot.run (/Users/aliasgarfatepurwala/agent-system/src/base-agent.ts:98:20)\n    at Orchestrator.runAgent (/Users/aliasgarfatepurwala/agent-system/src/orchestrator.ts:296:22)\n    at Job.job (/Users/aliasgarfatepurwala/agent-system/src/orchestrator.ts:328:9)"
}
[2026-09-27 09:57:40] [WARN] [Agent] 📊 VOLUME-SPIKE: SOLUSDT volume spike (2.0x) at $121.15
[2026-09-27 09:58:03] [INFO] [Agent] 💰 ARBITRAGE: Buy BTC @ $84473.57, Sell ADA @ $0.25 | Profit: 33349118.32%
[2026-09-27 09:58:04] [INFO] [Agent] 💰 ARBITRAGE: Buy BTC @ $84473.57, Sell XRP @ $1.52 | Profit: 5555544.20%
[2026-09-27 09:58:04] [INFO] [Agent] 💰 ARBITRAGE: Buy ETH @ $2704.77, Sell ADA @ $0.25 | Profit: 1067712.87%
[2026-09-27 09:58:05] [INFO] [Agent] 💰 ARBITRAGE: Buy ETH @ $2704.77, Sell XRP @ $1.52 | Profit: 177786.88%
[2026-09-27 09:58:05] [INFO] [Agent] 💰 ARBITRAGE: Buy BTC @ $84473.57, Sell SOL @ $121.14 | Profit: 69632.19%
[2026-09-27 09:58:05] [INFO] [Agent] 💰 ARBITRAGE: Buy ADA @ $0.25, Sell SOL @ $121.14 | Profit: 47724.71%
[2026-09-27 09:58:06] [INFO] [Agent] 💰 ARBITRAGE: Buy SOL @ $121.14, Sell XRP @ $1.52 | Profit: 7867.12%
[2026-09-27 09:58:06] [INFO] [Agent] 💰 ARBITRAGE: Buy BTC @ $84473.57, Sell ETH @ $2704.77 | Profit: 3023.13%
[2026-09-27 09:58:06] [INFO] [Agent] 💰 ARBITRAGE: Buy ETH @ $2704.77, Sell SOL @ $121.14 | Profit: 2132.76%
[2026-09-27 09:58:07] [INFO] [Agent] 💰 ARBITRAGE: Buy ADA @ $0.25, Sell XRP @ $1.52 | Profit: 500.28%
[2026-09-27 09:58:08] [INFO] [Agent] ✅ Arbitrage Bot: Scan completed
[2026-09-27 09:58:09] [INFO] [Agent] ✅ Execution completed in 66991ms
[2026-09-27 09:58:32] [INFO] [Agent] 💥 VOLATILITY BTC: Infinity%
[2026-09-27 09:58:33] [INFO] [Agent] ✅ Execution completed in 88555ms
[2026-09-27 09:58:43] [INFO] [Agent] ✅ Execution completed in 75483ms
[2026-09-27 09:58:49] [ERROR] [Database] Insert into agent_results failed {
  "error": "Connection terminated due to connection timeout",
  "stack": "Error: Connection terminated due to connection timeout\n    at /Users/aliasgarfatepurwala/agent-system/node_modules/pg-pool/index.js:45:11\n    at processTicksAndRejections (node:internal/process/task_queues:104:5)\n    at Database.insert (/Users/aliasgarfatepurwala/agent-system/src/database.ts:169:22)\n    at ArbitrageBot.saveResult (/Users/aliasgarfatepurwala/agent-system/src/base-agent.ts:209:7)\n    at ArbitrageBot.run (/Users/aliasgarfatepurwala/agent-system/src/base-agent.ts:117:7)\n    at Orchestrator.runAgent (/Users/aliasgarfatepurwala/agent-system/src/orchestrator.ts:296:22)\n    at Job.job (/Users/aliasgarfatepurwala/agent-system/src/orchestrator.ts:328:9)"
}
[2026-09-27 09:58:49] [ERROR] [Agent] Failed to save result to database {
  "error": "Connection terminated due to connection timeout",
  "stack": "Error: Connection terminated due to connection timeout\n    at /Users/aliasgarfatepurwala/agent-system/node_modules/pg-pool/index.js:45:11\n    at processTicksAndRejections (node:internal/process/task_queues:104:5)\n    at Database.insert (/Users/aliasgarfatepurwala/agent-system/src/database.ts:169:22)\n    at ArbitrageBot.saveResult (/Users/aliasgarfatepurwala/agent-system/src/base-agent.ts:209:7)\n    at ArbitrageBot.run (/Users/aliasgarfatepurwala/agent-system/src/base-agent.ts:117:7)\n    at Orchestrator.runAgent (/Users/aliasgarfatepurwala/agent-system/src/orchestrator.ts:296:22)\n    at Job.job (/Users/aliasgarfatepurwala/agent-system/src/orchestrator.ts:328:9)"
}
[2026-09-27 09:58:49] [INFO] [Orchestrator] ✅ arbitrage-bot completed in 106937ms
[2026-09-27 09:58:49] [ERROR] [Database] Insert into events failed {
  "error": "Connection terminated due to connection timeout",
  "stack": "Error: Connection terminated due to connection timeout\n    at /Users/aliasgarfatepurwala/agent-system/node_modules/pg-pool/index.js:45:11\n    at processTicksAndRejections (node:internal/process/task_queues:104:5)\n    at Database.insert (/Users/aliasgarfatepurwala/agent-system/src/database.ts:169:22)\n    at Database.publishEvent (/Users/aliasgarfatepurwala/agent-system/src/database.ts:198:7)\n    at VolumeProfileBot.publishEvent (/Users/aliasgarfatepurwala/agent-system/src/base-agent.ts:181:7)\n    at VolumeProfileBot.execute (/Users/aliasgarfatepurwala/agent-system/src/agents/volume-profile-bot.ts:51:11)\n    at VolumeProfileBot.run (/Users/aliasgarfatepurwala/agent-system/src/base-agent.ts:98:20)\n    at Orchestrator.runAgent (/Users/aliasgarfatepurwala/agent-system/src/orchestrator.ts:296:22)\n    at Job.job (/Users/aliasgarfatepurwala/agent-system/src/orchestrator.ts:328:9)"
}
[2026-09-27 09:58:49] [ERROR] [Database] Publish event failed {
  "error": "Connection terminated due to connection timeout",
  "stack": "Error: Connection terminated due to connection timeout\n    at /Users/aliasgarfatepurwala/agent-system/node_modules/pg-pool/index.js:45:11\n    at processTicksAndRejections (node:internal/process/task_queues:104:5)\n    at Database.insert (/Users/aliasgarfatepurwala/agent-system/src/database.ts:169:22)\n    at Database.publishEvent (/Users/aliasgarfatepurwala/agent-system/src/database.ts:198:7)\n    at VolumeProfileBot.publishEvent (/Users/aliasgarfatepurwala/agent-system/src/base-agent.ts:181:7)\n    at VolumeProfileBot.execute (/Users/aliasgarfatepurwala/agent-system/src/agents/volume-profile-bot.ts:51:11)\n    at VolumeProfileBot.run (/Users/aliasgarfatepurwala/agent-system/src/base-agent.ts:98:20)\n    at Orchestrator.runAgent (/Users/aliasgarfatepurwala/agent-system/src/orchestrator.ts:296:22)\n    at Job.job (/Users/aliasgarfatepurwala/agent-system/src/orchestrator.ts:328:9)"
}
[2026-09-27 09:58:49] [WARN] [Agent] 📊 POC-RESISTANCE: XRPUSDT approaching resistance at POC $1.51
[2026-09-27 09:58:50] [ERROR] [Database] Insert into agent_results failed {
  "error": "Connection terminated due to connection timeout",
  "stack": "Error: Connection terminated due to connection timeout\n    at /Users/aliasgarfatepurwala/agent-system/node_modules/pg-pool/index.js:45:11\n    at processTicksAndRejections (node:internal/process/task_queues:104:5)\n    at Database.insert (/Users/aliasgarfatepurwala/agent-system/src/database.ts:169:22)\n    at ScalpingBot.saveResult (/Users/aliasgarfatepurwala/agent-system/src/base-agent.ts:209:7)\n    at ScalpingBot.run (/Users/aliasgarfatepurwala/agent-system/src/base-agent.ts:117:7)\n    at Orchestrator.runAgent (/Users/aliasgarfatepurwala/agent-system/src/orchestrator.ts:296:22)\n    at Job.job (/Users/aliasgarfatepurwala/agent-system/src/orchestrator.ts:328:9)"
}
[2026-09-27 09:58:50] [ERROR] [Agent] Failed to save result to database {
  "error": "Connection terminated due to connection timeout",
  "stack": "Error: Connection terminated due to connection timeout\n    at /Users/aliasgarfatepurwala/agent-system/node_modules/pg-pool/index.js:45:11\n    at processTicksAndRejections (node:internal/process/task_queues:104:5)\n    at Database.insert (/Users/aliasgarfatepurwala/agent-system/src/database.ts:169:22)\n    at ScalpingBot.saveResult (/Users/aliasgarfatepurwala/agent-system/src/base-agent.ts:209:7)\n    at ScalpingBot.run (/Users/aliasgarfatepurwala/agent-system/src/base-agent.ts:117:7)\n    at Orchestrator.runAgent (/Users/aliasgarfatepurwala/agent-system/src/orchestrator.ts:296:22)\n    at Job.job (/Users/aliasgarfatepurwala/agent-system/src/orchestrator.ts:328:9)"
}
[2026-09-27 09:58:50] [INFO] [Orchestrator] ✅ scalping-bot completed in 82623ms
[2026-09-27 09:58:50] [ERROR] [Database] Insert into agent_results failed {
  "error": "Connection terminated due to connection timeout",
  "stack": "Error: Connection terminated due to connection timeout\n    at /Users/aliasgarfatepurwala/agent-system/node_modules/pg-pool/index.js:45:11\n    at processTicksAndRejections (node:internal/process/task_queues:104:5)\n    at Database.insert (/Users/aliasgarfatepurwala/agent-system/src/database.ts:169:22)\n    at VolatilityTrader.saveResult (/Users/aliasgarfatepurwala/agent-system/src/base-agent.ts:209:7)\n    at VolatilityTrader.run (/Users/aliasgarfatepurwala/agent-system/src/base-agent.ts:117:7)\n    at Orchestrator.runAgent (/Users/aliasgarfatepurwala/agent-system/src/orchestrator.ts:296:22)\n    at Job.job (/Users/aliasgarfatepurwala/agent-system/src/orchestrator.ts:328:9)"
}
[2026-09-27 09:58:50] [ERROR] [Agent] Failed to save result to database {
  "error": "Connection terminated due to connection timeout",
  "stack": "Error: Connection terminated due to connection timeout\n    at /Users/aliasgarfatepurwala/agent-system/node_modules/pg-pool/index.js:45:11\n    at processTicksAndRejections (node:internal/process/task_queues:104:5)\n    at Database.insert (/Users/aliasgarfatepurwala/agent-system/src/database.ts:169:22)\n    at VolatilityTrader.saveResult (/Users/aliasgarfatepurwala/agent-system/src/base-agent.ts:209:7)\n    at VolatilityTrader.run (/Users/aliasgarfatepurwala/agent-system/src/base-agent.ts:117:7)\n    at Orchestrator.runAgent (/Users/aliasgarfatepurwala/agent-system/src/orchestrator.ts:296:22)\n    at Job.job (/Users/aliasgarfatepurwala/agent-system/src/orchestrator.ts:328:9)"
}
[2026-09-27 09:58:50] [INFO] [Orchestrator] ✅ volatility-trader completed in 105028ms
[2026-09-27 09:58:50] [ERROR] [Database] Insert into events failed {
  "error": "the database system is shutting down",
  "stack": "error: the database system is shutting down\n    at /Users/aliasgarfatepurwala/agent-system/node_modules/pg-pool/index.js:45:11\n    at processTicksAndRejections (node:internal/process/task_queues:104:5)\n    at Database.insert (/Users/aliasgarfatepurwala/agent-system/src/database.ts:169:22)\n    at Database.publishEvent (/Users/aliasgarfatepurwala/agent-system/src/database.ts:198:7)\n    at VolumeProfileBot.publishEvent (/Users/aliasgarfatepurwala/agent-system/src/base-agent.ts:181:7)\n    at VolumeProfileBot.execute (/Users/aliasgarfatepurwala/agent-system/src/agents/volume-profile-bot.ts:51:11)\n    at VolumeProfileBot.run (/Users/aliasgarfatepurwala/agent-system/src/base-agent.ts:98:20)\n    at Orchestrator.runAgent (/Users/aliasgarfatepurwala/agent-system/src/orchestrator.ts:296:22)\n    at Job.job (/Users/aliasgarfatepurwala/agent-system/src/orchestrator.ts:328:9)"
}
[2026-09-27 09:58:50] [ERROR] [Database] Publish event failed {
  "error": "the database system is shutting down",
  "stack": "error: the database system is shutting down\n    at /Users/aliasgarfatepurwala/agent-system/node_modules/pg-pool/index.js:45:11\n    at processTicksAndRejections (node:internal/process/task_queues:104:5)\n    at Database.insert (/Users/aliasgarfatepurwala/agent-system/src/database.ts:169:22)\n    at Database.publishEvent (/Users/aliasgarfatepurwala/agent-system/src/database.ts:198:7)\n    at VolumeProfileBot.publishEvent (/Users/aliasgarfatepurwala/agent-system/src/base-agent.ts:181:7)\n    at VolumeProfileBot.execute (/Users/aliasgarfatepurwala/agent-system/src/agents/volume-profile-bot.ts:51:11)\n    at VolumeProfileBot.run (/Users/aliasgarfatepurwala/agent-system/src/base-agent.ts:98:20)\n    at Orchestrator.runAgent (/Users/aliasgarfatepurwala/agent-system/src/orchestrator.ts:296:22)\n    at Job.job (/Users/aliasgarfatepurwala/agent-system/src/orchestrator.ts:328:9)"
}
[2026-09-27 09:58:50] [INFO] [Agent] ✅ Volume analysis complete: Found 5 signals
[2026-09-27 09:58:50] [INFO] [Agent] ✅ Execution completed in 221445ms
[2026-09-27 09:58:50] [ERROR] [Database] Insert into agent_results failed {
  "error": "",
  "stack": "AggregateError: \n    at /Users/aliasgarfatepurwala/agent-system/node_modules/pg-pool/index.js:45:11\n    at processTicksAndRejections (node:internal/process/task_queues:104:5)\n    at Database.insert (/Users/aliasgarfatepurwala/agent-system/src/database.ts:169:22)\n    at VolumeProfileBot.saveResult (/Users/aliasgarfatepurwala/agent-system/src/base-agent.ts:209:7)\n    at VolumeProfileBot.run (/Users/aliasgarfatepurwala/agent-system/src/base-agent.ts:117:7)\n    at Orchestrator.runAgent (/Users/aliasgarfatepurwala/agent-system/src/orchestrator.ts:296:22)\n    at Job.job (/Users/aliasgarfatepurwala/agent-system/src/orchestrator.ts:328:9)"
}
[2026-09-27 09:58:50] [ERROR] [Agent] Failed to save result to database {
  "error": "",
  "stack": "AggregateError: \n    at /Users/aliasgarfatepurwala/agent-system/node_modules/pg-pool/index.js:45:11\n    at processTicksAndRejections (node:internal/process/task_queues:104:5)\n    at Database.insert (/Users/aliasgarfatepurwala/agent-system/src/database.ts:169:22)\n    at VolumeProfileBot.saveResult (/Users/aliasgarfatepurwala/agent-system/src/base-agent.ts:209:7)\n    at VolumeProfileBot.run (/Users/aliasgarfatepurwala/agent-system/src/base-agent.ts:117:7)\n    at Orchestrator.runAgent (/Users/aliasgarfatepurwala/agent-system/src/orchestrator.ts:296:22)\n    at Job.job (/Users/aliasgarfatepurwala/agent-system/src/orchestrator.ts:328:9)"
}
[2026-09-27 09:58:50] [INFO] [Orchestrator] ✅ volume-profile-bot completed in 221635ms
[2026-09-27 10:00:00] [INFO] [Orchestrator] ▶️  Running: scalping-bot
[2026-09-27 10:00:00] [INFO] [Agent] 🚀 Starting execution...
[2026-09-27 10:00:00] [INFO] [Agent] ⚡ Scalping Bot: Executing micro-trades...
[2026-09-27 10:00:01] [INFO] [Orchestrator] ▶️  Running: volatility-trader
[2026-09-27 10:00:01] [INFO] [Agent] 🚀 Starting execution...
[2026-09-27 10:00:01] [INFO] [Agent] 📈 Volatility Trader: Analyzing price swings...
[2026-09-27 10:00:01] [INFO] [Orchestrator] ▶️  Running: arbitrage-bot
[2026-09-27 10:00:01] [INFO] [Agent] 🚀 Starting execution...
[2026-09-27 10:00:01] [INFO] [Agent] 🔄 Arbitrage Bot: Scanning for price discrepancies...
[2026-09-27 10:00:01] [INFO] [Orchestrator] ▶️  Running: bitcoin-price-monitor
[2026-09-27 10:00:01] [INFO] [Agent] 🚀 Starting execution...
[2026-09-27 10:00:01] [INFO] [Agent] Fetching Bitcoin price...
[2026-09-27 10:00:01] [INFO] [Orchestrator] ▶️  Running: pump-dump-detector
[2026-09-27 10:00:01] [INFO] [Agent] 🚀 Starting execution...
[2026-09-27 10:00:01] [INFO] [Agent] Scanning 4 coins for pump/dump patterns...
[2026-09-27 10:00:01] [INFO] [Orchestrator] ▶️  Running: momentum-trader
[2026-09-27 10:00:01] [INFO] [Agent] 🚀 Starting execution...
[2026-09-27 10:00:01] [INFO] [Agent] 🚀 Momentum Trader: Scanning for momentum signals...
[2026-09-27 10:00:01] [INFO] [Orchestrator] ▶️  Running: bollinger-bands-bot
[2026-09-27 10:00:01] [INFO] [Agent] 🚀 Starting execution...
[2026-09-27 10:00:01] [INFO] [Agent] Scanning 5 pairs for Bollinger Bands signals...
[2026-09-27 10:00:01] [INFO] [Orchestrator] ▶️  Running: macd-trader
[2026-09-27 10:00:01] [INFO] [Agent] 🚀 Starting execution...
[2026-09-27 10:00:01] [INFO] [Agent] Scanning 5 pairs for MACD signals...
[2026-09-27 10:00:01] [INFO] [Orchestrator] ▶️  Running: rsi-bot
[2026-09-27 10:00:01] [INFO] [Agent] 🚀 Starting execution...
[2026-09-27 10:00:01] [INFO] [Agent] Scanning 5 pairs for RSI signals...
[2026-09-27 10:00:01] [INFO] [Orchestrator] ▶️  Running: volume-profile-bot
[2026-09-27 10:00:01] [INFO] [Agent] 🚀 Starting execution...
[2026-09-27 10:00:01] [INFO] [Agent] Scanning 5 pairs for volume profile signals...
[2026-09-27 10:00:01] [INFO] [Orchestrator] ▶️  Running: grid-trading-bot
[2026-09-27 10:00:01] [INFO] [Agent] 🚀 Starting execution...
[2026-09-27 10:00:01] [INFO] [Agent] 📊 Grid Trading Bot: Checking grid positions...
[2026-09-27 10:00:01] [INFO] [Agent] 📊 [TESTNET DEMO] Using mock prices for grid trading simulation
[2026-09-27 10:00:01] [INFO] [BinanceAPI] 📤 Placing BUY order: 0.0011627906976744186 BTCUSDT @ 43000
[2026-09-27 10:00:01] [INFO] [Orchestrator] ▶️  Running: mean-reversion-bot
[2026-09-27 10:00:01] [INFO] [Agent] 🚀 Starting execution...
[2026-09-27 10:00:01] [INFO] [Agent] 📊 Mean Reversion Bot: Scanning for reversion opportunities...
[2026-09-27 10:00:01] [INFO] [Orchestrator] ▶️  Running: correlation-trader
[2026-09-27 10:00:01] [INFO] [Agent] 🚀 Starting execution...
[2026-09-27 10:00:01] [INFO] [Agent] 🔗 Correlation Trader: Analyzing asset correlations...
[2026-09-27 10:00:01] [INFO] [Orchestrator] ▶️  Running: sentiment-analyzer
[2026-09-27 10:00:01] [INFO] [Agent] 🚀 Starting execution...
[2026-09-27 10:00:01] [INFO] [Agent] Analyzing sentiment for 5 cryptocurrencies...
[2026-09-27 10:00:01] [WARN] [Agent] 📉 BEARISH: ETH: BEARISH sentiment (39% confidence, 0 bullish, 2 bearish)
[2026-09-27 10:00:01] [INFO] [Orchestrator] ▶️  Running: support-resistance-bot
[2026-09-27 10:00:01] [INFO] [Agent] 🚀 Starting execution...
[2026-09-27 10:00:01] [INFO] [Agent] 📊 Support/Resistance Bot: Analyzing technical levels...
[2026-09-27 10:00:01] [INFO] [Orchestrator] ▶️  Running: technical-analysis
[2026-09-27 10:00:01] [INFO] [Agent] 🚀 Starting execution...
[2026-09-27 10:00:01] [INFO] [Agent] 📈 Technical Analysis: Analyzing price movements...
[2026-09-27 10:00:01] [INFO] [Orchestrator] ▶️  Running: portfolio-tracker
[2026-09-27 10:00:01] [INFO] [Agent] 🚀 Starting execution...
[2026-09-27 10:00:01] [INFO] [Agent] Tracking portfolio with 3 holdings...
[2026-09-27 10:00:01] [INFO] [Orchestrator] ▶️  Running: risk-management
[2026-09-27 10:00:01] [INFO] [Agent] 🚀 Starting execution...
[2026-09-27 10:00:01] [INFO] [Agent] 🎯 Risk Management: Analyzing portfolio risk...
[2026-09-27 10:00:02] [INFO] [Orchestrator] 🎯 [risk-management] Portfolio risk update {
  "totalValue": 0,
  "volatility": 0,
  "maxDrawdown": 0,
  "sharpeRatio": -20,
  "var95": 0,
  "recommendationCount": 0
}
[2026-09-27 10:00:02] [INFO] [Agent] ✅ Risk Management: Analysis complete
[2026-09-27 10:00:02] [INFO] [Agent] ✅ Execution completed in 18ms
[2026-09-27 10:00:02] [INFO] [Orchestrator] ▶️  Running: news-monitor
[2026-09-27 10:00:02] [INFO] [Agent] 🚀 Starting execution...
[2026-09-27 10:00:02] [INFO] [Agent] 📰 News Monitor: Starting news scan...
[2026-09-27 10:00:02] [ERROR] [Database] Insert into agent_results failed {
  "error": "database \"agents\" does not exist",
  "stack": "error: database \"agents\" does not exist\n    at /Users/aliasgarfatepurwala/agent-system/node_modules/pg-pool/index.js:45:11\n    at processTicksAndRejections (node:internal/process/task_queues:104:5)\n    at Database.insert (/Users/aliasgarfatepurwala/agent-system/src/database.ts:169:22)\n    at RiskManagement.saveResult (/Users/aliasgarfatepurwala/agent-system/src/base-agent.ts:209:7)\n    at RiskManagement.run (/Users/aliasgarfatepurwala/agent-system/src/base-agent.ts:117:7)\n    at Orchestrator.runAgent (/Users/aliasgarfatepurwala/agent-system/src/orchestrator.ts:296:22)\n    at Job.job (/Users/aliasgarfatepurwala/agent-system/src/orchestrator.ts:328:9)"
}
[2026-09-27 10:00:02] [ERROR] [Agent] Failed to save result to database {
  "error": "database \"agents\" does not exist",
  "stack": "error: database \"agents\" does not exist\n    at /Users/aliasgarfatepurwala/agent-system/node_modules/pg-pool/index.js:45:11\n    at processTicksAndRejections (node:internal/process/task_queues:104:5)\n    at Database.insert (/Users/aliasgarfatepurwala/agent-system/src/database.ts:169:22)\n    at RiskManagement.saveResult (/Users/aliasgarfatepurwala/agent-system/src/base-agent.ts:209:7)\n    at RiskManagement.run (/Users/aliasgarfatepurwala/agent-system/src/base-agent.ts:117:7)\n    at Orchestrator.runAgent (/Users/aliasgarfatepurwala/agent-system/src/orchestrator.ts:296:22)\n    at Job.job (/Users/aliasgarfatepurwala/agent-system/src/orchestrator.ts:328:9)"
}
[2026-09-27 10:00:02] [INFO] [Orchestrator] ✅ risk-management completed in 308ms
[2026-09-27 10:00:02] [ERROR] [Database] Insert into events failed {
  "error": "database \"agents\" does not exist",
  "stack": "error: database \"agents\" does not exist\n    at /Users/aliasgarfatepurwala/agent-system/node_modules/pg-pool/index.js:45:11\n    at processTicksAndRejections (node:internal/process/task_queues:104:5)\n    at Database.insert (/Users/aliasgarfatepurwala/agent-system/src/database.ts:169:22)\n    at Database.publishEvent (/Users/aliasgarfatepurwala/agent-system/src/database.ts:198:7)\n    at SentimentAnalyzer.publishEvent (/Users/aliasgarfatepurwala/agent-system/src/base-agent.ts:181:7)\n    at SentimentAnalyzer.execute (/Users/aliasgarfatepurwala/agent-system/src/agents/sentiment-analyzer.ts:73:11)\n    at SentimentAnalyzer.run (/Users/aliasgarfatepurwala/agent-system/src/base-agent.ts:98:20)\n    at Orchestrator.runAgent (/Users/aliasgarfatepurwala/agent-system/src/orchestrator.ts:296:22)\n    at Job.job (/Users/aliasgarfatepurwala/agent-system/src/orchestrator.ts:328:9)"
}
[2026-09-27 10:00:02] [ERROR] [Database] Publish event failed {
  "error": "database \"agents\" does not exist",
  "stack": "error: database \"agents\" does not exist\n    at /Users/aliasgarfatepurwala/agent-system/node_modules/pg-pool/index.js:45:11\n    at processTicksAndRejections (node:internal/process/task_queues:104:5)\n    at Database.insert (/Users/aliasgarfatepurwala/agent-system/src/database.ts:169:22)\n    at Database.publishEvent (/Users/aliasgarfatepurwala/agent-system/src/database.ts:198:7)\n    at SentimentAnalyzer.publishEvent (/Users/aliasgarfatepurwala/agent-system/src/base-agent.ts:181:7)\n    at SentimentAnalyzer.execute (/Users/aliasgarfatepurwala/agent-system/src/agents/sentiment-analyzer.ts:73:11)\n    at SentimentAnalyzer.run (/Users/aliasgarfatepurwala/agent-system/src/base-agent.ts:98:20)\n    at Orchestrator.runAgent (/Users/aliasgarfatepurwala/agent-system/src/orchestrator.ts:296:22)\n    at Job.job (/Users/aliasgarfatepurwala/agent-system/src/orchestrator.ts:328:9)"
}
[2026-09-27 10:00:02] [WARN] [Agent] 📈 BULLISH: SOL: BULLISH sentiment (31% confidence, 2 bullish, 1 bearish)
[2026-09-27 10:00:02] [ERROR] [Database] Insert into events failed {
  "error": "database \"agents\" does not exist",
  "stack": "error: database \"agents\" does not exist\n    at /Users/aliasgarfatepurwala/agent-system/node_modules/pg-pool/index.js:45:11\n    at processTicksAndRejections (node:internal/process/task_queues:104:5)\n    at Database.insert (/Users/aliasgarfatepurwala/agent-system/src/database.ts:169:22)\n    at Database.publishEvent (/Users/aliasgarfatepurwala/agent-system/src/database.ts:198:7)\n    at SentimentAnalyzer.publishEvent (/Users/aliasgarfatepurwala/agent-system/src/base-agent.ts:181:7)\n    at SentimentAnalyzer.execute (/Users/aliasgarfatepurwala/agent-system/src/agents/sentiment-analyzer.ts:73:11)\n    at SentimentAnalyzer.run (/Users/aliasgarfatepurwala/agent-system/src/base-agent.ts:98:20)\n    at Orchestrator.runAgent (/Users/aliasgarfatepurwala/agent-system/src/orchestrator.ts:296:22)\n    at Job.job (/Users/aliasgarfatepurwala/agent-system/src/orchestrator.ts:328:9)"
}
[2026-09-27 10:00:02] [ERROR] [Database] Publish event failed {
  "error": "database \"agents\" does not exist",
  "stack": "error: database \"agents\" does not exist\n    at /Users/aliasgarfatepurwala/agent-system/node_modules/pg-pool/index.js:45:11\n    at processTicksAndRejections (node:internal/process/task_queues:104:5)\n    at Database.insert (/Users/aliasgarfatepurwala/agent-system/src/database.ts:169:22)\n    at Database.publishEvent (/Users/aliasgarfatepurwala/agent-system/src/database.ts:198:7)\n    at SentimentAnalyzer.publishEvent (/Users/aliasgarfatepurwala/agent-system/src/base-agent.ts:181:7)\n    at SentimentAnalyzer.execute (/Users/aliasgarfatepurwala/agent-system/src/agents/sentiment-analyzer.ts:73:11)\n    at SentimentAnalyzer.run (/Users/aliasgarfatepurwala/agent-system/src/base-agent.ts:98:20)\n    at Orchestrator.runAgent (/Users/aliasgarfatepurwala/agent-system/src/orchestrator.ts:296:22)\n    at Job.job (/Users/aliasgarfatepurwala/agent-system/src/orchestrator.ts:328:9)"
}
[2026-09-27 10:00:02] [INFO] [Agent] ✅ Sentiment analysis complete: Analyzed 2 symbols
[2026-09-27 10:00:02] [INFO] [Agent] ✅ Execution completed in 340ms
[2026-09-27 10:00:02] [ERROR] [Database] Insert into agent_results failed {
  "error": "database \"agents\" does not exist",
  "stack": "error: database \"agents\" does not exist\n    at /Users/aliasgarfatepurwala/agent-system/node_modules/pg-pool/index.js:45:11\n    at processTicksAndRejections (node:internal/process/task_queues:104:5)\n    at Database.insert (/Users/aliasgarfatepurwala/agent-system/src/database.ts:169:22)\n    at SentimentAnalyzer.saveResult (/Users/aliasgarfatepurwala/agent-system/src/base-agent.ts:209:7)\n    at SentimentAnalyzer.run (/Users/aliasgarfatepurwala/agent-system/src/base-agent.ts:117:7)\n    at Orchestrator.runAgent (/Users/aliasgarfatepurwala/agent-system/src/orchestrator.ts:296:22)\n    at Job.job (/Users/aliasgarfatepurwala/agent-system/src/orchestrator.ts:328:9)"
}
[2026-09-27 10:00:02] [ERROR] [Agent] Failed to save result to database {
  "error": "database \"agents\" does not exist",
  "stack": "error: database \"agents\" does not exist\n    at /Users/aliasgarfatepurwala/agent-system/node_modules/pg-pool/index.js:45:11\n    at processTicksAndRejections (node:internal/process/task_queues:104:5)\n    at Database.insert (/Users/aliasgarfatepurwala/agent-system/src/database.ts:169:22)\n    at SentimentAnalyzer.saveResult (/Users/aliasgarfatepurwala/agent-system/src/base-agent.ts:209:7)\n    at SentimentAnalyzer.run (/Users/aliasgarfatepurwala/agent-system/src/base-agent.ts:117:7)\n    at Orchestrator.runAgent (/Users/aliasgarfatepurwala/agent-system/src/orchestrator.ts:296:22)\n    at Job.job (/Users/aliasgarfatepurwala/agent-system/src/orchestrator.ts:328:9)"
}
[2026-09-27 10:00:02] [INFO] [Orchestrator] ✅ sentiment-analyzer completed in 348ms
[2026-09-27 10:00:02] [INFO] [Agent] 💥 VOLATILITY BTC: Infinity%
[2026-09-27 10:00:02] [INFO] [Agent] ✅ Execution completed in 1395ms
[2026-09-27 10:00:02] [ERROR] [Database] Insert into agent_results failed {
  "error": "database \"agents\" does not exist",
  "stack": "error: database \"agents\" does not exist\n    at /Users/aliasgarfatepurwala/agent-system/node_modules/pg-pool/index.js:45:11\n    at processTicksAndRejections (node:internal/process/task_queues:104:5)\n    at Database.insert (/Users/aliasgarfatepurwala/agent-system/src/database.ts:169:22)\n    at VolatilityTrader.saveResult (/Users/aliasgarfatepurwala/agent-system/src/base-agent.ts:209:7)\n    at VolatilityTrader.run (/Users/aliasgarfatepurwala/agent-system/src/base-agent.ts:117:7)\n    at Orchestrator.runAgent (/Users/aliasgarfatepurwala/agent-system/src/orchestrator.ts:296:22)\n    at Job.job (/Users/aliasgarfatepurwala/agent-system/src/orchestrator.ts:328:9)"
}
[2026-09-27 10:00:02] [ERROR] [Agent] Failed to save result to database {
  "error": "database \"agents\" does not exist",
  "stack": "error: database \"agents\" does not exist\n    at /Users/aliasgarfatepurwala/agent-system/node_modules/pg-pool/index.js:45:11\n    at processTicksAndRejections (node:internal/process/task_queues:104:5)\n    at Database.insert (/Users/aliasgarfatepurwala/agent-system/src/database.ts:169:22)\n    at VolatilityTrader.saveResult (/Users/aliasgarfatepurwala/agent-system/src/base-agent.ts:209:7)\n    at VolatilityTrader.run (/Users/aliasgarfatepurwala/agent-system/src/base-agent.ts:117:7)\n    at Orchestrator.runAgent (/Users/aliasgarfatepurwala/agent-system/src/orchestrator.ts:296:22)\n    at Job.job (/Users/aliasgarfatepurwala/agent-system/src/orchestrator.ts:328:9)"
}
[2026-09-27 10:00:02] [INFO] [Orchestrator] ✅ volatility-trader completed in 1403ms
[2026-09-27 10:00:02] [INFO] [Agent] 💰 ARBITRAGE: Buy BTC @ $84496.01, Sell ADA @ $0.25 | Profit: 33371151.97%
[2026-09-27 10:00:02] [INFO] [Agent] 💰 ARBITRAGE: Buy BTC @ $84496.01, Sell XRP @ $1.52 | Profit: 5559213.77%
[2026-09-27 10:00:02] [INFO] [Agent] 💰 ARBITRAGE: Buy ETH @ $2705.20, Sell ADA @ $0.25 | Profit: 1068304.42%
[2026-09-27 10:00:02] [INFO] [Agent] 💰 ARBITRAGE: Buy ETH @ $2705.20, Sell XRP @ $1.52 | Profit: 177885.39%
[2026-09-27 10:00:02] [INFO] [Agent] 💰 ARBITRAGE: Buy BTC @ $84496.01, Sell SOL @ $121.14 | Profit: 69650.71%
[2026-09-27 10:00:02] [INFO] [Agent] 💰 ARBITRAGE: Buy ADA @ $0.25, Sell SOL @ $121.14 | Profit: 47743.60%
[2026-09-27 10:00:02] [INFO] [Agent] 💰 ARBITRAGE: Buy SOL @ $121.14, Sell XRP @ $1.52 | Profit: 7870.26%
[2026-09-27 10:00:02] [INFO] [Agent] 💰 ARBITRAGE: Buy BTC @ $84496.01, Sell ETH @ $2705.20 | Profit: 3023.47%
[2026-09-27 10:00:02] [INFO] [Agent] 💰 ARBITRAGE: Buy ETH @ $2705.20, Sell SOL @ $121.14 | Profit: 2133.12%
[2026-09-27 10:00:02] [INFO] [Agent] 💰 ARBITRAGE: Buy ADA @ $0.25, Sell XRP @ $1.52 | Profit: 500.28%
[2026-09-27 10:00:02] [INFO] [Agent] ✅ Arbitrage Bot: Scan completed
[2026-09-27 10:00:02] [INFO] [Agent] ✅ Execution completed in 1428ms
[2026-09-27 10:00:02] [INFO] [Agent] 🚀 SCALP ADA @ $0.25 | Profit: +0.05%
[2026-09-27 10:00:02] [INFO] [Agent] ✅ Execution completed in 1990ms
[2026-09-27 10:00:02] [ERROR] [Database] Insert into agent_results failed {
  "error": "database \"agents\" does not exist",
  "stack": "error: database \"agents\" does not exist\n    at /Users/aliasgarfatepurwala/agent-system/node_modules/pg-pool/index.js:45:11\n    at processTicksAndRejections (node:internal/process/task_queues:104:5)\n    at Database.insert (/Users/aliasgarfatepurwala/agent-system/src/database.ts:169:22)\n    at ArbitrageBot.saveResult (/Users/aliasgarfatepurwala/agent-system/src/base-agent.ts:209:7)\n    at ArbitrageBot.run (/Users/aliasgarfatepurwala/agent-system/src/base-agent.ts:117:7)\n    at Orchestrator.runAgent (/Users/aliasgarfatepurwala/agent-system/src/orchestrator.ts:296:22)\n    at Job.job (/Users/aliasgarfatepurwala/agent-system/src/orchestrator.ts:328:9)"
}
[2026-09-27 10:00:02] [ERROR] [Agent] Failed to save result to database {
  "error": "database \"agents\" does not exist",
  "stack": "error: database \"agents\" does not exist\n    at /Users/aliasgarfatepurwala/agent-system/node_modules/pg-pool/index.js:45:11\n    at processTicksAndRejections (node:internal/process/task_queues:104:5)\n    at Database.insert (/Users/aliasgarfatepurwala/agent-system/src/database.ts:169:22)\n    at ArbitrageBot.saveResult (/Users/aliasgarfatepurwala/agent-system/src/base-agent.ts:209:7)\n    at ArbitrageBot.run (/Users/aliasgarfatepurwala/agent-system/src/base-agent.ts:117:7)\n    at Orchestrator.runAgent (/Users/aliasgarfatepurwala/agent-system/src/orchestrator.ts:296:22)\n    at Job.job (/Users/aliasgarfatepurwala/agent-system/src/orchestrator.ts:328:9)"
}
[2026-09-27 10:00:02] [INFO] [Orchestrator] ✅ arbitrage-bot completed in 1542ms
[2026-09-27 10:00:02] [ERROR] [Database] Insert into agent_results failed {
  "error": "database \"agents\" does not exist",
  "stack": "error: database \"agents\" does not exist\n    at /Users/aliasgarfatepurwala/agent-system/node_modules/pg-pool/index.js:45:11\n    at processTicksAndRejections (node:internal/process/task_queues:104:5)\n    at Database.insert (/Users/aliasgarfatepurwala/agent-system/src/database.ts:169:22)\n    at ScalpingBot.saveResult (/Users/aliasgarfatepurwala/agent-system/src/base-agent.ts:209:7)\n    at ScalpingBot.run (/Users/aliasgarfatepurwala/agent-system/src/base-agent.ts:117:7)\n    at Orchestrator.runAgent (/Users/aliasgarfatepurwala/agent-system/src/orchestrator.ts:296:22)\n    at Job.job (/Users/aliasgarfatepurwala/agent-system/src/orchestrator.ts:328:9)"
}
[2026-09-27 10:00:02] [ERROR] [Agent] Failed to save result to database {
  "error": "database \"agents\" does not exist",
  "stack": "error: database \"agents\" does not exist\n    at /Users/aliasgarfatepurwala/agent-system/node_modules/pg-pool/index.js:45:11\n    at processTicksAndRejections (node:internal/process/task_queues:104:5)\n    at Database.insert (/Users/aliasgarfatepurwala/agent-system/src/database.ts:169:22)\n    at ScalpingBot.saveResult (/Users/aliasgarfatepurwala/agent-system/src/base-agent.ts:209:7)\n    at ScalpingBot.run (/Users/aliasgarfatepurwala/agent-system/src/base-agent.ts:117:7)\n    at Orchestrator.runAgent (/Users/aliasgarfatepurwala/agent-system/src/orchestrator.ts:296:22)\n    at Job.job (/Users/aliasgarfatepurwala/agent-system/src/orchestrator.ts:328:9)"
}
[2026-09-27 10:00:02] [INFO] [Orchestrator] ✅ scalping-bot completed in 2027ms
[2026-09-27 10:00:02] [INFO] [Agent] ✅ Momentum Trader: Scan completed
[2026-09-27 10:00:02] [INFO] [Agent] ✅ Execution completed in 942ms
[2026-09-27 10:00:02] [INFO] [Agent] ✅ Analysis complete: Found 0 signals
[2026-09-27 10:00:02] [INFO] [Agent] ✅ Execution completed in 958ms
[2026-09-27 10:00:02] [INFO] [Agent] ✅ Scan complete: Found 0 signals
[2026-09-27 10:00:02] [INFO] [Agent] ✅ Execution completed in 968ms
[2026-09-27 10:00:02] [INFO] [Agent] ✅ Price data collected: [{"symbol":"BTC","price":84496.01,"currency":"USD","timestamp":"2026-09-27T06:00:02.898Z","source":"binance","change24h":-0.06,"priceChangeStatus":"stable"}]
[2026-09-27 10:00:02] [INFO] [Agent] ✅ Execution completed in 1070ms
[2026-09-27 10:00:02] [ERROR] [Agent] GET request failed: https://newsapi.org/v2/everything?q=cryptocurrency&sortBy=publishedAt&language=en&pageSize=10 {
  "error": "Request failed with status code 401",
  "stack": "AxiosError: Request failed with status code 401\n    at settle (/Users/aliasgarfatepurwala/agent-system/node_modules/axios/dist/node/axios.cjs:2530:12)\n    at IncomingMessage.handleStreamEnd (/Users/aliasgarfatepurwala/agent-system/node_modules/axios/dist/node/axios.cjs:4772:11)\n    at IncomingMessage.emit (node:events:526:24)\n    at endReadableNT (node:internal/streams/readable:1980:12)\n    at processTicksAndRejections (node:internal/process/task_queues:90:21)\n    at Axios.request (/Users/aliasgarfatepurwala/agent-system/node_modules/axios/dist/node/axios.cjs:6308:43)\n    at processTicksAndRejections (node:internal/process/task_queues:104:5)\n    at NewsMonitor.get (/Users/aliasgarfatepurwala/agent-system/src/base-agent.ts:260:26)\n    at NewsMonitor.fetchNews (/Users/aliasgarfatepurwala/agent-system/src/agents/news-monitor.ts:129:24)\n    at NewsMonitor.execute (/Users/aliasgarfatepurwala/agent-system/src/agents/news-monitor.ts:58:25)\n    at NewsMonitor.run (/Users/aliasgarfatepurwala/agent-system/src/base-agent.ts:98:20)\n    at Orchestrator.runAgent (/Users/aliasgarfatepurwala/agent-system/src/orchestrator.ts:296:22)\n    at Job.job (/Users/aliasgarfatepurwala/agent-system/src/orchestrator.ts:328:9)"
}
[2026-09-27 10:00:02] [INFO] [Agent] ℹ️ NewsAPI unavailable (401), using mock data
[2026-09-27 10:00:02] [INFO] [Agent] 📰 CoinTelegraph: Bitcoin Hits New All-Time High Amid Institutional Adoption... [positive/medium]
[2026-09-27 10:00:02] [INFO] [Agent] 📰 CryptoBreifing: Ethereum Technical Analysis Shows Bullish Breakout... [positive/medium]
[2026-09-27 10:00:02] [INFO] [Agent] 📰 Decrypt: Regulatory Uncertainty Impacts Market... [neutral/low]
[2026-09-27 10:00:02] [INFO] [Orchestrator] 📊 [news-monitor] News sentiment shift {
  "totalNewsItems": 3,
  "criticalCount": 0,
  "positiveSentiment": 2,
  "negativeSentiment": 0
}
[2026-09-27 10:00:03] [INFO] [Agent] ✅ News Monitor: Scan completed
[2026-09-27 10:00:03] [INFO] [Agent] ✅ Execution completed in 984ms
[2026-09-27 10:00:03] [ERROR] [BinanceAPI] ❌ Order placement failed: Invalid API-key, IP, or permissions for action.
[2026-09-27 10:00:03] [ERROR] [Agent] ❌ Failed to place buy order for BTCUSDT
[2026-09-27 10:00:03] [INFO] [BinanceAPI] 📤 Placing BUY order: 0.0011627906976744186 BTCUSDT @ 43000
[2026-09-27 10:00:03] [INFO] [Agent] ✅ MACD analysis complete: Found 0 signals
[2026-09-27 10:00:03] [INFO] [Agent] ✅ Execution completed in 1083ms
[2026-09-27 10:00:03] [INFO] [Agent] ✅ Mean Reversion Bot: Scan completed
[2026-09-27 10:00:03] [INFO] [Agent] ✅ Execution completed in 1070ms
[2026-09-27 10:00:03] [INFO] [Agent] ✅ RSI analysis complete: Found 0 signals
[2026-09-27 10:00:03] [INFO] [Agent] ✅ Execution completed in 1085ms
[2026-09-27 10:00:03] [WARN] [Agent] 📊 VOLUME-SPIKE: BTCUSDT volume spike (1.6x) at $84496.01
[2026-09-27 10:00:03] [INFO] [Agent] 📊 BTC: Price $84496.01 | MA20: 84496.01 | RSI: 50.00 | Signal: NEUTRAL (weak)
[2026-09-27 10:00:03] [INFO] [Agent] 📊 ETH: Price $2705.20 | MA20: 2705.20 | RSI: 50.00 | Signal: NEUTRAL (weak)
[2026-09-27 10:00:03] [INFO] [Agent] 📊 ADA: Price $0.25 | MA20: 0.25 | RSI: 50.00 | Signal: NEUTRAL (weak)
[2026-09-27 10:00:03] [INFO] [Agent] ✅ Technical Analysis: Complete
[2026-09-27 10:00:03] [INFO] [Agent] ✅ Execution completed in 1063ms
[2026-09-27 10:00:03] [INFO] [Agent] ✅ Execution completed in 1070ms
[2026-09-27 10:00:03] [INFO] [Agent] 🔗 HIGH CORRELATION BTC/XRP: -78.0%
[2026-09-27 10:00:03] [INFO] [Agent] ✅ Execution completed in 1082ms
[2026-09-27 10:00:03] [ERROR] [Database] Insert into agent_results failed {
  "error": "database \"agents\" does not exist",
  "stack": "error: database \"agents\" does not exist\n    at /Users/aliasgarfatepurwala/agent-system/node_modules/pg-pool/index.js:45:11\n    at processTicksAndRejections (node:internal/process/task_queues:104:5)\n    at Database.insert (/Users/aliasgarfatepurwala/agent-system/src/database.ts:169:22)\n    at MomentumTrader.saveResult (/Users/aliasgarfatepurwala/agent-system/src/base-agent.ts:209:7)\n    at MomentumTrader.run (/Users/aliasgarfatepurwala/agent-system/src/base-agent.ts:117:7)\n    at Orchestrator.runAgent (/Users/aliasgarfatepurwala/agent-system/src/orchestrator.ts:296:22)\n    at Job.job (/Users/aliasgarfatepurwala/agent-system/src/orchestrator.ts:328:9)"
}
[2026-09-27 10:00:03] [ERROR] [Agent] Failed to save result to database {
  "error": "database \"agents\" does not exist",
  "stack": "error: database \"agents\" does not exist\n    at /Users/aliasgarfatepurwala/agent-system/node_modules/pg-pool/index.js:45:11\n    at processTicksAndRejections (node:internal/process/task_queues:104:5)\n    at Database.insert (/Users/aliasgarfatepurwala/agent-system/src/database.ts:169:22)\n    at MomentumTrader.saveResult (/Users/aliasgarfatepurwala/agent-system/src/base-agent.ts:209:7)\n    at MomentumTrader.run (/Users/aliasgarfatepurwala/agent-system/src/base-agent.ts:117:7)\n    at Orchestrator.runAgent (/Users/aliasgarfatepurwala/agent-system/src/orchestrator.ts:296:22)\n    at Job.job (/Users/aliasgarfatepurwala/agent-system/src/orchestrator.ts:328:9)"
}
[2026-09-27 10:00:03] [INFO] [Orchestrator] ✅ momentum-trader completed in 1286ms
[2026-09-27 10:00:03] [ERROR] [Database] Insert into agent_results failed {
  "error": "database \"agents\" does not exist",
  "stack": "error: database \"agents\" does not exist\n    at /Users/aliasgarfatepurwala/agent-system/node_modules/pg-pool/index.js:45:11\n    at processTicksAndRejections (node:internal/process/task_queues:104:5)\n    at Database.insert (/Users/aliasgarfatepurwala/agent-system/src/database.ts:169:22)\n    at BollingerBandsBot.saveResult (/Users/aliasgarfatepurwala/agent-system/src/base-agent.ts:209:7)\n    at BollingerBandsBot.run (/Users/aliasgarfatepurwala/agent-system/src/base-agent.ts:117:7)\n    at Orchestrator.runAgent (/Users/aliasgarfatepurwala/agent-system/src/orchestrator.ts:296:22)\n    at Job.job (/Users/aliasgarfatepurwala/agent-system/src/orchestrator.ts:328:9)"
}
[2026-09-27 10:00:03] [ERROR] [Agent] Failed to save result to database {
  "error": "database \"agents\" does not exist",
  "stack": "error: database \"agents\" does not exist\n    at /Users/aliasgarfatepurwala/agent-system/node_modules/pg-pool/index.js:45:11\n    at processTicksAndRejections (node:internal/process/task_queues:104:5)\n    at Database.insert (/Users/aliasgarfatepurwala/agent-system/src/database.ts:169:22)\n    at BollingerBandsBot.saveResult (/Users/aliasgarfatepurwala/agent-system/src/base-agent.ts:209:7)\n    at BollingerBandsBot.run (/Users/aliasgarfatepurwala/agent-system/src/base-agent.ts:117:7)\n    at Orchestrator.runAgent (/Users/aliasgarfatepurwala/agent-system/src/orchestrator.ts:296:22)\n    at Job.job (/Users/aliasgarfatepurwala/agent-system/src/orchestrator.ts:328:9)"
}
[2026-09-27 10:00:03] [INFO] [Orchestrator] ✅ bollinger-bands-bot completed in 1284ms
[2026-09-27 10:00:03] [ERROR] [Database] Insert into agent_results failed {
  "error": "database \"agents\" does not exist",
  "stack": "error: database \"agents\" does not exist\n    at /Users/aliasgarfatepurwala/agent-system/node_modules/pg-pool/index.js:45:11\n    at processTicksAndRejections (node:internal/process/task_queues:104:5)\n    at Database.insert (/Users/aliasgarfatepurwala/agent-system/src/database.ts:169:22)\n    at PumpDumpDetector.saveResult (/Users/aliasgarfatepurwala/agent-system/src/base-agent.ts:209:7)\n    at PumpDumpDetector.run (/Users/aliasgarfatepurwala/agent-system/src/base-agent.ts:117:7)\n    at Orchestrator.runAgent (/Users/aliasgarfatepurwala/agent-system/src/orchestrator.ts:296:22)\n    at Job.job (/Users/aliasgarfatepurwala/agent-system/src/orchestrator.ts:328:9)"
}
[2026-09-27 10:00:03] [ERROR] [Agent] Failed to save result to database {
  "error": "database \"agents\" does not exist",
  "stack": "error: database \"agents\" does not exist\n    at /Users/aliasgarfatepurwala/agent-system/node_modules/pg-pool/index.js:45:11\n    at processTicksAndRejections (node:internal/process/task_queues:104:5)\n    at Database.insert (/Users/aliasgarfatepurwala/agent-system/src/database.ts:169:22)\n    at PumpDumpDetector.saveResult (/Users/aliasgarfatepurwala/agent-system/src/base-agent.ts:209:7)\n    at PumpDumpDetector.run (/Users/aliasgarfatepurwala/agent-system/src/base-agent.ts:117:7)\n    at Orchestrator.runAgent (/Users/aliasgarfatepurwala/agent-system/src/orchestrator.ts:296:22)\n    at Job.job (/Users/aliasgarfatepurwala/agent-system/src/orchestrator.ts:328:9)"
}
[2026-09-27 10:00:03] [INFO] [Orchestrator] ✅ pump-dump-detector completed in 1298ms
[2026-09-27 10:00:03] [ERROR] [Database] Insert into agent_results failed {
  "error": "database \"agents\" does not exist",
  "stack": "error: database \"agents\" does not exist\n    at /Users/aliasgarfatepurwala/agent-system/node_modules/pg-pool/index.js:45:11\n    at processTicksAndRejections (node:internal/process/task_queues:104:5)\n    at Database.insert (/Users/aliasgarfatepurwala/agent-system/src/database.ts:169:22)\n    at BitcoinPriceMonitor.saveResult (/Users/aliasgarfatepurwala/agent-system/src/base-agent.ts:209:7)\n    at BitcoinPriceMonitor.run (/Users/aliasgarfatepurwala/agent-system/src/base-agent.ts:117:7)\n    at Orchestrator.runAgent (/Users/aliasgarfatepurwala/agent-system/src/orchestrator.ts:296:22)\n    at Job.job (/Users/aliasgarfatepurwala/agent-system/src/orchestrator.ts:328:9)"
}
[2026-09-27 10:00:03] [ERROR] [Agent] Failed to save result to database {
  "error": "database \"agents\" does not exist",
  "stack": "error: database \"agents\" does not exist\n    at /Users/aliasgarfatepurwala/agent-system/node_modules/pg-pool/index.js:45:11\n    at processTicksAndRejections (node:internal/process/task_queues:104:5)\n    at Database.insert (/Users/aliasgarfatepurwala/agent-system/src/database.ts:169:22)\n    at BitcoinPriceMonitor.saveResult (/Users/aliasgarfatepurwala/agent-system/src/base-agent.ts:209:7)\n    at BitcoinPriceMonitor.run (/Users/aliasgarfatepurwala/agent-system/src/base-agent.ts:117:7)\n    at Orchestrator.runAgent (/Users/aliasgarfatepurwala/agent-system/src/orchestrator.ts:296:22)\n    at Job.job (/Users/aliasgarfatepurwala/agent-system/src/orchestrator.ts:328:9)"
}
[2026-09-27 10:00:03] [INFO] [Orchestrator] ✅ bitcoin-price-monitor completed in 1391ms
[2026-09-27 10:00:03] [ERROR] [Database] Insert into agent_results failed {
  "error": "database \"agents\" does not exist",
  "stack": "error: database \"agents\" does not exist\n    at /Users/aliasgarfatepurwala/agent-system/node_modules/pg-pool/index.js:45:11\n    at processTicksAndRejections (node:internal/process/task_queues:104:5)\n    at Database.insert (/Users/aliasgarfatepurwala/agent-system/src/database.ts:169:22)\n    at MACDTrader.saveResult (/Users/aliasgarfatepurwala/agent-system/src/base-agent.ts:209:7)\n    at MACDTrader.run (/Users/aliasgarfatepurwala/agent-system/src/base-agent.ts:117:7)\n    at Orchestrator.runAgent (/Users/aliasgarfatepurwala/agent-system/src/orchestrator.ts:296:22)\n    at Job.job (/Users/aliasgarfatepurwala/agent-system/src/orchestrator.ts:328:9)"
}
[2026-09-27 10:00:03] [ERROR] [Agent] Failed to save result to database {
  "error": "database \"agents\" does not exist",
  "stack": "error: database \"agents\" does not exist\n    at /Users/aliasgarfatepurwala/agent-system/node_modules/pg-pool/index.js:45:11\n    at processTicksAndRejections (node:internal/process/task_queues:104:5)\n    at Database.insert (/Users/aliasgarfatepurwala/agent-system/src/database.ts:169:22)\n    at MACDTrader.saveResult (/Users/aliasgarfatepurwala/agent-system/src/base-agent.ts:209:7)\n    at MACDTrader.run (/Users/aliasgarfatepurwala/agent-system/src/base-agent.ts:117:7)\n    at Orchestrator.runAgent (/Users/aliasgarfatepurwala/agent-system/src/orchestrator.ts:296:22)\n    at Job.job (/Users/aliasgarfatepurwala/agent-system/src/orchestrator.ts:328:9)"
}
[2026-09-27 10:00:03] [INFO] [Orchestrator] ✅ macd-trader completed in 1292ms
[2026-09-27 10:00:03] [ERROR] [Database] Insert into agent_results failed {
  "error": "database \"agents\" does not exist",
  "stack": "error: database \"agents\" does not exist\n    at /Users/aliasgarfatepurwala/agent-system/node_modules/pg-pool/index.js:45:11\n    at processTicksAndRejections (node:internal/process/task_queues:104:5)\n    at Database.insert (/Users/aliasgarfatepurwala/agent-system/src/database.ts:169:22)\n    at NewsMonitor.saveResult (/Users/aliasgarfatepurwala/agent-system/src/base-agent.ts:209:7)\n    at NewsMonitor.run (/Users/aliasgarfatepurwala/agent-system/src/base-agent.ts:117:7)\n    at Orchestrator.runAgent (/Users/aliasgarfatepurwala/agent-system/src/orchestrator.ts:296:22)\n    at Job.job (/Users/aliasgarfatepurwala/agent-system/src/orchestrator.ts:328:9)"
}
[2026-09-27 10:00:03] [ERROR] [Agent] Failed to save result to database {
  "error": "database \"agents\" does not exist",
  "stack": "error: database \"agents\" does not exist\n    at /Users/aliasgarfatepurwala/agent-system/node_modules/pg-pool/index.js:45:11\n    at processTicksAndRejections (node:internal/process/task_queues:104:5)\n    at Database.insert (/Users/aliasgarfatepurwala/agent-system/src/database.ts:169:22)\n    at NewsMonitor.saveResult (/Users/aliasgarfatepurwala/agent-system/src/base-agent.ts:209:7)\n    at NewsMonitor.run (/Users/aliasgarfatepurwala/agent-system/src/base-agent.ts:117:7)\n    at Orchestrator.runAgent (/Users/aliasgarfatepurwala/agent-system/src/orchestrator.ts:296:22)\n    at Job.job (/Users/aliasgarfatepurwala/agent-system/src/orchestrator.ts:328:9)"
}
[2026-09-27 10:00:03] [INFO] [Orchestrator] ✅ news-monitor completed in 1215ms
[2026-09-27 10:00:03] [ERROR] [Database] Insert into agent_results failed {
  "error": "database \"agents\" does not exist",
  "stack": "error: database \"agents\" does not exist\n    at /Users/aliasgarfatepurwala/agent-system/node_modules/pg-pool/index.js:45:11\n    at processTicksAndRejections (node:internal/process/task_queues:104:5)\n    at Database.insert (/Users/aliasgarfatepurwala/agent-system/src/database.ts:169:22)\n    at MeanReversionBot.saveResult (/Users/aliasgarfatepurwala/agent-system/src/base-agent.ts:209:7)\n    at MeanReversionBot.run (/Users/aliasgarfatepurwala/agent-system/src/base-agent.ts:117:7)\n    at Orchestrator.runAgent (/Users/aliasgarfatepurwala/agent-system/src/orchestrator.ts:296:22)\n    at Job.job (/Users/aliasgarfatepurwala/agent-system/src/orchestrator.ts:328:9)"
}
[2026-09-27 10:00:03] [ERROR] [Agent] Failed to save result to database {
  "error": "database \"agents\" does not exist",
  "stack": "error: database \"agents\" does not exist\n    at /Users/aliasgarfatepurwala/agent-system/node_modules/pg-pool/index.js:45:11\n    at processTicksAndRejections (node:internal/process/task_queues:104:5)\n    at Database.insert (/Users/aliasgarfatepurwala/agent-system/src/database.ts:169:22)\n    at MeanReversionBot.saveResult (/Users/aliasgarfatepurwala/agent-system/src/base-agent.ts:209:7)\n    at MeanReversionBot.run (/Users/aliasgarfatepurwala/agent-system/src/base-agent.ts:117:7)\n    at Orchestrator.runAgent (/Users/aliasgarfatepurwala/agent-system/src/orchestrator.ts:296:22)\n    at Job.job (/Users/aliasgarfatepurwala/agent-system/src/orchestrator.ts:328:9)"
}
[2026-09-27 10:00:03] [INFO] [Orchestrator] ✅ mean-reversion-bot completed in 1275ms
[2026-09-27 10:00:03] [ERROR] [Database] Insert into agent_results failed {
  "error": "database \"agents\" does not exist",
  "stack": "error: database \"agents\" does not exist\n    at /Users/aliasgarfatepurwala/agent-system/node_modules/pg-pool/index.js:45:11\n    at processTicksAndRejections (node:internal/process/task_queues:104:5)\n    at Database.insert (/Users/aliasgarfatepurwala/agent-system/src/database.ts:169:22)\n    at RSIBot.saveResult (/Users/aliasgarfatepurwala/agent-system/src/base-agent.ts:209:7)\n    at RSIBot.run (/Users/aliasgarfatepurwala/agent-system/src/base-agent.ts:117:7)\n    at Orchestrator.runAgent (/Users/aliasgarfatepurwala/agent-system/src/orchestrator.ts:296:22)\n    at Job.job (/Users/aliasgarfatepurwala/agent-system/src/orchestrator.ts:328:9)"
}
[2026-09-27 10:00:03] [ERROR] [Agent] Failed to save result to database {
  "error": "database \"agents\" does not exist",
  "stack": "error: database \"agents\" does not exist\n    at /Users/aliasgarfatepurwala/agent-system/node_modules/pg-pool/index.js:45:11\n    at processTicksAndRejections (node:internal/process/task_queues:104:5)\n    at Database.insert (/Users/aliasgarfatepurwala/agent-system/src/database.ts:169:22)\n    at RSIBot.saveResult (/Users/aliasgarfatepurwala/agent-system/src/base-agent.ts:209:7)\n    at RSIBot.run (/Users/aliasgarfatepurwala/agent-system/src/base-agent.ts:117:7)\n    at Orchestrator.runAgent (/Users/aliasgarfatepurwala/agent-system/src/orchestrator.ts:296:22)\n    at Job.job (/Users/aliasgarfatepurwala/agent-system/src/orchestrator.ts:328:9)"
}
[2026-09-27 10:00:03] [INFO] [Orchestrator] ✅ rsi-bot completed in 1288ms
[2026-09-27 10:00:03] [ERROR] [Database] Insert into events failed {
  "error": "database \"agents\" does not exist",
  "stack": "error: database \"agents\" does not exist\n    at /Users/aliasgarfatepurwala/agent-system/node_modules/pg-pool/index.js:45:11\n    at processTicksAndRejections (node:internal/process/task_queues:104:5)\n    at Database.insert (/Users/aliasgarfatepurwala/agent-system/src/database.ts:169:22)\n    at Database.publishEvent (/Users/aliasgarfatepurwala/agent-system/src/database.ts:198:7)\n    at VolumeProfileBot.publishEvent (/Users/aliasgarfatepurwala/agent-system/src/base-agent.ts:181:7)\n    at VolumeProfileBot.execute (/Users/aliasgarfatepurwala/agent-system/src/agents/volume-profile-bot.ts:51:11)\n    at VolumeProfileBot.run (/Users/aliasgarfatepurwala/agent-system/src/base-agent.ts:98:20)\n    at Orchestrator.runAgent (/Users/aliasgarfatepurwala/agent-system/src/orchestrator.ts:296:22)\n    at Job.job (/Users/aliasgarfatepurwala/agent-system/src/orchestrator.ts:328:9)"
}
[2026-09-27 10:00:03] [ERROR] [Database] Publish event failed {
  "error": "database \"agents\" does not exist",
  "stack": "error: database \"agents\" does not exist\n    at /Users/aliasgarfatepurwala/agent-system/node_modules/pg-pool/index.js:45:11\n    at processTicksAndRejections (node:internal/process/task_queues:104:5)\n    at Database.insert (/Users/aliasgarfatepurwala/agent-system/src/database.ts:169:22)\n    at Database.publishEvent (/Users/aliasgarfatepurwala/agent-system/src/database.ts:198:7)\n    at VolumeProfileBot.publishEvent (/Users/aliasgarfatepurwala/agent-system/src/base-agent.ts:181:7)\n    at VolumeProfileBot.execute (/Users/aliasgarfatepurwala/agent-system/src/agents/volume-profile-bot.ts:51:11)\n    at VolumeProfileBot.run (/Users/aliasgarfatepurwala/agent-system/src/base-agent.ts:98:20)\n    at Orchestrator.runAgent (/Users/aliasgarfatepurwala/agent-system/src/orchestrator.ts:296:22)\n    at Job.job (/Users/aliasgarfatepurwala/agent-system/src/orchestrator.ts:328:9)"
}
[2026-09-27 10:00:03] [WARN] [Agent] 📊 POC-RESISTANCE: ETHUSDT approaching resistance at POC $2691.67
[2026-09-27 10:00:03] [ERROR] [Database] Insert into agent_results failed {
  "error": "database \"agents\" does not exist",
  "stack": "error: database \"agents\" does not exist\n    at /Users/aliasgarfatepurwala/agent-system/node_modules/pg-pool/index.js:45:11\n    at processTicksAndRejections (node:internal/process/task_queues:104:5)\n    at Database.insert (/Users/aliasgarfatepurwala/agent-system/src/database.ts:169:22)\n    at TechnicalAnalysis.saveResult (/Users/aliasgarfatepurwala/agent-system/src/base-agent.ts:209:7)\n    at TechnicalAnalysis.run (/Users/aliasgarfatepurwala/agent-system/src/base-agent.ts:117:7)\n    at Orchestrator.runAgent (/Users/aliasgarfatepurwala/agent-system/src/orchestrator.ts:296:22)\n    at Job.job (/Users/aliasgarfatepurwala/agent-system/src/orchestrator.ts:328:9)"
}
[2026-09-27 10:00:03] [ERROR] [Agent] Failed to save result to database {
  "error": "database \"agents\" does not exist",
  "stack": "error: database \"agents\" does not exist\n    at /Users/aliasgarfatepurwala/agent-system/node_modules/pg-pool/index.js:45:11\n    at processTicksAndRejections (node:internal/process/task_queues:104:5)\n    at Database.insert (/Users/aliasgarfatepurwala/agent-system/src/database.ts:169:22)\n    at TechnicalAnalysis.saveResult (/Users/aliasgarfatepurwala/agent-system/src/base-agent.ts:209:7)\n    at TechnicalAnalysis.run (/Users/aliasgarfatepurwala/agent-system/src/base-agent.ts:117:7)\n    at Orchestrator.runAgent (/Users/aliasgarfatepurwala/agent-system/src/orchestrator.ts:296:22)\n    at Job.job (/Users/aliasgarfatepurwala/agent-system/src/orchestrator.ts:328:9)"
}
[2026-09-27 10:00:03] [INFO] [Orchestrator] ✅ technical-analysis completed in 1260ms
[2026-09-27 10:00:03] [ERROR] [Database] Insert into agent_results failed {
  "error": "database \"agents\" does not exist",
  "stack": "error: database \"agents\" does not exist\n    at /Users/aliasgarfatepurwala/agent-system/node_modules/pg-pool/index.js:45:11\n    at processTicksAndRejections (node:internal/process/task_queues:104:5)\n    at Database.insert (/Users/aliasgarfatepurwala/agent-system/src/database.ts:169:22)\n    at SupportResistanceBot.saveResult (/Users/aliasgarfatepurwala/agent-system/src/base-agent.ts:209:7)\n    at SupportResistanceBot.run (/Users/aliasgarfatepurwala/agent-system/src/base-agent.ts:117:7)\n    at Orchestrator.runAgent (/Users/aliasgarfatepurwala/agent-system/src/orchestrator.ts:296:22)\n    at Job.job (/Users/aliasgarfatepurwala/agent-system/src/orchestrator.ts:328:9)"
}
[2026-09-27 10:00:03] [ERROR] [Agent] Failed to save result to database {
  "error": "database \"agents\" does not exist",
  "stack": "error: database \"agents\" does not exist\n    at /Users/aliasgarfatepurwala/agent-system/node_modules/pg-pool/index.js:45:11\n    at processTicksAndRejections (node:internal/process/task_queues:104:5)\n    at Database.insert (/Users/aliasgarfatepurwala/agent-system/src/database.ts:169:22)\n    at SupportResistanceBot.saveResult (/Users/aliasgarfatepurwala/agent-system/src/base-agent.ts:209:7)\n    at SupportResistanceBot.run (/Users/aliasgarfatepurwala/agent-system/src/base-agent.ts:117:7)\n    at Orchestrator.runAgent (/Users/aliasgarfatepurwala/agent-system/src/orchestrator.ts:296:22)\n    at Job.job (/Users/aliasgarfatepurwala/agent-system/src/orchestrator.ts:328:9)"
}
[2026-09-27 10:00:03] [INFO] [Orchestrator] ✅ support-resistance-bot completed in 1265ms
[2026-09-27 10:00:03] [ERROR] [Database] Insert into agent_results failed {
  "error": "database \"agents\" does not exist",
  "stack": "error: database \"agents\" does not exist\n    at /Users/aliasgarfatepurwala/agent-system/node_modules/pg-pool/index.js:45:11\n    at processTicksAndRejections (node:internal/process/task_queues:104:5)\n    at Database.insert (/Users/aliasgarfatepurwala/agent-system/src/database.ts:169:22)\n    at CorrelationTrader.saveResult (/Users/aliasgarfatepurwala/agent-system/src/base-agent.ts:209:7)\n    at CorrelationTrader.run (/Users/aliasgarfatepurwala/agent-system/src/base-agent.ts:117:7)\n    at Orchestrator.runAgent (/Users/aliasgarfatepurwala/agent-system/src/orchestrator.ts:296:22)\n    at Job.job (/Users/aliasgarfatepurwala/agent-system/src/orchestrator.ts:328:9)"
}
[2026-09-27 10:00:03] [ERROR] [Agent] Failed to save result to database {
  "error": "database \"agents\" does not exist",
  "stack": "error: database \"agents\" does not exist\n    at /Users/aliasgarfatepurwala/agent-system/node_modules/pg-pool/index.js:45:11\n    at processTicksAndRejections (node:internal/process/task_queues:104:5)\n    at Database.insert (/Users/aliasgarfatepurwala/agent-system/src/database.ts:169:22)\n    at CorrelationTrader.saveResult (/Users/aliasgarfatepurwala/agent-system/src/base-agent.ts:209:7)\n    at CorrelationTrader.run (/Users/aliasgarfatepurwala/agent-system/src/base-agent.ts:117:7)\n    at Orchestrator.runAgent (/Users/aliasgarfatepurwala/agent-system/src/orchestrator.ts:296:22)\n    at Job.job (/Users/aliasgarfatepurwala/agent-system/src/orchestrator.ts:328:9)"
}
[2026-09-27 10:00:03] [INFO] [Orchestrator] ✅ correlation-trader completed in 1274ms
[2026-09-27 10:00:03] [ERROR] [Database] Insert into events failed {
  "error": "database \"agents\" does not exist",
  "stack": "error: database \"agents\" does not exist\n    at /Users/aliasgarfatepurwala/agent-system/node_modules/pg-pool/index.js:45:11\n    at processTicksAndRejections (node:internal/process/task_queues:104:5)\n    at Database.insert (/Users/aliasgarfatepurwala/agent-system/src/database.ts:169:22)\n    at Database.publishEvent (/Users/aliasgarfatepurwala/agent-system/src/database.ts:198:7)\n    at PortfolioTracker.publishEvent (/Users/aliasgarfatepurwala/agent-system/src/base-agent.ts:181:7)\n    at PortfolioTracker.publishPortfolioUpdate (/Users/aliasgarfatepurwala/agent-system/src/agents/portfolio-tracker.ts:214:5)\n    at PortfolioTracker.execute (/Users/aliasgarfatepurwala/agent-system/src/agents/portfolio-tracker.ts:79:7)\n    at PortfolioTracker.run (/Users/aliasgarfatepurwala/agent-system/src/base-agent.ts:98:20)\n    at Orchestrator.runAgent (/Users/aliasgarfatepurwala/agent-system/src/orchestrator.ts:296:22)\n    at Job.job (/Users/aliasgarfatepurwala/agent-system/src/orchestrator.ts:328:9)"
}
[2026-09-27 10:00:03] [ERROR] [Database] Publish event failed {
  "error": "database \"agents\" does not exist",
  "stack": "error: database \"agents\" does not exist\n    at /Users/aliasgarfatepurwala/agent-system/node_modules/pg-pool/index.js:45:11\n    at processTicksAndRejections (node:internal/process/task_queues:104:5)\n    at Database.insert (/Users/aliasgarfatepurwala/agent-system/src/database.ts:169:22)\n    at Database.publishEvent (/Users/aliasgarfatepurwala/agent-system/src/database.ts:198:7)\n    at PortfolioTracker.publishEvent (/Users/aliasgarfatepurwala/agent-system/src/base-agent.ts:181:7)\n    at PortfolioTracker.publishPortfolioUpdate (/Users/aliasgarfatepurwala/agent-system/src/agents/portfolio-tracker.ts:214:5)\n    at PortfolioTracker.execute (/Users/aliasgarfatepurwala/agent-system/src/agents/portfolio-tracker.ts:79:7)\n    at PortfolioTracker.run (/Users/aliasgarfatepurwala/agent-system/src/base-agent.ts:98:20)\n    at Orchestrator.runAgent (/Users/aliasgarfatepurwala/agent-system/src/orchestrator.ts:296:22)\n    at Job.job (/Users/aliasgarfatepurwala/agent-system/src/orchestrator.ts:328:9)"
}
[2026-09-27 10:00:03] [ERROR] [Database] Insert into events failed {
  "error": "database \"agents\" does not exist",
  "stack": "error: database \"agents\" does not exist\n    at /Users/aliasgarfatepurwala/agent-system/node_modules/pg-pool/index.js:45:11\n    at processTicksAndRejections (node:internal/process/task_queues:104:5)\n    at Database.insert (/Users/aliasgarfatepurwala/agent-system/src/database.ts:169:22)\n    at Database.publishEvent (/Users/aliasgarfatepurwala/agent-system/src/database.ts:198:7)\n    at VolumeProfileBot.publishEvent (/Users/aliasgarfatepurwala/agent-system/src/base-agent.ts:181:7)\n    at VolumeProfileBot.execute (/Users/aliasgarfatepurwala/agent-system/src/agents/volume-profile-bot.ts:51:11)\n    at VolumeProfileBot.run (/Users/aliasgarfatepurwala/agent-system/src/base-agent.ts:98:20)\n    at Orchestrator.runAgent (/Users/aliasgarfatepurwala/agent-system/src/orchestrator.ts:296:22)\n    at Job.job (/Users/aliasgarfatepurwala/agent-system/src/orchestrator.ts:328:9)"
}
[2026-09-27 10:00:03] [ERROR] [Database] Publish event failed {
  "error": "database \"agents\" does not exist",
  "stack": "error: database \"agents\" does not exist\n    at /Users/aliasgarfatepurwala/agent-system/node_modules/pg-pool/index.js:45:11\n    at processTicksAndRejections (node:internal/process/task_queues:104:5)\n    at Database.insert (/Users/aliasgarfatepurwala/agent-system/src/database.ts:169:22)\n    at Database.publishEvent (/Users/aliasgarfatepurwala/agent-system/src/database.ts:198:7)\n    at VolumeProfileBot.publishEvent (/Users/aliasgarfatepurwala/agent-system/src/base-agent.ts:181:7)\n    at VolumeProfileBot.execute (/Users/aliasgarfatepurwala/agent-system/src/agents/volume-profile-bot.ts:51:11)\n    at VolumeProfileBot.run (/Users/aliasgarfatepurwala/agent-system/src/base-agent.ts:98:20)\n    at Orchestrator.runAgent (/Users/aliasgarfatepurwala/agent-system/src/orchestrator.ts:296:22)\n    at Job.job (/Users/aliasgarfatepurwala/agent-system/src/orchestrator.ts:328:9)"
}
[2026-09-27 10:00:03] [WARN] [Agent] 📊 POC-RESISTANCE: ADAUSDT approaching resistance at POC $0.25
[2026-09-27 10:00:03] [ERROR] [Database] Insert into events failed {
  "error": "database \"agents\" does not exist",
  "stack": "error: database \"agents\" does not exist\n    at /Users/aliasgarfatepurwala/agent-system/node_modules/pg-pool/index.js:45:11\n    at processTicksAndRejections (node:internal/process/task_queues:104:5)\n    at Database.insert (/Users/aliasgarfatepurwala/agent-system/src/database.ts:169:22)\n    at Database.publishEvent (/Users/aliasgarfatepurwala/agent-system/src/database.ts:198:7)\n    at PortfolioTracker.publishEvent (/Users/aliasgarfatepurwala/agent-system/src/base-agent.ts:181:7)\n    at PortfolioTracker.execute (/Users/aliasgarfatepurwala/agent-system/src/agents/portfolio-tracker.ts:84:11)\n    at PortfolioTracker.run (/Users/aliasgarfatepurwala/agent-system/src/base-agent.ts:98:20)\n    at Orchestrator.runAgent (/Users/aliasgarfatepurwala/agent-system/src/orchestrator.ts:296:22)\n    at Job.job (/Users/aliasgarfatepurwala/agent-system/src/orchestrator.ts:328:9)"
}
[2026-09-27 10:00:03] [ERROR] [Database] Publish event failed {
  "error": "database \"agents\" does not exist",
  "stack": "error: database \"agents\" does not exist\n    at /Users/aliasgarfatepurwala/agent-system/node_modules/pg-pool/index.js:45:11\n    at processTicksAndRejections (node:internal/process/task_queues:104:5)\n    at Database.insert (/Users/aliasgarfatepurwala/agent-system/src/database.ts:169:22)\n    at Database.publishEvent (/Users/aliasgarfatepurwala/agent-system/src/database.ts:198:7)\n    at PortfolioTracker.publishEvent (/Users/aliasgarfatepurwala/agent-system/src/base-agent.ts:181:7)\n    at PortfolioTracker.execute (/Users/aliasgarfatepurwala/agent-system/src/agents/portfolio-tracker.ts:84:11)\n    at PortfolioTracker.run (/Users/aliasgarfatepurwala/agent-system/src/base-agent.ts:98:20)\n    at Orchestrator.runAgent (/Users/aliasgarfatepurwala/agent-system/src/orchestrator.ts:296:22)\n    at Job.job (/Users/aliasgarfatepurwala/agent-system/src/orchestrator.ts:328:9)"
}
[2026-09-27 10:00:03] [INFO] [Agent] ✅ Portfolio tracked: Total value $55799.33
[2026-09-27 10:00:03] [INFO] [Agent] ✅ Execution completed in 1295ms
[2026-09-27 10:00:03] [ERROR] [Database] Insert into events failed {
  "error": "database \"agents\" does not exist",
  "stack": "error: database \"agents\" does not exist\n    at /Users/aliasgarfatepurwala/agent-system/node_modules/pg-pool/index.js:45:11\n    at processTicksAndRejections (node:internal/process/task_queues:104:5)\n    at Database.insert (/Users/aliasgarfatepurwala/agent-system/src/database.ts:169:22)\n    at Database.publishEvent (/Users/aliasgarfatepurwala/agent-system/src/database.ts:198:7)\n    at VolumeProfileBot.publishEvent (/Users/aliasgarfatepurwala/agent-system/src/base-agent.ts:181:7)\n    at VolumeProfileBot.execute (/Users/aliasgarfatepurwala/agent-system/src/agents/volume-profile-bot.ts:51:11)\n    at VolumeProfileBot.run (/Users/aliasgarfatepurwala/agent-system/src/base-agent.ts:98:20)\n    at Orchestrator.runAgent (/Users/aliasgarfatepurwala/agent-system/src/orchestrator.ts:296:22)\n    at Job.job (/Users/aliasgarfatepurwala/agent-system/src/orchestrator.ts:328:9)"
}
[2026-09-27 10:00:03] [ERROR] [Database] Publish event failed {
  "error": "database \"agents\" does not exist",
  "stack": "error: database \"agents\" does not exist\n    at /Users/aliasgarfatepurwala/agent-system/node_modules/pg-pool/index.js:45:11\n    at processTicksAndRejections (node:internal/process/task_queues:104:5)\n    at Database.insert (/Users/aliasgarfatepurwala/agent-system/src/database.ts:169:22)\n    at Database.publishEvent (/Users/aliasgarfatepurwala/agent-system/src/database.ts:198:7)\n    at VolumeProfileBot.publishEvent (/Users/aliasgarfatepurwala/agent-system/src/base-agent.ts:181:7)\n    at VolumeProfileBot.execute (/Users/aliasgarfatepurwala/agent-system/src/agents/volume-profile-bot.ts:51:11)\n    at VolumeProfileBot.run (/Users/aliasgarfatepurwala/agent-system/src/base-agent.ts:98:20)\n    at Orchestrator.runAgent (/Users/aliasgarfatepurwala/agent-system/src/orchestrator.ts:296:22)\n    at Job.job (/Users/aliasgarfatepurwala/agent-system/src/orchestrator.ts:328:9)"
}
[2026-09-27 10:00:03] [WARN] [Agent] 📊 POC-RESISTANCE: SOLUSDT approaching resistance at POC $120.52
[2026-09-27 10:00:03] [ERROR] [Database] Insert into agent_results failed {
  "error": "database \"agents\" does not exist",
  "stack": "error: database \"agents\" does not exist\n    at /Users/aliasgarfatepurwala/agent-system/node_modules/pg-pool/index.js:45:11\n    at processTicksAndRejections (node:internal/process/task_queues:104:5)\n    at Database.insert (/Users/aliasgarfatepurwala/agent-system/src/database.ts:169:22)\n    at PortfolioTracker.saveResult (/Users/aliasgarfatepurwala/agent-system/src/base-agent.ts:209:7)\n    at PortfolioTracker.run (/Users/aliasgarfatepurwala/agent-system/src/base-agent.ts:117:7)\n    at Orchestrator.runAgent (/Users/aliasgarfatepurwala/agent-system/src/orchestrator.ts:296:22)\n    at Job.job (/Users/aliasgarfatepurwala/agent-system/src/orchestrator.ts:328:9)"
}
[2026-09-27 10:00:03] [ERROR] [Agent] Failed to save result to database {
  "error": "database \"agents\" does not exist",
  "stack": "error: database \"agents\" does not exist\n    at /Users/aliasgarfatepurwala/agent-system/node_modules/pg-pool/index.js:45:11\n    at processTicksAndRejections (node:internal/process/task_queues:104:5)\n    at Database.insert (/Users/aliasgarfatepurwala/agent-system/src/database.ts:169:22)\n    at PortfolioTracker.saveResult (/Users/aliasgarfatepurwala/agent-system/src/base-agent.ts:209:7)\n    at PortfolioTracker.run (/Users/aliasgarfatepurwala/agent-system/src/base-agent.ts:117:7)\n    at Orchestrator.runAgent (/Users/aliasgarfatepurwala/agent-system/src/orchestrator.ts:296:22)\n    at Job.job (/Users/aliasgarfatepurwala/agent-system/src/orchestrator.ts:328:9)"
}
[2026-09-27 10:00:03] [INFO] [Orchestrator] ✅ portfolio-tracker completed in 1297ms
[2026-09-27 10:00:03] [ERROR] [Database] Insert into events failed {
  "error": "database \"agents\" does not exist",
  "stack": "error: database \"agents\" does not exist\n    at /Users/aliasgarfatepurwala/agent-system/node_modules/pg-pool/index.js:45:11\n    at processTicksAndRejections (node:internal/process/task_queues:104:5)\n    at Database.insert (/Users/aliasgarfatepurwala/agent-system/src/database.ts:169:22)\n    at Database.publishEvent (/Users/aliasgarfatepurwala/agent-system/src/database.ts:198:7)\n    at VolumeProfileBot.publishEvent (/Users/aliasgarfatepurwala/agent-system/src/base-agent.ts:181:7)\n    at VolumeProfileBot.execute (/Users/aliasgarfatepurwala/agent-system/src/agents/volume-profile-bot.ts:51:11)\n    at VolumeProfileBot.run (/Users/aliasgarfatepurwala/agent-system/src/base-agent.ts:98:20)\n    at Orchestrator.runAgent (/Users/aliasgarfatepurwala/agent-system/src/orchestrator.ts:296:22)\n    at Job.job (/Users/aliasgarfatepurwala/agent-system/src/orchestrator.ts:328:9)"
}
[2026-09-27 10:00:03] [ERROR] [Database] Publish event failed {
  "error": "database \"agents\" does not exist",
  "stack": "error: database \"agents\" does not exist\n    at /Users/aliasgarfatepurwala/agent-system/node_modules/pg-pool/index.js:45:11\n    at processTicksAndRejections (node:internal/process/task_queues:104:5)\n    at Database.insert (/Users/aliasgarfatepurwala/agent-system/src/database.ts:169:22)\n    at Database.publishEvent (/Users/aliasgarfatepurwala/agent-system/src/database.ts:198:7)\n    at VolumeProfileBot.publishEvent (/Users/aliasgarfatepurwala/agent-system/src/base-agent.ts:181:7)\n    at VolumeProfileBot.execute (/Users/aliasgarfatepurwala/agent-system/src/agents/volume-profile-bot.ts:51:11)\n    at VolumeProfileBot.run (/Users/aliasgarfatepurwala/agent-system/src/base-agent.ts:98:20)\n    at Orchestrator.runAgent (/Users/aliasgarfatepurwala/agent-system/src/orchestrator.ts:296:22)\n    at Job.job (/Users/aliasgarfatepurwala/agent-system/src/orchestrator.ts:328:9)"
}
[2026-09-27 10:00:03] [WARN] [Agent] 📊 POC-RESISTANCE: XRPUSDT approaching resistance at POC $1.51
[2026-09-27 10:00:03] [ERROR] [Database] Insert into events failed {
  "error": "database \"agents\" does not exist",
  "stack": "error: database \"agents\" does not exist\n    at /Users/aliasgarfatepurwala/agent-system/node_modules/pg-pool/index.js:45:11\n    at processTicksAndRejections (node:internal/process/task_queues:104:5)\n    at Database.insert (/Users/aliasgarfatepurwala/agent-system/src/database.ts:169:22)\n    at Database.publishEvent (/Users/aliasgarfatepurwala/agent-system/src/database.ts:198:7)\n    at VolumeProfileBot.publishEvent (/Users/aliasgarfatepurwala/agent-system/src/base-agent.ts:181:7)\n    at VolumeProfileBot.execute (/Users/aliasgarfatepurwala/agent-system/src/agents/volume-profile-bot.ts:51:11)\n    at VolumeProfileBot.run (/Users/aliasgarfatepurwala/agent-system/src/base-agent.ts:98:20)\n    at Orchestrator.runAgent (/Users/aliasgarfatepurwala/agent-system/src/orchestrator.ts:296:22)\n    at Job.job (/Users/aliasgarfatepurwala/agent-system/src/orchestrator.ts:328:9)"
}
[2026-09-27 10:00:03] [ERROR] [Database] Publish event failed {
  "error": "database \"agents\" does not exist",
  "stack": "error: database \"agents\" does not exist\n    at /Users/aliasgarfatepurwala/agent-system/node_modules/pg-pool/index.js:45:11\n    at processTicksAndRejections (node:internal/process/task_queues:104:5)\n    at Database.insert (/Users/aliasgarfatepurwala/agent-system/src/database.ts:169:22)\n    at Database.publishEvent (/Users/aliasgarfatepurwala/agent-system/src/database.ts:198:7)\n    at VolumeProfileBot.publishEvent (/Users/aliasgarfatepurwala/agent-system/src/base-agent.ts:181:7)\n    at VolumeProfileBot.execute (/Users/aliasgarfatepurwala/agent-system/src/agents/volume-profile-bot.ts:51:11)\n    at VolumeProfileBot.run (/Users/aliasgarfatepurwala/agent-system/src/base-agent.ts:98:20)\n    at Orchestrator.runAgent (/Users/aliasgarfatepurwala/agent-system/src/orchestrator.ts:296:22)\n    at Job.job (/Users/aliasgarfatepurwala/agent-system/src/orchestrator.ts:328:9)"
}
[2026-09-27 10:00:03] [INFO] [Agent] ✅ Volume analysis complete: Found 5 signals
[2026-09-27 10:00:03] [INFO] [Agent] ✅ Execution completed in 1332ms
[2026-09-27 10:00:03] [ERROR] [Database] Insert into agent_results failed {
  "error": "database \"agents\" does not exist",
  "stack": "error: database \"agents\" does not exist\n    at /Users/aliasgarfatepurwala/agent-system/node_modules/pg-pool/index.js:45:11\n    at processTicksAndRejections (node:internal/process/task_queues:104:5)\n    at Database.insert (/Users/aliasgarfatepurwala/agent-system/src/database.ts:169:22)\n    at VolumeProfileBot.saveResult (/Users/aliasgarfatepurwala/agent-system/src/base-agent.ts:209:7)\n    at VolumeProfileBot.run (/Users/aliasgarfatepurwala/agent-system/src/base-agent.ts:117:7)\n    at Orchestrator.runAgent (/Users/aliasgarfatepurwala/agent-system/src/orchestrator.ts:296:22)\n    at Job.job (/Users/aliasgarfatepurwala/agent-system/src/orchestrator.ts:328:9)"
}
[2026-09-27 10:00:03] [ERROR] [Agent] Failed to save result to database {
  "error": "database \"agents\" does not exist",
  "stack": "error: database \"agents\" does not exist\n    at /Users/aliasgarfatepurwala/agent-system/node_modules/pg-pool/index.js:45:11\n    at processTicksAndRejections (node:internal/process/task_queues:104:5)\n    at Database.insert (/Users/aliasgarfatepurwala/agent-system/src/database.ts:169:22)\n    at VolumeProfileBot.saveResult (/Users/aliasgarfatepurwala/agent-system/src/base-agent.ts:209:7)\n    at VolumeProfileBot.run (/Users/aliasgarfatepurwala/agent-system/src/base-agent.ts:117:7)\n    at Orchestrator.runAgent (/Users/aliasgarfatepurwala/agent-system/src/orchestrator.ts:296:22)\n    at Job.job (/Users/aliasgarfatepurwala/agent-system/src/orchestrator.ts:328:9)"
}
[2026-09-27 10:00:03] [INFO] [Orchestrator] ✅ volume-profile-bot completed in 1334ms
[2026-09-27 10:00:03] [ERROR] [BinanceAPI] ❌ Order placement failed: Invalid API-key, IP, or permissions for action.
[2026-09-27 10:00:03] [ERROR] [Agent] ❌ Failed to place buy order for BTCUSDT
[2026-09-27 10:00:03] [INFO] [BinanceAPI] 📤 Placing BUY order: 0.0011627906976744186 BTCUSDT @ 43000
[2026-09-27 10:00:03] [ERROR] [BinanceAPI] ❌ Order placement failed: Invalid API-key, IP, or permissions for action.
[2026-09-27 10:00:03] [ERROR] [Agent] ❌ Failed to place buy order for BTCUSDT
[2026-09-27 10:00:03] [INFO] [BinanceAPI] 📤 Placing BUY order: 0.0011627906976744186 BTCUSDT @ 43000
[2026-09-27 10:00:04] [ERROR] [BinanceAPI] ❌ Order placement failed: Invalid API-key, IP, or permissions for action.
[2026-09-27 10:00:04] [ERROR] [Agent] ❌ Failed to place buy order for BTCUSDT
[2026-09-27 10:00:04] [INFO] [BinanceAPI] 📤 Placing BUY order: 0.0011627906976744186 BTCUSDT @ 43000
[2026-09-27 10:00:04] [ERROR] [BinanceAPI] ❌ Order placement failed: Invalid API-key, IP, or permissions for action.
[2026-09-27 10:00:04] [ERROR] [Agent] ❌ Failed to place buy order for BTCUSDT
[2026-09-27 10:00:04] [INFO] [BinanceAPI] 📤 Placing BUY order: 0.013043478260869565 ETHUSDT @ 2300
[2026-09-27 10:00:04] [ERROR] [BinanceAPI] ❌ Order placement failed: Invalid API-key, IP, or permissions for action.
[2026-09-27 10:00:04] [ERROR] [Agent] ❌ Failed to place buy order for ETHUSDT
[2026-09-27 10:00:04] [INFO] [BinanceAPI] 📤 Placing BUY order: 0.013043478260869565 ETHUSDT @ 2300
[2026-09-27 10:00:05] [ERROR] [BinanceAPI] ❌ Order placement failed: Invalid API-key, IP, or permissions for action.
[2026-09-27 10:00:05] [ERROR] [Agent] ❌ Failed to place buy order for ETHUSDT
[2026-09-27 10:00:05] [INFO] [Agent] ✅ Grid Trading Bot: Check completed
[2026-09-27 10:00:05] [INFO] [Agent] ✅ Execution completed in 3240ms
[2026-09-27 10:00:05] [ERROR] [Database] Insert into agent_results failed {
  "error": "database \"agents\" does not exist",
  "stack": "error: database \"agents\" does not exist\n    at /Users/aliasgarfatepurwala/agent-system/node_modules/pg-pool/index.js:45:11\n    at processTicksAndRejections (node:internal/process/task_queues:104:5)\n    at Database.insert (/Users/aliasgarfatepurwala/agent-system/src/database.ts:169:22)\n    at GridTradingBot.saveResult (/Users/aliasgarfatepurwala/agent-system/src/base-agent.ts:209:7)\n    at GridTradingBot.run (/Users/aliasgarfatepurwala/agent-system/src/base-agent.ts:117:7)\n    at Orchestrator.runAgent (/Users/aliasgarfatepurwala/agent-system/src/orchestrator.ts:296:22)\n    at Job.job (/Users/aliasgarfatepurwala/agent-system/src/orchestrator.ts:328:9)"
}
[2026-09-27 10:00:05] [ERROR] [Agent] Failed to save result to database {
  "error": "database \"agents\" does not exist",
  "stack": "error: database \"agents\" does not exist\n    at /Users/aliasgarfatepurwala/agent-system/node_modules/pg-pool/index.js:45:11\n    at processTicksAndRejections (node:internal/process/task_queues:104:5)\n    at Database.insert (/Users/aliasgarfatepurwala/agent-system/src/database.ts:169:22)\n    at GridTradingBot.saveResult (/Users/aliasgarfatepurwala/agent-system/src/base-agent.ts:209:7)\n    at GridTradingBot.run (/Users/aliasgarfatepurwala/agent-system/src/base-agent.ts:117:7)\n    at Orchestrator.runAgent (/Users/aliasgarfatepurwala/agent-system/src/orchestrator.ts:296:22)\n    at Job.job (/Users/aliasgarfatepurwala/agent-system/src/orchestrator.ts:328:9)"
}
[2026-09-27 10:00:05] [INFO] [Orchestrator] ✅ grid-trading-bot completed in 3255ms
[2026-09-27 10:03:12] [INFO] [Orchestrator] ▶️  Running: scalping-bot
[2026-09-27 10:03:18] [INFO] [Agent] 🚀 Starting execution...
[2026-09-27 10:03:23] [INFO] [Agent] ⚡ Scalping Bot: Executing micro-trades...
[2026-09-27 10:03:29] [INFO] [Agent] 🚀 SCALP ADA @ $0.25 | Profit: +0.05%
[2026-09-27 10:03:31] [INFO] [Agent] ✅ Execution completed in 14266ms
[2026-09-27 10:03:31] [ERROR] [Database] Insert into agent_results failed {
  "error": "database \"agents\" does not exist",
  "stack": "error: database \"agents\" does not exist\n    at /Users/aliasgarfatepurwala/agent-system/node_modules/pg-pool/index.js:45:11\n    at processTicksAndRejections (node:internal/process/task_queues:104:5)\n    at Database.insert (/Users/aliasgarfatepurwala/agent-system/src/database.ts:169:22)\n    at ScalpingBot.saveResult (/Users/aliasgarfatepurwala/agent-system/src/base-agent.ts:209:7)\n    at ScalpingBot.run (/Users/aliasgarfatepurwala/agent-system/src/base-agent.ts:117:7)\n    at Orchestrator.runAgent (/Users/aliasgarfatepurwala/agent-system/src/orchestrator.ts:296:22)\n    at Job.job (/Users/aliasgarfatepurwala/agent-system/src/orchestrator.ts:328:9)"
}
[2026-09-27 10:03:31] [ERROR] [Agent] Failed to save result to database {
  "error": "database \"agents\" does not exist",
  "stack": "error: database \"agents\" does not exist\n    at /Users/aliasgarfatepurwala/agent-system/node_modules/pg-pool/index.js:45:11\n    at processTicksAndRejections (node:internal/process/task_queues:104:5)\n    at Database.insert (/Users/aliasgarfatepurwala/agent-system/src/database.ts:169:22)\n    at ScalpingBot.saveResult (/Users/aliasgarfatepurwala/agent-system/src/base-agent.ts:209:7)\n    at ScalpingBot.run (/Users/aliasgarfatepurwala/agent-system/src/base-agent.ts:117:7)\n    at Orchestrator.runAgent (/Users/aliasgarfatepurwala/agent-system/src/orchestrator.ts:296:22)\n    at Job.job (/Users/aliasgarfatepurwala/agent-system/src/orchestrator.ts:328:9)"
}
[2026-09-27 10:03:31] [INFO] [Orchestrator] ✅ scalping-bot completed in 15195ms
[2026-09-27 10:05:00] [INFO] [Orchestrator] ▶️  Running: volume-profile-bot
[2026-09-27 10:05:00] [INFO] [Agent] 🚀 Starting execution...
[2026-09-27 10:05:00] [INFO] [Agent] Scanning 5 pairs for volume profile signals...
[2026-09-27 10:05:00] [INFO] [Orchestrator] ▶️  Running: rsi-bot
[2026-09-27 10:05:00] [INFO] [Agent] 🚀 Starting execution...
[2026-09-27 10:05:00] [INFO] [Agent] Scanning 5 pairs for RSI signals...
[2026-09-27 10:05:00] [INFO] [Orchestrator] ▶️  Running: macd-trader
[2026-09-27 10:05:00] [INFO] [Agent] 🚀 Starting execution...
[2026-09-27 10:05:00] [INFO] [Agent] Scanning 5 pairs for MACD signals...
[2026-09-27 10:05:00] [INFO] [Orchestrator] ▶️  Running: bollinger-bands-bot
[2026-09-27 10:05:00] [INFO] [Agent] 🚀 Starting execution...
[2026-09-27 10:05:00] [INFO] [Agent] Scanning 5 pairs for Bollinger Bands signals...
[2026-09-27 10:05:00] [INFO] [Orchestrator] ▶️  Running: momentum-trader
[2026-09-27 10:05:00] [INFO] [Agent] 🚀 Starting execution...
[2026-09-27 10:05:00] [INFO] [Agent] 🚀 Momentum Trader: Scanning for momentum signals...
[2026-09-27 10:05:00] [INFO] [Orchestrator] ▶️  Running: pump-dump-detector
[2026-09-27 10:05:00] [INFO] [Agent] 🚀 Starting execution...
[2026-09-27 10:05:00] [INFO] [Agent] Scanning 4 coins for pump/dump patterns...
[2026-09-27 10:05:00] [INFO] [Orchestrator] ▶️  Running: bitcoin-price-monitor
[2026-09-27 10:05:00] [INFO] [Agent] 🚀 Starting execution...
[2026-09-27 10:05:00] [INFO] [Agent] Fetching Bitcoin price...
[2026-09-27 10:05:01] [WARN] [Agent] 📊 POC-RESISTANCE: BTCUSDT approaching resistance at POC $84073.53
[2026-09-27 10:05:01] [INFO] [Agent] ✅ RSI analysis complete: Found 0 signals
[2026-09-27 10:05:01] [INFO] [Agent] ✅ Execution completed in 728ms
[2026-09-27 10:05:01] [INFO] [Agent] ✅ Price data collected: [{"symbol":"BTC","price":84504.02,"currency":"USD","timestamp":"2026-09-27T06:05:01.300Z","source":"binance","change24h":0.01,"priceChangeStatus":"stable"}]
[2026-09-27 10:05:01] [INFO] [Agent] ✅ Execution completed in 668ms
[2026-09-27 10:05:01] [INFO] [Agent] ✅ Analysis complete: Found 0 signals
[2026-09-27 10:05:01] [INFO] [Agent] ✅ Execution completed in 714ms
[2026-09-27 10:05:01] [INFO] [Agent] ✅ MACD analysis complete: Found 0 signals
[2026-09-27 10:05:01] [INFO] [Agent] ✅ Execution completed in 730ms
[2026-09-27 10:05:01] [INFO] [Agent] ✅ Momentum Trader: Scan completed
[2026-09-27 10:05:01] [INFO] [Agent] ✅ Execution completed in 691ms
[2026-09-27 10:05:01] [INFO] [Agent] ✅ Scan complete: Found 0 signals
[2026-09-27 10:05:01] [INFO] [Agent] ✅ Execution completed in 682ms
[2026-09-27 10:05:01] [ERROR] [Database] Insert into events failed {
  "error": "database \"agents\" does not exist",
  "stack": "error: database \"agents\" does not exist\n    at /Users/aliasgarfatepurwala/agent-system/node_modules/pg-pool/index.js:45:11\n    at processTicksAndRejections (node:internal/process/task_queues:104:5)\n    at Database.insert (/Users/aliasgarfatepurwala/agent-system/src/database.ts:169:22)\n    at Database.publishEvent (/Users/aliasgarfatepurwala/agent-system/src/database.ts:198:7)\n    at VolumeProfileBot.publishEvent (/Users/aliasgarfatepurwala/agent-system/src/base-agent.ts:181:7)\n    at VolumeProfileBot.execute (/Users/aliasgarfatepurwala/agent-system/src/agents/volume-profile-bot.ts:51:11)\n    at VolumeProfileBot.run (/Users/aliasgarfatepurwala/agent-system/src/base-agent.ts:98:20)\n    at Orchestrator.runAgent (/Users/aliasgarfatepurwala/agent-system/src/orchestrator.ts:296:22)\n    at Job.job (/Users/aliasgarfatepurwala/agent-system/src/orchestrator.ts:328:9)"
}
[2026-09-27 10:05:01] [ERROR] [Database] Publish event failed {
  "error": "database \"agents\" does not exist",
  "stack": "error: database \"agents\" does not exist\n    at /Users/aliasgarfatepurwala/agent-system/node_modules/pg-pool/index.js:45:11\n    at processTicksAndRejections (node:internal/process/task_queues:104:5)\n    at Database.insert (/Users/aliasgarfatepurwala/agent-system/src/database.ts:169:22)\n    at Database.publishEvent (/Users/aliasgarfatepurwala/agent-system/src/database.ts:198:7)\n    at VolumeProfileBot.publishEvent (/Users/aliasgarfatepurwala/agent-system/src/base-agent.ts:181:7)\n    at VolumeProfileBot.execute (/Users/aliasgarfatepurwala/agent-system/src/agents/volume-profile-bot.ts:51:11)\n    at VolumeProfileBot.run (/Users/aliasgarfatepurwala/agent-system/src/base-agent.ts:98:20)\n    at Orchestrator.runAgent (/Users/aliasgarfatepurwala/agent-system/src/orchestrator.ts:296:22)\n    at Job.job (/Users/aliasgarfatepurwala/agent-system/src/orchestrator.ts:328:9)"
}
[2026-09-27 10:05:01] [WARN] [Agent] 📊 POC-RESISTANCE: ETHUSDT approaching resistance at POC $2693.77
[2026-09-27 10:05:01] [ERROR] [Database] Insert into agent_results failed {
  "error": "database \"agents\" does not exist",
  "stack": "error: database \"agents\" does not exist\n    at /Users/aliasgarfatepurwala/agent-system/node_modules/pg-pool/index.js:45:11\n    at processTicksAndRejections (node:internal/process/task_queues:104:5)\n    at Database.insert (/Users/aliasgarfatepurwala/agent-system/src/database.ts:169:22)\n    at PumpDumpDetector.saveResult (/Users/aliasgarfatepurwala/agent-system/src/base-agent.ts:209:7)\n    at PumpDumpDetector.run (/Users/aliasgarfatepurwala/agent-system/src/base-agent.ts:117:7)\n    at Orchestrator.runAgent (/Users/aliasgarfatepurwala/agent-system/src/orchestrator.ts:296:22)\n    at Job.job (/Users/aliasgarfatepurwala/agent-system/src/orchestrator.ts:328:9)"
}
[2026-09-27 10:05:01] [ERROR] [Agent] Failed to save result to database {
  "error": "database \"agents\" does not exist",
  "stack": "error: database \"agents\" does not exist\n    at /Users/aliasgarfatepurwala/agent-system/node_modules/pg-pool/index.js:45:11\n    at processTicksAndRejections (node:internal/process/task_queues:104:5)\n    at Database.insert (/Users/aliasgarfatepurwala/agent-system/src/database.ts:169:22)\n    at PumpDumpDetector.saveResult (/Users/aliasgarfatepurwala/agent-system/src/base-agent.ts:209:7)\n    at PumpDumpDetector.run (/Users/aliasgarfatepurwala/agent-system/src/base-agent.ts:117:7)\n    at Orchestrator.runAgent (/Users/aliasgarfatepurwala/agent-system/src/orchestrator.ts:296:22)\n    at Job.job (/Users/aliasgarfatepurwala/agent-system/src/orchestrator.ts:328:9)"
}
[2026-09-27 10:05:01] [INFO] [Orchestrator] ✅ pump-dump-detector completed in 719ms
[2026-09-27 10:05:01] [ERROR] [Database] Insert into agent_results failed {
  "error": "database \"agents\" does not exist",
  "stack": "error: database \"agents\" does not exist\n    at /Users/aliasgarfatepurwala/agent-system/node_modules/pg-pool/index.js:45:11\n    at processTicksAndRejections (node:internal/process/task_queues:104:5)\n    at Database.insert (/Users/aliasgarfatepurwala/agent-system/src/database.ts:169:22)\n    at MomentumTrader.saveResult (/Users/aliasgarfatepurwala/agent-system/src/base-agent.ts:209:7)\n    at MomentumTrader.run (/Users/aliasgarfatepurwala/agent-system/src/base-agent.ts:117:7)\n    at Orchestrator.runAgent (/Users/aliasgarfatepurwala/agent-system/src/orchestrator.ts:296:22)\n    at Job.job (/Users/aliasgarfatepurwala/agent-system/src/orchestrator.ts:328:9)"
}
[2026-09-27 10:05:01] [ERROR] [Agent] Failed to save result to database {
  "error": "database \"agents\" does not exist",
  "stack": "error: database \"agents\" does not exist\n    at /Users/aliasgarfatepurwala/agent-system/node_modules/pg-pool/index.js:45:11\n    at processTicksAndRejections (node:internal/process/task_queues:104:5)\n    at Database.insert (/Users/aliasgarfatepurwala/agent-system/src/database.ts:169:22)\n    at MomentumTrader.saveResult (/Users/aliasgarfatepurwala/agent-system/src/base-agent.ts:209:7)\n    at MomentumTrader.run (/Users/aliasgarfatepurwala/agent-system/src/base-agent.ts:117:7)\n    at Orchestrator.runAgent (/Users/aliasgarfatepurwala/agent-system/src/orchestrator.ts:296:22)\n    at Job.job (/Users/aliasgarfatepurwala/agent-system/src/orchestrator.ts:328:9)"
}
[2026-09-27 10:05:01] [INFO] [Orchestrator] ✅ momentum-trader completed in 730ms
[2026-09-27 10:05:01] [ERROR] [Database] Insert into agent_results failed {
  "error": "database \"agents\" does not exist",
  "stack": "error: database \"agents\" does not exist\n    at /Users/aliasgarfatepurwala/agent-system/node_modules/pg-pool/index.js:45:11\n    at processTicksAndRejections (node:internal/process/task_queues:104:5)\n    at Database.insert (/Users/aliasgarfatepurwala/agent-system/src/database.ts:169:22)\n    at RSIBot.saveResult (/Users/aliasgarfatepurwala/agent-system/src/base-agent.ts:209:7)\n    at RSIBot.run (/Users/aliasgarfatepurwala/agent-system/src/base-agent.ts:117:7)\n    at Orchestrator.runAgent (/Users/aliasgarfatepurwala/agent-system/src/orchestrator.ts:296:22)\n    at Job.job (/Users/aliasgarfatepurwala/agent-system/src/orchestrator.ts:328:9)"
}
[2026-09-27 10:05:01] [ERROR] [Agent] Failed to save result to database {
  "error": "database \"agents\" does not exist",
  "stack": "error: database \"agents\" does not exist\n    at /Users/aliasgarfatepurwala/agent-system/node_modules/pg-pool/index.js:45:11\n    at processTicksAndRejections (node:internal/process/task_queues:104:5)\n    at Database.insert (/Users/aliasgarfatepurwala/agent-system/src/database.ts:169:22)\n    at RSIBot.saveResult (/Users/aliasgarfatepurwala/agent-system/src/base-agent.ts:209:7)\n    at RSIBot.run (/Users/aliasgarfatepurwala/agent-system/src/base-agent.ts:117:7)\n    at Orchestrator.runAgent (/Users/aliasgarfatepurwala/agent-system/src/orchestrator.ts:296:22)\n    at Job.job (/Users/aliasgarfatepurwala/agent-system/src/orchestrator.ts:328:9)"
}
[2026-09-27 10:05:01] [INFO] [Orchestrator] ✅ rsi-bot completed in 785ms
[2026-09-27 10:05:01] [ERROR] [Database] Insert into agent_results failed {
  "error": "database \"agents\" does not exist",
  "stack": "error: database \"agents\" does not exist\n    at /Users/aliasgarfatepurwala/agent-system/node_modules/pg-pool/index.js:45:11\n    at processTicksAndRejections (node:internal/process/task_queues:104:5)\n    at Database.insert (/Users/aliasgarfatepurwala/agent-system/src/database.ts:169:22)\n    at BitcoinPriceMonitor.saveResult (/Users/aliasgarfatepurwala/agent-system/src/base-agent.ts:209:7)\n    at BitcoinPriceMonitor.run (/Users/aliasgarfatepurwala/agent-system/src/base-agent.ts:117:7)\n    at Orchestrator.runAgent (/Users/aliasgarfatepurwala/agent-system/src/orchestrator.ts:296:22)\n    at Job.job (/Users/aliasgarfatepurwala/agent-system/src/orchestrator.ts:328:9)"
}
[2026-09-27 10:05:01] [ERROR] [Agent] Failed to save result to database {
  "error": "database \"agents\" does not exist",
  "stack": "error: database \"agents\" does not exist\n    at /Users/aliasgarfatepurwala/agent-system/node_modules/pg-pool/index.js:45:11\n    at processTicksAndRejections (node:internal/process/task_queues:104:5)\n    at Database.insert (/Users/aliasgarfatepurwala/agent-system/src/database.ts:169:22)\n    at BitcoinPriceMonitor.saveResult (/Users/aliasgarfatepurwala/agent-system/src/base-agent.ts:209:7)\n    at BitcoinPriceMonitor.run (/Users/aliasgarfatepurwala/agent-system/src/base-agent.ts:117:7)\n    at Orchestrator.runAgent (/Users/aliasgarfatepurwala/agent-system/src/orchestrator.ts:296:22)\n    at Job.job (/Users/aliasgarfatepurwala/agent-system/src/orchestrator.ts:328:9)"
}
[2026-09-27 10:05:01] [INFO] [Orchestrator] ✅ bitcoin-price-monitor completed in 714ms
[2026-09-27 10:05:01] [ERROR] [Database] Insert into agent_results failed {
  "error": "database \"agents\" does not exist",
  "stack": "error: database \"agents\" does not exist\n    at /Users/aliasgarfatepurwala/agent-system/node_modules/pg-pool/index.js:45:11\n    at processTicksAndRejections (node:internal/process/task_queues:104:5)\n    at Database.insert (/Users/aliasgarfatepurwala/agent-system/src/database.ts:169:22)\n    at MACDTrader.saveResult (/Users/aliasgarfatepurwala/agent-system/src/base-agent.ts:209:7)\n    at MACDTrader.run (/Users/aliasgarfatepurwala/agent-system/src/base-agent.ts:117:7)\n    at Orchestrator.runAgent (/Users/aliasgarfatepurwala/agent-system/src/orchestrator.ts:296:22)\n    at Job.job (/Users/aliasgarfatepurwala/agent-system/src/orchestrator.ts:328:9)"
}
[2026-09-27 10:05:01] [ERROR] [Agent] Failed to save result to database {
  "error": "database \"agents\" does not exist",
  "stack": "error: database \"agents\" does not exist\n    at /Users/aliasgarfatepurwala/agent-system/node_modules/pg-pool/index.js:45:11\n    at processTicksAndRejections (node:internal/process/task_queues:104:5)\n    at Database.insert (/Users/aliasgarfatepurwala/agent-system/src/database.ts:169:22)\n    at MACDTrader.saveResult (/Users/aliasgarfatepurwala/agent-system/src/base-agent.ts:209:7)\n    at MACDTrader.run (/Users/aliasgarfatepurwala/agent-system/src/base-agent.ts:117:7)\n    at Orchestrator.runAgent (/Users/aliasgarfatepurwala/agent-system/src/orchestrator.ts:296:22)\n    at Job.job (/Users/aliasgarfatepurwala/agent-system/src/orchestrator.ts:328:9)"
}
[2026-09-27 10:05:01] [INFO] [Orchestrator] ✅ macd-trader completed in 774ms
[2026-09-27 10:05:01] [ERROR] [Database] Insert into agent_results failed {
  "error": "database \"agents\" does not exist",
  "stack": "error: database \"agents\" does not exist\n    at /Users/aliasgarfatepurwala/agent-system/node_modules/pg-pool/index.js:45:11\n    at processTicksAndRejections (node:internal/process/task_queues:104:5)\n    at Database.insert (/Users/aliasgarfatepurwala/agent-system/src/database.ts:169:22)\n    at BollingerBandsBot.saveResult (/Users/aliasgarfatepurwala/agent-system/src/base-agent.ts:209:7)\n    at BollingerBandsBot.run (/Users/aliasgarfatepurwala/agent-system/src/base-agent.ts:117:7)\n    at Orchestrator.runAgent (/Users/aliasgarfatepurwala/agent-system/src/orchestrator.ts:296:22)\n    at Job.job (/Users/aliasgarfatepurwala/agent-system/src/orchestrator.ts:328:9)"
}
[2026-09-27 10:05:01] [ERROR] [Agent] Failed to save result to database {
  "error": "database \"agents\" does not exist",
  "stack": "error: database \"agents\" does not exist\n    at /Users/aliasgarfatepurwala/agent-system/node_modules/pg-pool/index.js:45:11\n    at processTicksAndRejections (node:internal/process/task_queues:104:5)\n    at Database.insert (/Users/aliasgarfatepurwala/agent-system/src/database.ts:169:22)\n    at BollingerBandsBot.saveResult (/Users/aliasgarfatepurwala/agent-system/src/base-agent.ts:209:7)\n    at BollingerBandsBot.run (/Users/aliasgarfatepurwala/agent-system/src/base-agent.ts:117:7)\n    at Orchestrator.runAgent (/Users/aliasgarfatepurwala/agent-system/src/orchestrator.ts:296:22)\n    at Job.job (/Users/aliasgarfatepurwala/agent-system/src/orchestrator.ts:328:9)"
}
[2026-09-27 10:05:01] [INFO] [Orchestrator] ✅ bollinger-bands-bot completed in 761ms
[2026-09-27 10:05:01] [ERROR] [Database] Insert into events failed {
  "error": "database \"agents\" does not exist",
  "stack": "error: database \"agents\" does not exist\n    at /Users/aliasgarfatepurwala/agent-system/node_modules/pg-pool/index.js:45:11\n    at processTicksAndRejections (node:internal/process/task_queues:104:5)\n    at Database.insert (/Users/aliasgarfatepurwala/agent-system/src/database.ts:169:22)\n    at Database.publishEvent (/Users/aliasgarfatepurwala/agent-system/src/database.ts:198:7)\n    at VolumeProfileBot.publishEvent (/Users/aliasgarfatepurwala/agent-system/src/base-agent.ts:181:7)\n    at VolumeProfileBot.execute (/Users/aliasgarfatepurwala/agent-system/src/agents/volume-profile-bot.ts:51:11)\n    at VolumeProfileBot.run (/Users/aliasgarfatepurwala/agent-system/src/base-agent.ts:98:20)\n    at Orchestrator.runAgent (/Users/aliasgarfatepurwala/agent-system/src/orchestrator.ts:296:22)\n    at Job.job (/Users/aliasgarfatepurwala/agent-system/src/orchestrator.ts:328:9)"
}
[2026-09-27 10:05:01] [ERROR] [Database] Publish event failed {
  "error": "database \"agents\" does not exist",
  "stack": "error: database \"agents\" does not exist\n    at /Users/aliasgarfatepurwala/agent-system/node_modules/pg-pool/index.js:45:11\n    at processTicksAndRejections (node:internal/process/task_queues:104:5)\n    at Database.insert (/Users/aliasgarfatepurwala/agent-system/src/database.ts:169:22)\n    at Database.publishEvent (/Users/aliasgarfatepurwala/agent-system/src/database.ts:198:7)\n    at VolumeProfileBot.publishEvent (/Users/aliasgarfatepurwala/agent-system/src/base-agent.ts:181:7)\n    at VolumeProfileBot.execute (/Users/aliasgarfatepurwala/agent-system/src/agents/volume-profile-bot.ts:51:11)\n    at VolumeProfileBot.run (/Users/aliasgarfatepurwala/agent-system/src/base-agent.ts:98:20)\n    at Orchestrator.runAgent (/Users/aliasgarfatepurwala/agent-system/src/orchestrator.ts:296:22)\n    at Job.job (/Users/aliasgarfatepurwala/agent-system/src/orchestrator.ts:328:9)"
}
[2026-09-27 10:05:01] [WARN] [Agent] 📊 POC-RESISTANCE: ADAUSDT approaching resistance at POC $0.25
[2026-09-27 10:05:01] [ERROR] [Database] Insert into events failed {
  "error": "database \"agents\" does not exist",
  "stack": "error: database \"agents\" does not exist\n    at /Users/aliasgarfatepurwala/agent-system/node_modules/pg-pool/index.js:45:11\n    at processTicksAndRejections (node:internal/process/task_queues:104:5)\n    at Database.insert (/Users/aliasgarfatepurwala/agent-system/src/database.ts:169:22)\n    at Database.publishEvent (/Users/aliasgarfatepurwala/agent-system/src/database.ts:198:7)\n    at VolumeProfileBot.publishEvent (/Users/aliasgarfatepurwala/agent-system/src/base-agent.ts:181:7)\n    at VolumeProfileBot.execute (/Users/aliasgarfatepurwala/agent-system/src/agents/volume-profile-bot.ts:51:11)\n    at VolumeProfileBot.run (/Users/aliasgarfatepurwala/agent-system/src/base-agent.ts:98:20)\n    at Orchestrator.runAgent (/Users/aliasgarfatepurwala/agent-system/src/orchestrator.ts:296:22)\n    at Job.job (/Users/aliasgarfatepurwala/agent-system/src/orchestrator.ts:328:9)"
}
[2026-09-27 10:05:01] [ERROR] [Database] Publish event failed {
  "error": "database \"agents\" does not exist",
  "stack": "error: database \"agents\" does not exist\n    at /Users/aliasgarfatepurwala/agent-system/node_modules/pg-pool/index.js:45:11\n    at processTicksAndRejections (node:internal/process/task_queues:104:5)\n    at Database.insert (/Users/aliasgarfatepurwala/agent-system/src/database.ts:169:22)\n    at Database.publishEvent (/Users/aliasgarfatepurwala/agent-system/src/database.ts:198:7)\n    at VolumeProfileBot.publishEvent (/Users/aliasgarfatepurwala/agent-system/src/base-agent.ts:181:7)\n    at VolumeProfileBot.execute (/Users/aliasgarfatepurwala/agent-system/src/agents/volume-profile-bot.ts:51:11)\n    at VolumeProfileBot.run (/Users/aliasgarfatepurwala/agent-system/src/base-agent.ts:98:20)\n    at Orchestrator.runAgent (/Users/aliasgarfatepurwala/agent-system/src/orchestrator.ts:296:22)\n    at Job.job (/Users/aliasgarfatepurwala/agent-system/src/orchestrator.ts:328:9)"
}
[2026-09-27 10:05:01] [WARN] [Agent] 📊 VOLUME-SPIKE: SOLUSDT volume spike (1.5x) at $121.28
[2026-09-27 10:05:01] [ERROR] [Database] Insert into events failed {
  "error": "database \"agents\" does not exist",
  "stack": "error: database \"agents\" does not exist\n    at /Users/aliasgarfatepurwala/agent-system/node_modules/pg-pool/index.js:45:11\n    at processTicksAndRejections (node:internal/process/task_queues:104:5)\n    at Database.insert (/Users/aliasgarfatepurwala/agent-system/src/database.ts:169:22)\n    at Database.publishEvent (/Users/aliasgarfatepurwala/agent-system/src/database.ts:198:7)\n    at VolumeProfileBot.publishEvent (/Users/aliasgarfatepurwala/agent-system/src/base-agent.ts:181:7)\n    at VolumeProfileBot.execute (/Users/aliasgarfatepurwala/agent-system/src/agents/volume-profile-bot.ts:51:11)\n    at VolumeProfileBot.run (/Users/aliasgarfatepurwala/agent-system/src/base-agent.ts:98:20)\n    at Orchestrator.runAgent (/Users/aliasgarfatepurwala/agent-system/src/orchestrator.ts:296:22)\n    at Job.job (/Users/aliasgarfatepurwala/agent-system/src/orchestrator.ts:328:9)"
}
[2026-09-27 10:05:01] [ERROR] [Database] Publish event failed {
  "error": "database \"agents\" does not exist",
  "stack": "error: database \"agents\" does not exist\n    at /Users/aliasgarfatepurwala/agent-system/node_modules/pg-pool/index.js:45:11\n    at processTicksAndRejections (node:internal/process/task_queues:104:5)\n    at Database.insert (/Users/aliasgarfatepurwala/agent-system/src/database.ts:169:22)\n    at Database.publishEvent (/Users/aliasgarfatepurwala/agent-system/src/database.ts:198:7)\n    at VolumeProfileBot.publishEvent (/Users/aliasgarfatepurwala/agent-system/src/base-agent.ts:181:7)\n    at VolumeProfileBot.execute (/Users/aliasgarfatepurwala/agent-system/src/agents/volume-profile-bot.ts:51:11)\n    at VolumeProfileBot.run (/Users/aliasgarfatepurwala/agent-system/src/base-agent.ts:98:20)\n    at Orchestrator.runAgent (/Users/aliasgarfatepurwala/agent-system/src/orchestrator.ts:296:22)\n    at Job.job (/Users/aliasgarfatepurwala/agent-system/src/orchestrator.ts:328:9)"
}
[2026-09-27 10:05:01] [WARN] [Agent] 📊 POC-RESISTANCE: XRPUSDT approaching resistance at POC $1.51
[2026-09-27 10:05:01] [ERROR] [Database] Insert into events failed {
  "error": "database \"agents\" does not exist",
  "stack": "error: database \"agents\" does not exist\n    at /Users/aliasgarfatepurwala/agent-system/node_modules/pg-pool/index.js:45:11\n    at processTicksAndRejections (node:internal/process/task_queues:104:5)\n    at Database.insert (/Users/aliasgarfatepurwala/agent-system/src/database.ts:169:22)\n    at Database.publishEvent (/Users/aliasgarfatepurwala/agent-system/src/database.ts:198:7)\n    at VolumeProfileBot.publishEvent (/Users/aliasgarfatepurwala/agent-system/src/base-agent.ts:181:7)\n    at VolumeProfileBot.execute (/Users/aliasgarfatepurwala/agent-system/src/agents/volume-profile-bot.ts:51:11)\n    at VolumeProfileBot.run (/Users/aliasgarfatepurwala/agent-system/src/base-agent.ts:98:20)\n    at Orchestrator.runAgent (/Users/aliasgarfatepurwala/agent-system/src/orchestrator.ts:296:22)\n    at Job.job (/Users/aliasgarfatepurwala/agent-system/src/orchestrator.ts:328:9)"
}
[2026-09-27 10:05:01] [ERROR] [Database] Publish event failed {
  "error": "database \"agents\" does not exist",
  "stack": "error: database \"agents\" does not exist\n    at /Users/aliasgarfatepurwala/agent-system/node_modules/pg-pool/index.js:45:11\n    at processTicksAndRejections (node:internal/process/task_queues:104:5)\n    at Database.insert (/Users/aliasgarfatepurwala/agent-system/src/database.ts:169:22)\n    at Database.publishEvent (/Users/aliasgarfatepurwala/agent-system/src/database.ts:198:7)\n    at VolumeProfileBot.publishEvent (/Users/aliasgarfatepurwala/agent-system/src/base-agent.ts:181:7)\n    at VolumeProfileBot.execute (/Users/aliasgarfatepurwala/agent-system/src/agents/volume-profile-bot.ts:51:11)\n    at VolumeProfileBot.run (/Users/aliasgarfatepurwala/agent-system/src/base-agent.ts:98:20)\n    at Orchestrator.runAgent (/Users/aliasgarfatepurwala/agent-system/src/orchestrator.ts:296:22)\n    at Job.job (/Users/aliasgarfatepurwala/agent-system/src/orchestrator.ts:328:9)"
}
[2026-09-27 10:05:01] [INFO] [Agent] ✅ Volume analysis complete: Found 5 signals
[2026-09-27 10:05:01] [INFO] [Agent] ✅ Execution completed in 920ms
[2026-09-27 10:05:01] [ERROR] [Database] Insert into agent_results failed {
  "error": "database \"agents\" does not exist",
  "stack": "error: database \"agents\" does not exist\n    at /Users/aliasgarfatepurwala/agent-system/node_modules/pg-pool/index.js:45:11\n    at processTicksAndRejections (node:internal/process/task_queues:104:5)\n    at Database.insert (/Users/aliasgarfatepurwala/agent-system/src/database.ts:169:22)\n    at VolumeProfileBot.saveResult (/Users/aliasgarfatepurwala/agent-system/src/base-agent.ts:209:7)\n    at VolumeProfileBot.run (/Users/aliasgarfatepurwala/agent-system/src/base-agent.ts:117:7)\n    at Orchestrator.runAgent (/Users/aliasgarfatepurwala/agent-system/src/orchestrator.ts:296:22)\n    at Job.job (/Users/aliasgarfatepurwala/agent-system/src/orchestrator.ts:328:9)"
}
[2026-09-27 10:05:01] [ERROR] [Agent] Failed to save result to database {
  "error": "database \"agents\" does not exist",
  "stack": "error: database \"agents\" does not exist\n    at /Users/aliasgarfatepurwala/agent-system/node_modules/pg-pool/index.js:45:11\n    at processTicksAndRejections (node:internal/process/task_queues:104:5)\n    at Database.insert (/Users/aliasgarfatepurwala/agent-system/src/database.ts:169:22)\n    at VolumeProfileBot.saveResult (/Users/aliasgarfatepurwala/agent-system/src/base-agent.ts:209:7)\n    at VolumeProfileBot.run (/Users/aliasgarfatepurwala/agent-system/src/base-agent.ts:117:7)\n    at Orchestrator.runAgent (/Users/aliasgarfatepurwala/agent-system/src/orchestrator.ts:296:22)\n    at Job.job (/Users/aliasgarfatepurwala/agent-system/src/orchestrator.ts:328:9)"
}
[2026-09-27 10:05:01] [INFO] [Orchestrator] ✅ volume-profile-bot completed in 926ms
[2026-09-27 10:06:00] [INFO] [Orchestrator] ▶️  Running: scalping-bot
[2026-09-27 10:06:00] [INFO] [Agent] 🚀 Starting execution...
[2026-09-27 10:06:00] [INFO] [Agent] ⚡ Scalping Bot: Executing micro-trades...
[2026-09-27 10:06:00] [INFO] [Agent] 🚀 SCALP BTC @ $84514.78 | Profit: +0.05%
[2026-09-27 10:06:00] [INFO] [Agent] 🚀 SCALP ETH @ $2707.45 | Profit: +0.05%
[2026-09-27 10:06:00] [INFO] [Agent] 🚀 SCALP ADA @ $0.25 | Profit: +0.05%
[2026-09-27 10:06:00] [INFO] [Agent] ✅ Execution completed in 368ms
[2026-09-27 10:06:00] [ERROR] [Database] Insert into agent_results failed {
  "error": "database \"agents\" does not exist",
  "stack": "error: database \"agents\" does not exist\n    at /Users/aliasgarfatepurwala/agent-system/node_modules/pg-pool/index.js:45:11\n    at processTicksAndRejections (node:internal/process/task_queues:104:5)\n    at Database.insert (/Users/aliasgarfatepurwala/agent-system/src/database.ts:169:22)\n    at ScalpingBot.saveResult (/Users/aliasgarfatepurwala/agent-system/src/base-agent.ts:209:7)\n    at ScalpingBot.run (/Users/aliasgarfatepurwala/agent-system/src/base-agent.ts:117:7)\n    at Orchestrator.runAgent (/Users/aliasgarfatepurwala/agent-system/src/orchestrator.ts:296:22)\n    at Job.job (/Users/aliasgarfatepurwala/agent-system/src/orchestrator.ts:328:9)"
}
[2026-09-27 10:06:00] [ERROR] [Agent] Failed to save result to database {
  "error": "database \"agents\" does not exist",
  "stack": "error: database \"agents\" does not exist\n    at /Users/aliasgarfatepurwala/agent-system/node_modules/pg-pool/index.js:45:11\n    at processTicksAndRejections (node:internal/process/task_queues:104:5)\n    at Database.insert (/Users/aliasgarfatepurwala/agent-system/src/database.ts:169:22)\n    at ScalpingBot.saveResult (/Users/aliasgarfatepurwala/agent-system/src/base-agent.ts:209:7)\n    at ScalpingBot.run (/Users/aliasgarfatepurwala/agent-system/src/base-agent.ts:117:7)\n    at Orchestrator.runAgent (/Users/aliasgarfatepurwala/agent-system/src/orchestrator.ts:296:22)\n    at Job.job (/Users/aliasgarfatepurwala/agent-system/src/orchestrator.ts:328:9)"
}
[2026-09-27 10:06:00] [INFO] [Orchestrator] ✅ scalping-bot completed in 422ms
[2026-09-27 10:07:00] [INFO] [Orchestrator] ▶️  Running: arbitrage-bot
[2026-09-27 10:07:00] [INFO] [Agent] 🚀 Starting execution...
[2026-09-27 10:07:00] [INFO] [Agent] 🔄 Arbitrage Bot: Scanning for price discrepancies...
[2026-09-27 10:07:00] [INFO] [Agent] 💰 ARBITRAGE: Buy BTC @ $84522.13, Sell ADA @ $0.25 | Profit: 33381467.93%
[2026-09-27 10:07:00] [INFO] [Agent] 💰 ARBITRAGE: Buy BTC @ $84522.13, Sell XRP @ $1.52 | Profit: 5562762.31%
[2026-09-27 10:07:00] [INFO] [Agent] 💰 ARBITRAGE: Buy ETH @ $2707.40, Sell ADA @ $0.25 | Profit: 1069173.30%
[2026-09-27 10:07:00] [INFO] [Agent] 💰 ARBITRAGE: Buy ETH @ $2707.40, Sell XRP @ $1.52 | Profit: 178088.76%
[2026-09-27 10:07:00] [INFO] [Agent] 💰 ARBITRAGE: Buy BTC @ $84522.13, Sell SOL @ $121.28 | Profit: 69591.73%
[2026-09-27 10:07:00] [INFO] [Agent] 💰 ARBITRAGE: Buy ADA @ $0.25, Sell SOL @ $121.28 | Profit: 47798.89%
[2026-09-27 10:07:00] [INFO] [Agent] 💰 ARBITRAGE: Buy SOL @ $121.28, Sell XRP @ $1.52 | Profit: 7882.10%
[2026-09-27 10:07:00] [INFO] [Agent] 💰 ARBITRAGE: Buy BTC @ $84522.13, Sell ETH @ $2707.40 | Profit: 3021.89%
[2026-09-27 10:07:00] [INFO] [Agent] 💰 ARBITRAGE: Buy ETH @ $2707.40, Sell SOL @ $121.28 | Profit: 2132.35%
[2026-09-27 10:07:00] [INFO] [Agent] 💰 ARBITRAGE: Buy ADA @ $0.25, Sell XRP @ $1.52 | Profit: 500.08%
[2026-09-27 10:07:00] [INFO] [Agent] ✅ Arbitrage Bot: Scan completed
[2026-09-27 10:07:00] [INFO] [Agent] ✅ Execution completed in 639ms
[2026-09-27 10:07:00] [ERROR] [Database] Insert into agent_results failed {
  "error": "database \"agents\" does not exist",
  "stack": "error: database \"agents\" does not exist\n    at /Users/aliasgarfatepurwala/agent-system/node_modules/pg-pool/index.js:45:11\n    at processTicksAndRejections (node:internal/process/task_queues:104:5)\n    at Database.insert (/Users/aliasgarfatepurwala/agent-system/src/database.ts:169:22)\n    at ArbitrageBot.saveResult (/Users/aliasgarfatepurwala/agent-system/src/base-agent.ts:209:7)\n    at ArbitrageBot.run (/Users/aliasgarfatepurwala/agent-system/src/base-agent.ts:117:7)\n    at Orchestrator.runAgent (/Users/aliasgarfatepurwala/agent-system/src/orchestrator.ts:296:22)\n    at Job.job (/Users/aliasgarfatepurwala/agent-system/src/orchestrator.ts:328:9)"
}
[2026-09-27 10:07:00] [ERROR] [Agent] Failed to save result to database {
  "error": "database \"agents\" does not exist",
  "stack": "error: database \"agents\" does not exist\n    at /Users/aliasgarfatepurwala/agent-system/node_modules/pg-pool/index.js:45:11\n    at processTicksAndRejections (node:internal/process/task_queues:104:5)\n    at Database.insert (/Users/aliasgarfatepurwala/agent-system/src/database.ts:169:22)\n    at ArbitrageBot.saveResult (/Users/aliasgarfatepurwala/agent-system/src/base-agent.ts:209:7)\n    at ArbitrageBot.run (/Users/aliasgarfatepurwala/agent-system/src/base-agent.ts:117:7)\n    at Orchestrator.runAgent (/Users/aliasgarfatepurwala/agent-system/src/orchestrator.ts:296:22)\n    at Job.job (/Users/aliasgarfatepurwala/agent-system/src/orchestrator.ts:328:9)"
}
[2026-09-27 10:07:00] [INFO] [Orchestrator] ✅ arbitrage-bot completed in 697ms
